sample_id,sample_type_id,unique_id,sample_type_name,Ce,La,Nd,P,O,Pr,Sm,Y,Te,Ne,C,F,Dy,Er,Gd,Tb,Yb,Lu,Ho,Ca,Na,Mg,Al,Si,K,Fe,Ti,Cr
0,MINERAL_001,MINERAL_001_0001,Monazite,0.26621780831931535,0.1458357403916862,0.09465815193849156,0.506201806540233,0.12062477376718653,0.006283455426177705,0.0008446753153608228,0.0017042861841650749,16486.863611760782,4.203961842138769e+16,0.0,0.0,0.0,0.0,0.0,0.0,0.0,0.0,0.0,0.0,0.0,0.0,0.0,0.0,0.0,0.0,0.0,0.0
1,MINERAL_001,MINERAL_001_0002,Monazite,0.30655000144869415,0.17154744247871068,0.05672151761966332,0.5637625557881778,0.28051058133591333,0.004824867297097083,0.0013929516951597931,0.00016583531783176611,9830.468514971137,1.2011482465064626e+16,0.0,0.0,0.0,0.0,0.0,0.0,0.0,0.0,0.0,0.0,0.0,0.0,0.0,0.0,0.0,0.0,0.0,0.0
2,MINERAL_001,MINERAL_001_0003,Monazite,0.29123957592679833,0.15786012919574388,0.06199075255843373,0.5648762145932128,0.20105047448957142,0.0027857485465769493,0.0008850524213837341,0.001077133690220546,14915.460322001758,3.5019206829526564e+16,0.0,0.0,0.0,0.0,0.0,0.0,0.0,0.0,0.0,0.0,0.0,0.0,0.0,0.0,0.0,0.0,0.0,0.0
3,MINERAL_001,MINERAL_001_0004,Monazite,0.28190609389379256,0.16611425437449986,0.1121016848198414,0.5764915881797847,0.2652914932215483,0.007324155177362538,0.0004435126687852781,0.0004301269662047176,15280.580556594272,5.612090721070969e+17,0.0,0.0,0.0,0.0,0.0,0.0,0.0,0.0,0.0,0.0,0.0,0.0,0.0,0.0,0.0,0.0,0.0,0.0
4,MINERAL_001,MINERAL_001_0005,Monazite,0.2509213048309705,0.18307157514185896,0.09223717605685211,0.5871309600467194,0.16400992020612234,0.006162580552984913,0.0006031793555030041,0.0002027999055128568,13089.568055628632,1.8376959227633277e+17,0.0,0.0,0.0,0.0,0.0,0.0,0.0,0.0,0.0,0.0,0.0,0.0,0.0,0.0,0.0,0.0,0.0,0.0
5,MINERAL_001,MINERAL_001_0006,Monazite,0.25091961642353416,0.15509491973882716,0.051625399509930815,0.6171022495355042,0.2791046456992401,0.0014635524541040217,0.0023038938401636288,0.0031678727436478247,16837.330827496677,4.764475885953585e+18,0.0,0.0,0.0,0.0,0.0,0.0,0.0,0.0,0.0,0.0,0.0,0.0,0.0,0.0,0.0,0.0,0.0,0.0
6,MINERAL_001,MINERAL_001_0007,Monazite,0.24406585285177396,0.16194127422901425,0.05790006491489018,0.5619560417961434,0.1778403357468326,0.00819834466044458,0.0010316685920289627,0.0010315323039191136,19212.404177228178,2.83354872600196e+18,0.0,0.0,0.0,0.0,0.0,0.0,0.0,0.0,0.0,0.0,0.0,0.0,0.0,0.0,0.0,0.0,0.0,0.0
7,MINERAL_001,MINERAL_001_0008,Monazite,0.30063233020424546,0.17661092338807957,0.0961181202993478,0.5387547767529495,0.10216753029605968,0.007402835186308521,0.0018213493052403773,0.0025915982267348315,19106.822154881316,1.0603568714526002e+17,0.0,0.0,0.0,0.0,0.0,0.0,0.0,0.0,0.0,0.0,0.0,0.0,0.0,0.0,0.0,0.0,0.0,0.0
8,MINERAL_001,MINERAL_001_0009,Monazite,0.28207805082202464,0.15422392203339394,0.051344187701542865,0.5954223433722444,0.28107639528385275,0.008548199219627316,0.0025170863542742844,0.0008148500952440444,13410.072456849586,6.001644960741855e+16,0.0,0.0,0.0,0.0,0.0,0.0,0.0,0.0,0.0,0.0,0.0,0.0,0.0,0.0,0.0,0.0,0.0,0.0
9,MINERAL_001,MINERAL_001_0010,Monazite,0.28956508044572316,0.1477716461677237,0.061934947496389905,0.532499870151449,0.11825733535722671,0.006531475575495239,0.0034519741431468264,0.002180808711116574,9358.856550089064,1.377454380528452e+17,0.0,0.0,0.0,0.0,0.0,0.0,0.0,0.0,0.0,0.0,0.0,0.0,0.0,0.0,0.0,0.0,0.0,0.0
10,MINERAL_001,MINERAL_001_0011,Monazite,0.24144091460070616,0.15681443674883513,0.08831389767692785,0.5526765704846763,0.16386272751808298,0.0055207367634221086,0.0001965606992054947,0.0024327291516469973,19818.094387548015,5.900445829147212e+17,0.0,0.0,0.0,0.0,0.0,0.0,0.0,0.0,0.0,0.0,0.0,0.0,0.0,0.0,0.0,0.0,0.0,0.0
11,MINERAL_001,MINERAL_001_0012,Monazite,0.3078936896513396,0.15135190470829518,0.09804887344310315,0.5094147657610719,0.29001239341016094,0.0037641873266155697,0.003997051994545213,0.0019060439699451017,18066.77703735121,6.370755274604804e+16,0.0,0.0,0.0,0.0,0.0,0.0,0.0,0.0,0.0,0.0,0.0,0.0,0.0,0.0,0.0,0.0,0.0,0.0
12,MINERAL_001,MINERAL_001_0013,Monazite,0.29827098485602954,0.18401215022455936,0.09533336564617684,0.5030420892098549,0.2901214293875112,0.008394556350186119,0.0031395019474545387,0.0015090438033605069,9495.952174439202,7.454984134696223e+17,0.0,0.0,0.0,0.0,0.0,0.0,0.0,0.0,0.0,0.0,0.0,0.0,0.0,0.0,0.0,0.0,0.0,0.0
13,MINERAL_001,MINERAL_001_0014,Monazite,0.25486373774747934,0.1788451161314877,0.06625031304331806,0.615517809761351,0.21468757762465723,0.0077945750055036745,0.00040879515974435955,0.0013178909252712593,19050.102591408468,1.691355720304064e+17,0.0,0.0,0.0,0.0,0.0,0.0,0.0,0.0,0.0,0.0,0.0,0.0,0.0,0.0,0.0,0.0,0.0,0.0
14,MINERAL_001,MINERAL_001_0015,Monazite,0.252727747704497,0.17141965965169298,0.09942818705163244,0.6003176144614647,0.22636744243395984,0.00040696803095570464,0.004367893120533886,0.001116378452937585,18438.75634474554,4.530452095214935e+17,0.0,0.0,0.0,0.0,0.0,0.0,0.0,0.0,0.0,0.0,0.0,0.0,0.0,0.0,0.0,0.0,0.0,0.0
15,MINERAL_001,MINERAL_001_0016,Monazite,0.25283831568974036,0.181537075082978,0.0671329379497824,0.5835169047312437,0.18968910439566394,0.00023730277047526803,0.004604362002659066,0.0029744932615930427,14226.056685512865,2.034134133131825e+17,0.0,0.0,0.0,0.0,0.0,0.0,0.0,0.0,0.0,0.0,0.0,0.0,0.0,0.0,0.0,0.0,0.0,0.0
16,MINERAL_001,MINERAL_001_0017,Monazite,0.26129695700716765,0.17865606326821237,0.0731271794748302,0.5490743533297124,0.1586421543396129,0.003388170301902446,0.00030538979927431875,0.0026579821049207333,15095.30522893915,7.645348356750802e+16,0.0,0.0,0.0,0.0,0.0,0.0,0.0,0.0,0.0,0.0,0.0,0.0,0.0,0.0,0.0,0.0,0.0,0.0
17,MINERAL_001,MINERAL_001_0018,Monazite,0.27673295021425665,0.15242922750265653,0.10176141554802565,0.5207953184085015,0.1657329090739832,0.007294979977036495,0.0013843882407360186,0.00308808611413284,12788.032446441564,7.004222293847453e+18,0.0,0.0,0.0,0.0,0.0,0.0,0.0,0.0,0.0,0.0,0.0,0.0,0.0,0.0,0.0,0.0,0.0,0.0
18,MINERAL_001,MINERAL_001_0019,Monazite,0.2702361513049481,0.18243375743582405,0.0951750371352106,0.5187724451205303,0.23450369121540768,0.0088854851638345,0.004031006398965307,0.00039775111515374316,8657.139665864375,1.9535178436774226e+18,0.0,0.0,0.0,0.0,0.0,0.0,0.0,0.0,0.0,0.0,0.0,0.0,0.0,0.0,0.0,0.0,0.0,0.0
19,MINERAL_001,MINERAL_001_0020,Monazite,0.26038603981386294,0.16742204528141516,0.1087471919136041,0.5300291477797514,0.25047490588753596,0.0013537520199317535,0.003741298451918292,0.0023387759206516616,12022.36689975081,2.6323251144337292e+16,0.0,0.0,0.0,0.0,0.0,0.0,0.0,0.0,0.0,0.0,0.0,0.0,0.0,0.0,0.0,0.0,0.0,0.0
20,MINERAL_001,MINERAL_001_0021,Monazite,0.28282970263056656,0.17881620659447267,0.09571767667642335,0.5659071997647345,0.2583158087451697,0.005347176438169216,0.0009226050967818866,0.0030026894618273214,17634.241383176137,4.030917667716696e+18,0.0,0.0,0.0,0.0,0.0,0.0,0.0,0.0,0.0,0.0,0.0,0.0,0.0,0.0,0.0,0.0,0.0,0.0
21,MINERAL_001,MINERAL_001_0022,Monazite,0.24976457024564291,0.18258388024674846,0.08964498502681206,0.5857515107240074,0.25792362855891077,0.0034280177096791932,0.0010467466166835515,0.0005799458117301125,8055.584276055234,2.8993029320902803e+17,0.0,0.0,0.0,0.0,0.0,0.0,0.0,0.0,0.0,0.0,0.0,0.0,0.0,0.0,0.0,0.0,0.0,0.0
22,MINERAL_001,MINERAL_001_0023,Monazite,0.26045012539746526,0.1580151476863042,0.05736988421231028,0.5792236852061278,0.11824122060973807,0.008729229580331429,0.00185236051395691,0.00021278805557368798,12001.99006029373,4.826770843549207e+18,0.0,0.0,0.0,0.0,0.0,0.0,0.0,0.0,0.0,0.0,0.0,0.0,0.0,0.0,0.0,0.0,0.0,0.0
23,MINERAL_001,MINERAL_001_0024,Monazite,0.26564532903055843,0.14917720679242624,0.07600467460804147,0.5335920676335132,0.1988840609405163,0.0075790703082213775,0.002422614925955107,0.002371586077728189,12778.02432309132,2.5093761607131653e+18,0.0,0.0,0.0,0.0,0.0,0.0,0.0,0.0,0.0,0.0,0.0,0.0,0.0,0.0,0.0,0.0,0.0,0.0
24,MINERAL_001,MINERAL_001_0025,Monazite,0.2719248988951925,0.15418724440803253,0.06903376100235734,0.6145838336795832,0.11151175200332886,0.00754495834240024,0.0030912738576514796,0.001838313962175718,14448.747235255076,1.886429213765186e+17,0.0,0.0,0.0,0.0,0.0,0.0,0.0,0.0,0.0,0.0,0.0,0.0,0.0,0.0,0.0,0.0,0.0,0.0
25,MINERAL_001,MINERAL_001_0026,Monazite,0.29496231729751093,0.16265208101661588,0.06759129574977768,0.5885476300034922,0.20990577646474712,0.004218238438154732,0.001844568197848862,0.002693852085626471,19038.267396953124,1.1679060951236518e+16,0.0,0.0,0.0,0.0,0.0,0.0,0.0,0.0,0.0,0.0,0.0,0.0,0.0,0.0,0.0,0.0,0.0,0.0
26,MINERAL_001,MINERAL_001_0027,Monazite,0.25397716475108517,0.17926562755170594,0.1171647177231663,0.566522486301368,0.1883061002746754,0.0037333755210389864,0.0023126735806657393,0.0004472716052041264,12156.151932391535,6.397820897579599e+16,0.0,0.0,0.0,0.0,0.0,0.0,0.0,0.0,0.0,0.0,0.0,0.0,0.0,0.0,0.0,0.0,0.0,0.0
27,MINERAL_001,MINERAL_001_0028,Monazite,0.2759964106889528,0.1810810497883946,0.07773064527733971,0.5734064895481222,0.27754083655165995,0.0024606636473763557,0.0037373546906687826,0.0025448553979516486,12163.438422754733,4.216019821013412e+17,0.0,0.0,0.0,0.0,0.0,0.0,0.0,0.0,0.0,0.0,0.0,0.0,0.0,0.0,0.0,0.0,0.0,0.0
28,MINERAL_001,MINERAL_001_0029,Monazite,0.28146901982034295,0.1447954655475756,0.11165916575204371,0.5503520074913348,0.17018300251041574,0.000507379469858344,0.0001834160144529895,0.0006452074241527825,16850.01497731698,7.951236285054591e+17,0.0,0.0,0.0,0.0,0.0,0.0,0.0,0.0,0.0,0.0,0.0,0.0,0.0,0.0,0.0,0.0,0.0,0.0
29,MINERAL_001,MINERAL_001_0030,Monazite,0.24325152889039983,0.16620676035954654,0.09391742656781388,0.5297277187401389,0.12341340328552118,0.007782501386295478,0.0012621847217201038,0.0005236990171702545,13426.615290677686,5.938312608859327e+16,0.0,0.0,0.0,0.0,0.0,0.0,0.0,0.0,0.0,0.0,0.0,0.0,0.0,0.0,0.0,0.0,0.0,0.0
30,MINERAL_001,MINERAL_001_0031,Monazite,0.2825281396331007,0.1622399676338231,0.10504716864083209,0.5427167214381514,0.12859833641056717,0.007316109082170698,0.003566747929422762,0.0005256505533791775,10695.257875279784,2.6185943242515644e+16,0.0,0.0,0.0,0.0,0.0,0.0,0.0,0.0,0.0,0.0,0.0,0.0,0.0,0.0,0.0,0.0,0.0,0.0
31,MINERAL_001,MINERAL_001_0032,Monazite,0.2519366886581104,0.15393958194500604,0.08517932233115307,0.5909415332557243,0.25230212634349447,0.008997459059575174,0.004476034188435997,0.002606639104740423,13429.27419359232,3.1973539107557617e+18,0.0,0.0,0.0,0.0,0.0,0.0,0.0,0.0,0.0,0.0,0.0,0.0,0.0,0.0,0.0,0.0,0.0,0.0
32,MINERAL_001,MINERAL_001_0033,Monazite,0.24455361150896957,0.14959427811168152,0.09022946415459242,0.5017272186355707,0.22364361266325222,0.008969731533665148,0.002558387210578331,0.0021286311062278405,9690.284244557599,8.978556958963887e+18,0.0,0.0,0.0,0.0,0.0,0.0,0.0,0.0,0.0,0.0,0.0,0.0,0.0,0.0,0.0,0.0,0.0,0.0
33,MINERAL_001,MINERAL_001_0034,Monazite,0.3064219876077333,0.15884864478465419,0.08449120317968274,0.51392871686083,0.12022453522455806,0.0049988853504236465,0.002660567426326578,0.0016738093592611818,10116.64383807468,3.7763352883158234e+17,0.0,0.0,0.0,0.0,0.0,0.0,0.0,0.0,0.0,0.0,0.0,0.0,0.0,0.0,0.0,0.0,0.0,0.0
34,MINERAL_001,MINERAL_001_0035,Monazite,0.30759424231521915,0.18457366241628206,0.06427652317026702,0.5055203170426104,0.11682136122299949,0.006920886736624594,0.0005358600566988803,0.001148257549195208,13980.413272873757,3.273692304824668e+16,0.0,0.0,0.0,0.0,0.0,0.0,0.0,0.0,0.0,0.0,0.0,0.0,0.0,0.0,0.0,0.0,0.0,0.0
35,MINERAL_001,MINERAL_001_0036,Monazite,0.2965878143681523,0.1582361246108821,0.10012674383778236,0.5048874562782765,0.24019382629182398,0.008502891568941852,0.0022370618341172733,0.0028070417306019467,13027.105394054575,6.560274012420387e+16,0.0,0.0,0.0,0.0,0.0,0.0,0.0,0.0,0.0,0.0,0.0,0.0,0.0,0.0,0.0,0.0,0.0,0.0
36,MINERAL_001,MINERAL_001_0037,Monazite,0.26132296384213594,0.16654860142409306,0.07009252064597819,0.6026552700813208,0.11455260127283871,0.0076468265160967025,0.0026630863322751157,0.0012558243437524332,18978.1508128172,1.1354604971432872e+16,0.0,0.0,0.0,0.0,0.0,0.0,0.0,0.0,0.0,0.0,0.0,0.0,0.0,0.0,0.0,0.0,0.0,0.0
37,MINERAL_001,MINERAL_001_0038,Monazite,0.24683704798044687,0.17437830575304505,0.052653485717338855,0.5844389431256028,0.26437201185807124,0.0022261329156887787,0.0012123525181736484,0.002613118206309047,12348.726789399598,5.532181495697782e+18,0.0,0.0,0.0,0.0,0.0,0.0,0.0,0.0,0.0,0.0,0.0,0.0,0.0,0.0,0.0,0.0,0.0,0.0
38,MINERAL_001,MINERAL_001_0039,Monazite,0.28789631185585096,0.15995425810112,0.09489211612168741,0.5569008594904791,0.24124844543129922,0.004054897217790841,0.0013462161547469049,0.001405231707424699,14967.060203336521,2.2555541023663436e+16,0.0,0.0,0.0,0.0,0.0,0.0,0.0,0.0,0.0,0.0,0.0,0.0,0.0,0.0,0.0,0.0,0.0,0.0
39,MINERAL_001,MINERAL_001_0040,Monazite,0.2708106745617721,0.18580073851564083,0.06304352619967933,0.5117400992781201,0.11626975612837996,0.0011624347363634548,0.0018864208155231132,0.0012062221741597043,15587.171455034364,5.364749235444046e+17,0.0,0.0,0.0,0.0,0.0,0.0,0.0,0.0,0.0,0.0,0.0,0.0,0.0,0.0,0.0,0.0,0.0,0.0
40,MINERAL_001,MINERAL_001_0041,Monazite,0.24854267643913452,0.18540401003503973,0.11495118373599816,0.5589939050140199,0.11696754281703839,0.0085864592453285,0.00010035598888863184,0.0014805753141427407,8157.133479060004,6.639963041506417e+16,0.0,0.0,0.0,0.0,0.0,0.0,0.0,0.0,0.0,0.0,0.0,0.0,0.0,0.0,0.0,0.0,0.0,0.0
41,MINERAL_001,MINERAL_001_0042,Monazite,0.2746623837077889,0.15520074757257796,0.11586714323617595,0.5568166124936679,0.2973279157002351,0.00545557171005792,0.0016103958279158914,0.0009644091973252547,15962.448464200526,4.5976298898708525e+17,0.0,0.0,0.0,0.0,0.0,0.0,0.0,0.0,0.0,0.0,0.0,0.0,0.0,0.0,0.0,0.0,0.0,0.0
42,MINERAL_001,MINERAL_001_0043,Monazite,0.24240719647806527,0.16563306150042637,0.11321077853499051,0.5207842243892018,0.17485415915122407,0.0020577852495311643,0.0010572400349827232,0.0023923500165640038,10136.431602437016,9.000386613598895e+17,0.0,0.0,0.0,0.0,0.0,0.0,0.0,0.0,0.0,0.0,0.0,0.0,0.0,0.0,0.0,0.0,0.0,0.0
43,MINERAL_001,MINERAL_001_0044,Monazite,0.30365242814551474,0.1572873281672127,0.07617079161737023,0.5520621979085567,0.1741284294133782,0.00604530615965271,0.0016374867608895732,0.0016087052482959333,19532.84380963346,3.0847886273764204e+18,0.0,0.0,0.0,0.0,0.0,0.0,0.0,0.0,0.0,0.0,0.0,0.0,0.0,0.0,0.0,0.0,0.0,0.0
44,MINERAL_001,MINERAL_001_0045,Monazite,0.25811459871200115,0.15660572101104236,0.052051049923962985,0.5478205681276848,0.26255991345150054,0.005563154164121062,0.0005988106590962561,0.0007430806244698154,9783.952733037355,4.1616333511388584e+16,0.0,0.0,0.0,0.0,0.0,0.0,0.0,0.0,0.0,0.0,0.0,0.0,0.0,0.0,0.0,0.0,0.0,0.0
45,MINERAL_001,MINERAL_001_0046,Monazite,0.2863765599047787,0.14606769526256763,0.11412566225596532,0.573902011766266,0.28944971547677173,0.0032234644622955643,0.004452636403699475,0.002878638634478619,12975.489484724285,1.0789156332526054e+16,0.0,0.0,0.0,0.0,0.0,0.0,0.0,0.0,0.0,0.0,0.0,0.0,0.0,0.0,0.0,0.0,0.0,0.0
46,MINERAL_001,MINERAL_001_0047,Monazite,0.2618197753262588,0.1704064841941456,0.08011652208557737,0.5762112381041172,0.2972002127645742,0.001022018329796661,0.0029679622677702432,0.0012284519083942767,9024.196016943726,2.5742865653439936e+16,0.0,0.0,0.0,0.0,0.0,0.0,0.0,0.0,0.0,0.0,0.0,0.0,0.0,0.0,0.0,0.0,0.0,0.0
47,MINERAL_001,MINERAL_001_0048,Monazite,0.27640476148244675,0.16586385848722662,0.11673252769496953,0.5054364811726454,0.2506756370517883,0.006044158760335196,0.003395511595722448,0.0017393691555647635,19962.49102215137,5.012517773292875e+18,0.0,0.0,0.0,0.0,0.0,0.0,0.0,0.0,0.0,0.0,0.0,0.0,0.0,0.0,0.0,0.0,0.0,0.0
48,MINERAL_001,MINERAL_001_0049,Monazite,0.27826971955402957,0.14668784692812453,0.1165261584420692,0.5449535137551765,0.17525191710618315,0.0046827693081341396,0.003945856193036692,0.0029007107550865505,14026.340123974911,4.184756886195459e+18,0.0,0.0,0.0,0.0,0.0,0.0,0.0,0.0,0.0,0.0,0.0,0.0,0.0,0.0,0.0,0.0,0.0,0.0
49,MINERAL_001,MINERAL_001_0050,Monazite,0.2529398118867869,0.15634247473005597,0.10900464297178049,0.5751031898857084,0.11670014333973376,0.006950865525620753,0.0024922109946452866,0.001997561586924775,15144.620207840526,6.197824957876745e+17,0.0,0.0,0.0,0.0,0.0,0.0,0.0,0.0,0.0,0.0,0.0,0.0,0.0,0.0,0.0,0.0,0.0,0.0
50,MINERAL_001,MINERAL_001_0051,Monazite,0.3078709239435191,0.18310130015358278,0.07102252466073182,0.5603763510296105,0.25542938318548736,0.00468147151000794,0.0004346014404371185,0.000374073730266765,8804.91772866113,6.332141064382646e+17,0.0,0.0,0.0,0.0,0.0,0.0,0.0,0.0,0.0,0.0,0.0,0.0,0.0,0.0,0.0,0.0,0.0,0.0
51,MINERAL_001,MINERAL_001_0052,Monazite,0.294259297635278,0.15468138035334633,0.07718664554493092,0.6027787809425986,0.21168084994716102,0.0076696335028668605,0.002685532709092739,0.0030074627955631204,16999.525644790134,9.888035652278999e+17,0.0,0.0,0.0,0.0,0.0,0.0,0.0,0.0,0.0,0.0,0.0,0.0,0.0,0.0,0.0,0.0,0.0,0.0
52,MINERAL_001,MINERAL_001_0053,Monazite,0.3057649259094932,0.15065803206387698,0.10887729366314627,0.5790432357942734,0.18484440184939527,0.0049671615489703695,0.0029342055901043955,0.002008665769828537,10518.867117147029,3.3582562823915916e+16,0.0,0.0,0.0,0.0,0.0,0.0,0.0,0.0,0.0,0.0,0.0,0.0,0.0,0.0,0.0,0.0,0.0,0.0
53,MINERAL_001,MINERAL_001_0054,Monazite,0.3026379145299354,0.16530174231179642,0.07255069635062689,0.5195521312497715,0.28127087701894715,0.005048441743818476,0.00372719737092165,0.0010716979669026757,18776.651473288563,5.536506801502254e+18,0.0,0.0,0.0,0.0,0.0,0.0,0.0,0.0,0.0,0.0,0.0,0.0,0.0,0.0,0.0,0.0,0.0,0.0
54,MINERAL_001,MINERAL_001_0055,Monazite,0.281852998516776,0.18639014429970052,0.0625255067746543,0.5084682496880516,0.12223949646123028,0.007889882423925104,0.002158297731148397,0.00044567063252283923,10461.675685784086,1.8043117389568406e+17,0.0,0.0,0.0,0.0,0.0,0.0,0.0,0.0,0.0,0.0,0.0,0.0,0.0,0.0,0.0,0.0,0.0,0.0
55,MINERAL_001,MINERAL_001_0056,Monazite,0.3045311964516182,0.15478734903923877,0.08886248584716781,0.5770903133847579,0.1985250208581718,0.003631345795911573,0.0006379015139778188,0.002540880605664947,10288.252647963998,1.4106380194421454e+17,0.0,0.0,0.0,0.0,0.0,0.0,0.0,0.0,0.0,0.0,0.0,0.0,0.0,0.0,0.0,0.0,0.0,0.0
56,MINERAL_001,MINERAL_001_0057,Monazite,0.24619447514363435,0.17306576076474983,0.11465852464293311,0.5031813572649946,0.10227072895348382,0.0012061370560557665,0.0014188795289936224,0.0019842328189712435,8438.59601417714,3.6037372249461824e+17,0.0,0.0,0.0,0.0,0.0,0.0,0.0,0.0,0.0,0.0,0.0,0.0,0.0,0.0,0.0,0.0,0.0,0.0
57,MINERAL_001,MINERAL_001_0058,Monazite,0.25371880036934014,0.1768688336514705,0.09833002617389816,0.5702930697528156,0.19373212839882525,0.0002590440868200507,0.0018154114819931755,0.0017070754943242289,13664.803341319992,1.3832411501702096e+16,0.0,0.0,0.0,0.0,0.0,0.0,0.0,0.0,0.0,0.0,0.0,0.0,0.0,0.0,0.0,0.0,0.0,0.0
58,MINERAL_001,MINERAL_001_0059,Monazite,0.24316591022373765,0.15459959561967698,0.08976415956607682,0.6128276289709949,0.11126065513636747,0.00679623530106257,0.0032295862066580062,0.0028604562657630647,14778.093599151398,3.1539158832822004e+16,0.0,0.0,0.0,0.0,0.0,0.0,0.0,0.0,0.0,0.0,0.0,0.0,0.0,0.0,0.0,0.0,0.0,0.0
59,MINERAL_001,MINERAL_001_0060,Monazite,0.2627731231534285,0.17544919481600402,0.05760800157641226,0.5690569013451054,0.12376358325361439,0.005582785962181182,0.0028538915233445594,0.0025235110759184985,8788.503673140229,1.6371966573507377e+18,0.0,0.0,0.0,0.0,0.0,0.0,0.0,0.0,0.0,0.0,0.0,0.0,0.0,0.0,0.0,0.0,0.0,0.0
60,MINERAL_001,MINERAL_001_0061,Monazite,0.2672074102782637,0.16013078314056825,0.09282049141554355,0.5465803911447826,0.12350524935542098,0.006336717912893012,0.0017804836294892312,0.0004853596151448038,17306.331400340125,1.7717237370912826e+16,0.0,0.0,0.0,0.0,0.0,0.0,0.0,0.0,0.0,0.0,0.0,0.0,0.0,0.0,0.0,0.0,0.0,0.0
61,MINERAL_001,MINERAL_001_0062,Monazite,0.25899443222417273,0.17137299780022713,0.11832366180708989,0.5771945862130824,0.2298420604232127,0.0019166774535801965,0.004932576243964899,0.0009975106169457543,13439.46601697633,6.448464724088607e+17,0.0,0.0,0.0,0.0,0.0,0.0,0.0,0.0,0.0,0.0,0.0,0.0,0.0,0.0,0.0,0.0,0.0,0.0
62,MINERAL_001,MINERAL_001_0063,Monazite,0.29801162564063505,0.171425012707338,0.06052571303608363,0.554990346858982,0.24920897585308466,0.0012273432802809277,0.003028874096784436,0.0007951652474062905,14292.683231930961,5.445619955127949e+16,0.0,0.0,0.0,0.0,0.0,0.0,0.0,0.0,0.0,0.0,0.0,0.0,0.0,0.0,0.0,0.0,0.0,0.0
63,MINERAL_001,MINERAL_001_0064,Monazite,0.2649727328685512,0.16727042407317722,0.0862464163607341,0.5654740147179121,0.21667375301943193,0.00013090199101093735,0.0011861339586799725,0.0023806281362325665,13289.152963258737,1.4719289330879686e+17,0.0,0.0,0.0,0.0,0.0,0.0,0.0,0.0,0.0,0.0,0.0,0.0,0.0,0.0,0.0,0.0,0.0,0.0
64,MINERAL_001,MINERAL_001_0065,Monazite,0.25966541567811663,0.14833731522731233,0.11066136889110098,0.612975777053183,0.29243450969490836,0.0031552880292593727,0.0005089123631020188,0.00010730379115449402,12809.156730503912,7.346512304317998e+16,0.0,0.0,0.0,0.0,0.0,0.0,0.0,0.0,0.0,0.0,0.0,0.0,0.0,0.0,0.0,0.0,0.0,0.0
65,MINERAL_001,MINERAL_001_0066,Monazite,0.27798872582107736,0.1800003560625426,0.10137226600728591,0.5463323165360929,0.17497411590474082,0.0053092591816916975,0.0007642956959216602,0.001823646991588213,14715.683975698616,1.1668583796675286e+17,0.0,0.0,0.0,0.0,0.0,0.0,0.0,0.0,0.0,0.0,0.0,0.0,0.0,0.0,0.0,0.0,0.0,0.0
66,MINERAL_001,MINERAL_001_0067,Monazite,0.2498646957482334,0.15813315276129877,0.09839707038767823,0.6153428676588697,0.15714241725637215,0.0035301964058975905,0.0012297886419225406,0.00243986779437021,9862.88295116855,1.435944701785825e+18,0.0,0.0,0.0,0.0,0.0,0.0,0.0,0.0,0.0,0.0,0.0,0.0,0.0,0.0,0.0,0.0,0.0,0.0
67,MINERAL_001,MINERAL_001_0068,Monazite,0.29615378865278275,0.15242703669199378,0.09876891771112342,0.6086420770347276,0.27371982563789204,0.003937274298213562,0.0008034068662977784,0.0028056500376375986,10183.137565943252,7.786909850433478e+16,0.0,0.0,0.0,0.0,0.0,0.0,0.0,0.0,0.0,0.0,0.0,0.0,0.0,0.0,0.0,0.0,0.0,0.0
68,MINERAL_001,MINERAL_001_0069,Monazite,0.24521854505758395,0.14623294351607746,0.07544539828294335,0.5234949361747155,0.14471916770389054,0.008137428250443736,0.0009328351202565288,0.001094661595890904,18341.427452162206,5.002808981856137e+17,0.0,0.0,0.0,0.0,0.0,0.0,0.0,0.0,0.0,0.0,0.0,0.0,0.0,0.0,0.0,0.0,0.0,0.0
69,MINERAL_001,MINERAL_001_0070,Monazite,0.3090820855620362,0.16961295008550026,0.07096424540998555,0.5083233561050199,0.29264450788812224,0.003134299203209703,0.0014254758434692355,0.002628023374950441,19353.385545603593,2.6801012826931712e+17,0.0,0.0,0.0,0.0,0.0,0.0,0.0,0.0,0.0,0.0,0.0,0.0,0.0,0.0,0.0,0.0,0.0,0.0
70,MINERAL_001,MINERAL_001_0071,Monazite,0.29405713385076604,0.173296485378297,0.10603655857253894,0.5120933601652912,0.10243089493796327,0.004625905402438297,0.0008668679764737741,0.00035402155825666316,12479.711795357034,9.795204244055949e+17,0.0,0.0,0.0,0.0,0.0,0.0,0.0,0.0,0.0,0.0,0.0,0.0,0.0,0.0,0.0,0.0,0.0,0.0
71,MINERAL_001,MINERAL_001_0072,Monazite,0.25391009770739204,0.14520498272943388,0.1060877108381843,0.502186619078186,0.2939757653415278,0.007052877114670287,0.004483827123132126,0.0027086473335504583,11248.936077722645,6.463819463784407e+18,0.0,0.0,0.0,0.0,0.0,0.0,0.0,0.0,0.0,0.0,0.0,0.0,0.0,0.0,0.0,0.0,0.0,0.0
72,MINERAL_001,MINERAL_001_0073,Monazite,0.24038654819865216,0.16626395497771942,0.10996091766344705,0.5113331552907114,0.10863198239011523,0.0035688850408914312,0.000401168728308211,0.00040796371946234377,15727.994518868189,1.5765810117132114e+18,0.0,0.0,0.0,0.0,0.0,0.0,0.0,0.0,0.0,0.0,0.0,0.0,0.0,0.0,0.0,0.0,0.0,0.0
73,MINERAL_001,MINERAL_001_0074,Monazite,0.2970822999918384,0.15412607044591237,0.11310035757384004,0.5819608128099628,0.27822862273961424,0.005598780302050861,0.0026225569478512734,0.0012713193297931753,12904.810053177156,4.413886239630152e+16,0.0,0.0,0.0,0.0,0.0,0.0,0.0,0.0,0.0,0.0,0.0,0.0,0.0,0.0,0.0,0.0,0.0,0.0
74,MINERAL_001,MINERAL_001_0075,Monazite,0.2894800140693332,0.17191984359240162,0.08577128312254377,0.5085426378152275,0.20554022181725995,0.007761273378720706,0.0020519841349483075,0.0025513451704945716,8304.63626792414,1.240364720537155e+16,0.0,0.0,0.0,0.0,0.0,0.0,0.0,0.0,0.0,0.0,0.0,0.0,0.0,0.0,0.0,0.0,0.0,0.0
75,MINERAL_001,MINERAL_001_0076,Monazite,0.2910305017628691,0.15191057323271212,0.08510310803872957,0.5382770756352514,0.2985929592238601,0.008545685612918779,0.004911893084543032,0.0004797357675160761,9873.831168394285,6.120573715537145e+16,0.0,0.0,0.0,0.0,0.0,0.0,0.0,0.0,0.0,0.0,0.0,0.0,0.0,0.0,0.0,0.0,0.0,0.0
76,MINERAL_001,MINERAL_001_0077,Monazite,0.2939889242680162,0.1738648538693548,0.10528407216974071,0.6013850373163345,0.11475931294707978,0.0013236613283613412,0.0005601945108402618,0.0007336044647444528,16591.66674616877,6.098651152617823e+17,0.0,0.0,0.0,0.0,0.0,0.0,0.0,0.0,0.0,0.0,0.0,0.0,0.0,0.0,0.0,0.0,0.0,0.0
77,MINERAL_001,MINERAL_001_0078,Monazite,0.2451831256213863,0.16093625221777283,0.09519754729288804,0.5027926322882991,0.21077085688026415,0.008339288626453448,0.0019892779952287083,0.0023112082188578124,15907.087302921816,1.4265186058187084e+16,0.0,0.0,0.0,0.0,0.0,0.0,0.0,0.0,0.0,0.0,0.0,0.0,0.0,0.0,0.0,0.0,0.0,0.0
78,MINERAL_001,MINERAL_001_0079,Monazite,0.26509260099809906,0.1843110245213112,0.09873374765352383,0.5977362179106723,0.2938605071238198,0.0044290466377158435,0.004847352166376845,0.0023041169169474383,8325.151910041803,3.083889026470244e+17,0.0,0.0,0.0,0.0,0.0,0.0,0.0,0.0,0.0,0.0,0.0,0.0,0.0,0.0,0.0,0.0,0.0,0.0
79,MINERAL_001,MINERAL_001_0080,Monazite,0.24811083416675908,0.15034464012620471,0.10511390152165487,0.533822572972808,0.20461956883402976,0.002324199494690625,0.004327535629469901,0.0020516724252329513,10663.665943195392,6.173458695155274e+17,0.0,0.0,0.0,0.0,0.0,0.0,0.0,0.0,0.0,0.0,0.0,0.0,0.0,0.0,0.0,0.0,0.0,0.0
80,MINERAL_001,MINERAL_001_0081,Monazite,0.30041723981129154,0.15899531991963597,0.11152036324359452,0.5141797793145988,0.2258797276270525,0.004132221806144351,0.0040853603547463995,0.00222063502229472,10772.897559056857,1.0063097312771792e+17,0.0,0.0,0.0,0.0,0.0,0.0,0.0,0.0,0.0,0.0,0.0,0.0,0.0,0.0,0.0,0.0,0.0,0.0
81,MINERAL_001,MINERAL_001_0082,Monazite,0.28363086887792904,0.14932262465272503,0.07398367066590443,0.5836084598436981,0.23914973779692342,0.008820293177569292,0.0012895141352246991,0.0017367182187123078,16062.712923184741,2.0546441276704182e+18,0.0,0.0,0.0,0.0,0.0,0.0,0.0,0.0,0.0,0.0,0.0,0.0,0.0,0.0,0.0,0.0,0.0,0.0
82,MINERAL_001,MINERAL_001_0083,Monazite,0.26316286173968545,0.18379947877683891,0.0765396407795162,0.5754731416135861,0.19090821295355465,0.004433562845935826,0.0008544379369503292,0.0008057569885022488,8236.52645305237,2.0883089963207436e+16,0.0,0.0,0.0,0.0,0.0,0.0,0.0,0.0,0.0,0.0,0.0,0.0,0.0,0.0,0.0,0.0,0.0,0.0
83,MINERAL_001,MINERAL_001_0084,Monazite,0.24444908452002165,0.1817869225186917,0.057390771909179086,0.6052966416232464,0.2255116160168127,0.0029587644925875736,0.003343216099622155,0.0011062271792125424,9249.302983814887,1.680402601468655e+16,0.0,0.0,0.0,0.0,0.0,0.0,0.0,0.0,0.0,0.0,0.0,0.0,0.0,0.0,0.0,0.0,0.0,0.0
84,MINERAL_001,MINERAL_001_0085,Monazite,0.26176876252009634,0.1554625191778941,0.09032304958773983,0.5882085252564663,0.21686286238462005,0.005700607688850531,0.004646879945637929,0.0005811126937645621,17598.993024478274,1.5295591226864407e+18,0.0,0.0,0.0,0.0,0.0,0.0,0.0,0.0,0.0,0.0,0.0,0.0,0.0,0.0,0.0,0.0,0.0,0.0
85,MINERAL_001,MINERAL_001_0086,Monazite,0.26276283254187227,0.17254932195645262,0.05344407461817846,0.5964177116461818,0.28023160209819775,0.0021613105690037374,0.002783814465069649,0.002907041796267611,10142.535944652003,3.065306799880853e+17,0.0,0.0,0.0,0.0,0.0,0.0,0.0,0.0,0.0,0.0,0.0,0.0,0.0,0.0,0.0,0.0,0.0,0.0
86,MINERAL_001,MINERAL_001_0087,Monazite,0.2910724324836645,0.17923194350855168,0.08266066523300729,0.5338441487085568,0.10908927606829158,0.0006827699529779752,0.002858063447349499,0.0018668537432515856,15832.953294222496,1.162002839431616e+18,0.0,0.0,0.0,0.0,0.0,0.0,0.0,0.0,0.0,0.0,0.0,0.0,0.0,0.0,0.0,0.0,0.0,0.0
87,MINERAL_001,MINERAL_001_0088,Monazite,0.2846290229948649,0.16809603449297714,0.08789983516011521,0.5212927452535667,0.15619263791844606,0.001159917497195843,0.0013998954683014208,0.0012827245336436478,10858.193372560718,2.01596048776016e+17,0.0,0.0,0.0,0.0,0.0,0.0,0.0,0.0,0.0,0.0,0.0,0.0,0.0,0.0,0.0,0.0,0.0,0.0
88,MINERAL_001,MINERAL_001_0089,Monazite,0.30210489198034285,0.16701014958013027,0.07048480514472334,0.590073770196903,0.2900822968153117,0.0011524125506199518,0.0038474646659596846,0.0014784185716612247,9193.296713112142,5.48537218157153e+16,0.0,0.0,0.0,0.0,0.0,0.0,0.0,0.0,0.0,0.0,0.0,0.0,0.0,0.0,0.0,0.0,0.0,0.0
89,MINERAL_001,MINERAL_001_0090,Monazite,0.27305504476133646,0.1547787223632692,0.09117666171869274,0.5968201687120717,0.27805275677818325,0.001367124241610649,0.0009352187427876168,0.003031306686757809,10918.06629199345,2.8662030447960576e+18,0.0,0.0,0.0,0.0,0.0,0.0,0.0,0.0,0.0,0.0,0.0,0.0,0.0,0.0,0.0,0.0,0.0,0.0
90,MINERAL_001,MINERAL_001_0091,Monazite,0.2483715972156811,0.1484568676317507,0.05307401699585536,0.6188606170400808,0.1911313505571426,0.0012494445538446912,0.0016183961820212184,0.0004907244899714566,16667.20318226791,2.5017714778000507e+18,0.0,0.0,0.0,0.0,0.0,0.0,0.0,0.0,0.0,0.0,0.0,0.0,0.0,0.0,0.0,0.0,0.0,0.0
91,MINERAL_001,MINERAL_001_0092,Monazite,0.28992713510560963,0.1826316697130164,0.05353967683494658,0.5495141212293712,0.22402651956030734,0.005767872703228931,0.0021271821930820838,0.0018759354624537513,18268.35761727543,1.2136386887218583e+18,0.0,0.0,0.0,0.0,0.0,0.0,0.0,0.0,0.0,0.0,0.0,0.0,0.0,0.0,0.0,0.0,0.0,0.0
92,MINERAL_001,MINERAL_001_0093,Monazite,0.2932549534031828,0.18276776742944154,0.10693683812485677,0.544642170295134,0.15547623659622653,0.0016369207595923034,0.0025380518934222753,0.0016188437724302912,17962.6383748039,6.55292823385198e+16,0.0,0.0,0.0,0.0,0.0,0.0,0.0,0.0,0.0,0.0,0.0,0.0,0.0,0.0,0.0,0.0,0.0,0.0
93,MINERAL_001,MINERAL_001_0094,Monazite,0.2792894038298647,0.1714068119341139,0.07549296361596587,0.5931695552890396,0.13762423194475226,0.0031110055499147687,0.0012120486620754013,0.001956653553390873,12766.202355421457,5.89782661016596e+17,0.0,0.0,0.0,0.0,0.0,0.0,0.0,0.0,0.0,0.0,0.0,0.0,0.0,0.0,0.0,0.0,0.0,0.0
94,MINERAL_001,MINERAL_001_0095,Monazite,0.29396770259681926,0.15890876611956978,0.059640114860328164,0.5408964248303622,0.19273968098799643,0.008071095689154106,0.0005741841236960177,5.795258822668963e-05,16017.021638847753,1.2103798659818901e+17,0.0,0.0,0.0,0.0,0.0,0.0,0.0,0.0,0.0,0.0,0.0,0.0,0.0,0.0,0.0,0.0,0.0,0.0
95,MINERAL_001,MINERAL_001_0096,Monazite,0.2745656917455073,0.15934140692103807,0.0865125416837267,0.6116908790724278,0.17067044560521055,0.004265654762365851,0.003053100212208163,0.0027907965086212847,10459.811544989852,1.882548700510128e+16,0.0,0.0,0.0,0.0,0.0,0.0,0.0,0.0,0.0,0.0,0.0,0.0,0.0,0.0,0.0,0.0,0.0,0.0
96,MINERAL_001,MINERAL_001_0097,Monazite,0.2765912980567396,0.17535311635198517,0.10335956161070553,0.6030095302211614,0.2167312223701744,0.0060080196466892445,0.001443152766201279,0.0029827785039475596,11517.77276313216,5.648598760414223e+18,0.0,0.0,0.0,0.0,0.0,0.0,0.0,0.0,0.0,0.0,0.0,0.0,0.0,0.0,0.0,0.0,0.0,0.0
97,MINERAL_001,MINERAL_001_0098,Monazite,0.2699278712850985,0.18262718604798453,0.06567582986978533,0.5514792832850022,0.11554692739299698,0.0015508788408146684,0.0029061911071130613,0.0018084261874854687,18756.029822253437,2.5730954258330656e+16,0.0,0.0,0.0,0.0,0.0,0.0,0.0,0.0,0.0,0.0,0.0,0.0,0.0,0.0,0.0,0.0,0.0,0.0
98,MINERAL_001,MINERAL_001_0099,Monazite,0.24177933887208666,0.18220117303126748,0.09335655235569201,0.5901045281349797,0.2948789615332333,0.001730601169278037,0.0007718135763710116,0.0022292826364060554,8156.023082128832,7.091074717067308e+18,0.0,0.0,0.0,0.0,0.0,0.0,0.0,0.0,0.0,0.0,0.0,0.0,0.0,0.0,0.0,0.0,0.0,0.0
99,MINERAL_001,MINERAL_001_0100,Monazite,0.24755239988953132,0.17764471069894902,0.05680362761957622,0.5905451448901619,0.2972421488959206,0.00036781754639830973,0.0024057005092740875,0.002951998019767346,9026.102370253617,2.1777966171887706e+17,0.0,0.0,0.0,0.0,0.0,0.0,0.0,0.0,0.0,0.0,0.0,0.0,0.0,0.0,0.0,0.0,0.0,0.0
100,MINERAL_002,MINERAL_002_0001,Bastnaesite,0.41575272831948895,0.28310057532634464,0.11075141955069531,0.0,0.1553589474104581,0.041668588678956446,0.0007377056035904912,0.0,13003.725381116688,3.0891396987744504e+16,0.2989303443685458,0.21640315877838712,0.0,0.0,0.0,0.0,0.0,0.0,0.0,0.0,0.0,0.0,0.0,0.0,0.0,0.0,0.0,0.0
101,MINERAL_002,MINERAL_002_0002,Bastnaesite,0.4404533269639741,0.2947032898320719,0.11195991612718065,0.0,0.13508994014535083,0.03563937845969584,5.79191057540398e-05,0.0,15475.521896198072,1.8698208852373353e+18,0.2919077087055995,0.2842672128929029,0.0,0.0,0.0,0.0,0.0,0.0,0.0,0.0,0.0,0.0,0.0,0.0,0.0,0.0,0.0,0.0
102,MINERAL_002,MINERAL_002_0003,Bastnaesite,0.4166695482092994,0.28134113207307243,0.11259041264947799,0.0,0.15285240711799342,0.040374323206211996,0.0008479725113291051,0.0,18906.611676684734,3.8481684514700247e+18,0.2850485690053332,0.2778103829406367,0.0,0.0,0.0,0.0,0.0,0.0,0.0,0.0,0.0,0.0,0.0,0.0,0.0,0.0,0.0,0.0
103,MINERAL_002,MINERAL_002_0004,Bastnaesite,0.4220294809982674,0.28934882407927454,0.10321134958021329,0.0,0.13284006929261072,0.04128199908634361,0.0002616032020493844,0.0,16508.269562502755,6.867963600275306e+16,0.24936927425283942,0.25628000156635283,0.0,0.0,0.0,0.0,0.0,0.0,0.0,0.0,0.0,0.0,0.0,0.0,0.0,0.0,0.0,0.0
104,MINERAL_002,MINERAL_002_0005,Bastnaesite,0.42635695279055696,0.30256119059098074,0.11635998955769809,0.0,0.10766090274119518,0.04052448856276897,0.00044504357892879645,0.0,13043.81279417644,1.832313396583775e+16,0.24686165581275846,0.29128311394611506,0.0,0.0,0.0,0.0,0.0,0.0,0.0,0.0,0.0,0.0,0.0,0.0,0.0,0.0,0.0,0.0
105,MINERAL_002,MINERAL_002_0006,Bastnaesite,0.4529568745474299,0.30146497259584193,0.10997676455993222,0.0,0.18947240789124342,0.03553202548776338,0.0004884931583683366,0.0,18506.232490581308,2.118182061986985e+17,0.25589528061006034,0.2915768391821687,0.0,0.0,0.0,0.0,0.0,0.0,0.0,0.0,0.0,0.0,0.0,0.0,0.0,0.0,0.0,0.0
106,MINERAL_002,MINERAL_002_0007,Bastnaesite,0.4433045106549013,0.3082466273127495,0.1015893901001791,0.0,0.1983575069453488,0.03669638295660827,0.00019139753558340678,0.0,17487.311838513324,2.596368884130541e+18,0.2106902204880468,0.2852265929149446,0.0,0.0,0.0,0.0,0.0,0.0,0.0,0.0,0.0,0.0,0.0,0.0,0.0,0.0,0.0,0.0
107,MINERAL_002,MINERAL_002_0008,Bastnaesite,0.4370581106141702,0.3033068610012631,0.11057238235584052,0.0,0.14259948175048257,0.042032677911926566,3.788674784835788e-05,0.0,18590.855260830704,3.141480377110937e+17,0.2898737091361655,0.21605638414629838,0.0,0.0,0.0,0.0,0.0,0.0,0.0,0.0,0.0,0.0,0.0,0.0,0.0,0.0,0.0,0.0
108,MINERAL_002,MINERAL_002_0009,Bastnaesite,0.411450691221218,0.28645685544961563,0.10226105562748025,0.0,0.17052203515586356,0.03671987615119992,0.00044447797835684934,0.0,17337.430106028565,3.9395150278346363e+18,0.26151472074885723,0.23287612101228927,0.0,0.0,0.0,0.0,0.0,0.0,0.0,0.0,0.0,0.0,0.0,0.0,0.0,0.0,0.0,0.0
109,MINERAL_002,MINERAL_002_0010,Bastnaesite,0.44668741481401414,0.3071491354189975,0.11472795570224496,0.0,0.14214131202211522,0.04173999491569098,0.0002295266726459474,0.0,17747.656563293574,5.23534370801937e+18,0.299204581440914,0.2488933934051101,0.0,0.0,0.0,0.0,0.0,0.0,0.0,0.0,0.0,0.0,0.0,0.0,0.0,0.0,0.0,0.0
110,MINERAL_002,MINERAL_002_0011,Bastnaesite,0.4297475009215503,0.29656792441034213,0.10830075535470488,0.0,0.17632993604728556,0.040510273628270435,0.00099000304926068,0.0,19242.138029208756,3.918184915185752e+17,0.2692576397485425,0.23949218449021095,0.0,0.0,0.0,0.0,0.0,0.0,0.0,0.0,0.0,0.0,0.0,0.0,0.0,0.0,0.0,0.0
111,MINERAL_002,MINERAL_002_0012,Bastnaesite,0.45010235593143333,0.30534693662730567,0.10645873112870781,0.0,0.17975581977581798,0.042065845638260595,8.501316933151216e-05,0.0,10724.002483873595,1.0646364711215996e+16,0.23547348517966124,0.21006770207377662,0.0,0.0,0.0,0.0,0.0,0.0,0.0,0.0,0.0,0.0,0.0,0.0,0.0,0.0,0.0,0.0
112,MINERAL_002,MINERAL_002_0013,Bastnaesite,0.42272105629299395,0.30767468451319124,0.10284574982884898,0.0,0.13079791985926567,0.03744736893408563,0.0006969553687831362,0.0,13937.672189054523,1.91559109660182e+18,0.21734633597648234,0.28479900155714405,0.0,0.0,0.0,0.0,0.0,0.0,0.0,0.0,0.0,0.0,0.0,0.0,0.0,0.0,0.0,0.0
113,MINERAL_002,MINERAL_002_0014,Bastnaesite,0.41284424683255755,0.30486883836817424,0.11742580460713832,0.0,0.10434236544172737,0.03843682829851418,0.0008217459425702043,0.0,13346.00388421219,1.060362457251662e+18,0.20461680577085709,0.22912660680024746,0.0,0.0,0.0,0.0,0.0,0.0,0.0,0.0,0.0,0.0,0.0,0.0,0.0,0.0,0.0,0.0
114,MINERAL_002,MINERAL_002_0015,Bastnaesite,0.45333243204496004,0.2918259399387918,0.1011382369208785,0.0,0.19953562985931153,0.034273287543186884,0.00053588884875149,0.0,11041.500223113379,3.4954137012311356e+16,0.23267897050247824,0.23173224511187748,0.0,0.0,0.0,0.0,0.0,0.0,0.0,0.0,0.0,0.0,0.0,0.0,0.0,0.0,0.0,0.0
115,MINERAL_002,MINERAL_002_0016,Bastnaesite,0.42105144979421855,0.2979456440974638,0.11262733638555526,0.0,0.1703782421557189,0.03526294618523359,0.0003600639840721426,0.0,14482.92359232951,3.2919142893025413e+18,0.23557944263124925,0.27768396536334217,0.0,0.0,0.0,0.0,0.0,0.0,0.0,0.0,0.0,0.0,0.0,0.0,0.0,0.0,0.0,0.0
116,MINERAL_002,MINERAL_002_0017,Bastnaesite,0.430249472402363,0.292980942386908,0.11376298610515484,0.0,0.17223856311440885,0.038917397820168086,4.435372996447073e-05,0.0,13090.134125329274,6.722045196719155e+16,0.2479387210091795,0.23403115610398975,0.0,0.0,0.0,0.0,0.0,0.0,0.0,0.0,0.0,0.0,0.0,0.0,0.0,0.0,0.0,0.0
117,MINERAL_002,MINERAL_002_0018,Bastnaesite,0.4258048235509104,0.3008244140724085,0.11934780617885292,0.0,0.1651246204549523,0.03426264621858649,0.000592847499174474,0.0,17281.54226337344,2.512091384177939e+18,0.2658978124802884,0.2813862843549095,0.0,0.0,0.0,0.0,0.0,0.0,0.0,0.0,0.0,0.0,0.0,0.0,0.0,0.0,0.0,0.0
118,MINERAL_002,MINERAL_002_0019,Bastnaesite,0.4138331349998223,0.2945405946881088,0.10700924905016589,0.0,0.10654917229489771,0.03430938755930806,0.0008242524125234623,0.0,11718.542783853882,2.2301907183066768e+17,0.2085942211750062,0.21173081302677052,0.0,0.0,0.0,0.0,0.0,0.0,0.0,0.0,0.0,0.0,0.0,0.0,0.0,0.0,0.0,0.0
119,MINERAL_002,MINERAL_002_0020,Bastnaesite,0.4521612347114852,0.28384781024728223,0.11298163314521087,0.0,0.105202584378359,0.03569282890293585,0.00021760541179352888,0.0,16326.368974695326,7.97551729145084e+17,0.2296445611851594,0.2772124272007062,0.0,0.0,0.0,0.0,0.0,0.0,0.0,0.0,0.0,0.0,0.0,0.0,0.0,0.0,0.0,0.0
120,MINERAL_002,MINERAL_002_0021,Bastnaesite,0.4524469573872431,0.2993311148984144,0.10466459142465975,0.0,0.14898642157815584,0.03761050772497601,0.0001356505841657384,0.0,16420.36033510114,1.2809332102198516e+16,0.22034231358216802,0.23643792122472557,0.0,0.0,0.0,0.0,0.0,0.0,0.0,0.0,0.0,0.0,0.0,0.0,0.0,0.0,0.0,0.0
121,MINERAL_002,MINERAL_002_0022,Bastnaesite,0.4585732545717694,0.28614118648511966,0.10588361824698132,0.0,0.18059430801034787,0.035284498076749715,0.0006050785158752961,0.0,8537.86455124774,2.402439936347692e+16,0.265215973725296,0.22680833650407875,0.0,0.0,0.0,0.0,0.0,0.0,0.0,0.0,0.0,0.0,0.0,0.0,0.0,0.0,0.0,0.0
122,MINERAL_002,MINERAL_002_0023,Bastnaesite,0.4292688457197569,0.3023487137659669,0.11609188871235243,0.0,0.1979117795573646,0.03856989061301399,0.0005374247622692768,0.0,10015.56174959475,5.320227868269564e+16,0.25771563694291083,0.25921208142463975,0.0,0.0,0.0,0.0,0.0,0.0,0.0,0.0,0.0,0.0,0.0,0.0,0.0,0.0,0.0,0.0
123,MINERAL_002,MINERAL_002_0024,Bastnaesite,0.45772440625543326,0.2831685161920775,0.1107529372005597,0.0,0.15820545100470595,0.03438478195807007,0.000131305634735123,0.0,11439.282202146162,1.632533185237409e+18,0.2681802136415193,0.23075699332831057,0.0,0.0,0.0,0.0,0.0,0.0,0.0,0.0,0.0,0.0,0.0,0.0,0.0,0.0,0.0,0.0
124,MINERAL_002,MINERAL_002_0025,Bastnaesite,0.43228791804198596,0.28021928481171776,0.10016332061805903,0.0,0.1093389536946996,0.03696011580287465,0.0005793744507371305,0.0,16749.160019688752,1.9829156974655533e+17,0.2216929971221871,0.2643907158987786,0.0,0.0,0.0,0.0,0.0,0.0,0.0,0.0,0.0,0.0,0.0,0.0,0.0,0.0,0.0,0.0
125,MINERAL_002,MINERAL_002_0026,Bastnaesite,0.4434862325860904,0.290034669746588,0.1111752481903941,0.0,0.13499251162543666,0.036973464140630644,0.0006400039877745789,0.0,18894.02611619194,4.0771879174920096e+17,0.20222697483402358,0.2716043679751573,0.0,0.0,0.0,0.0,0.0,0.0,0.0,0.0,0.0,0.0,0.0,0.0,0.0,0.0,0.0,0.0
126,MINERAL_002,MINERAL_002_0027,Bastnaesite,0.41412500248485773,0.3090776651149317,0.11154391939356556,0.0,0.19429104726892352,0.03663735471329028,0.00019918118544653962,0.0,18236.323376284843,9.283098926952342e+16,0.20389741739147596,0.2892952657291189,0.0,0.0,0.0,0.0,0.0,0.0,0.0,0.0,0.0,0.0,0.0,0.0,0.0,0.0,0.0,0.0
127,MINERAL_002,MINERAL_002_0028,Bastnaesite,0.45485492899907676,0.3010292706829991,0.11083665749027813,0.0,0.16557637614625925,0.036455511268643735,0.0006674538338528987,0.0,12657.916894305887,1.9199598331006336e+17,0.24567137896270566,0.23196964179443483,0.0,0.0,0.0,0.0,0.0,0.0,0.0,0.0,0.0,0.0,0.0,0.0,0.0,0.0,0.0,0.0
128,MINERAL_002,MINERAL_002_0029,Bastnaesite,0.4249001750344381,0.2924105660420001,0.10450665087078216,0.0,0.14334470346712636,0.03802674567657518,0.0007392251193950513,0.0,10574.387367872947,7.944017753707936e+17,0.2877610097560792,0.2931880893790916,0.0,0.0,0.0,0.0,0.0,0.0,0.0,0.0,0.0,0.0,0.0,0.0,0.0,0.0,0.0,0.0
129,MINERAL_002,MINERAL_002_0030,Bastnaesite,0.4231152411298191,0.2836225651154736,0.10129380735947742,0.0,0.19614253319507544,0.0351898855894836,0.0002051323904519602,0.0,18292.940258669652,3.567769577746506e+16,0.25391571858835077,0.2985826600265983,0.0,0.0,0.0,0.0,0.0,0.0,0.0,0.0,0.0,0.0,0.0,0.0,0.0,0.0,0.0,0.0
130,MINERAL_002,MINERAL_002_0031,Bastnaesite,0.4102564774532228,0.2818109063305466,0.10629592255439922,0.0,0.17548251244408358,0.038864181572155224,0.00024270648931147765,0.0,15509.930172976205,1.8138033842405683e+17,0.2525493283167018,0.2568154940153975,0.0,0.0,0.0,0.0,0.0,0.0,0.0,0.0,0.0,0.0,0.0,0.0,0.0,0.0,0.0,0.0
131,MINERAL_002,MINERAL_002_0032,Bastnaesite,0.4371601257640203,0.30178635021282324,0.11076638533161896,0.0,0.11641371940990126,0.03959071655995062,0.0007543576052705663,0.0,11742.329100176647,1.0763091770406476e+18,0.25442262757088846,0.23694125658345955,0.0,0.0,0.0,0.0,0.0,0.0,0.0,0.0,0.0,0.0,0.0,0.0,0.0,0.0,0.0,0.0
132,MINERAL_002,MINERAL_002_0033,Bastnaesite,0.43377981835036267,0.30716352952940423,0.1125138034743734,0.0,0.11435790168586137,0.03917385846732051,9.164642178538197e-05,0.0,9123.10521493989,3.5131360902192737e+18,0.2516418977779383,0.2959864194608145,0.0,0.0,0.0,0.0,0.0,0.0,0.0,0.0,0.0,0.0,0.0,0.0,0.0,0.0,0.0,0.0
133,MINERAL_002,MINERAL_002_0034,Bastnaesite,0.44181868387857615,0.2804807775379636,0.1042677188220354,0.0,0.16555132857187058,0.03707190215530684,0.000418143827205181,0.0,14371.027733853987,1.7789562078927126e+17,0.2886352359523657,0.28061192422326114,0.0,0.0,0.0,0.0,0.0,0.0,0.0,0.0,0.0,0.0,0.0,0.0,0.0,0.0,0.0,0.0
134,MINERAL_002,MINERAL_002_0035,Bastnaesite,0.4589102067041003,0.2975242249214076,0.11423124040492194,0.0,0.19797403968555555,0.03760210480171773,0.0008092239881686449,0.0,16967.2555315103,1.6501465361232154e+18,0.24101943985665064,0.256427734703669,0.0,0.0,0.0,0.0,0.0,0.0,0.0,0.0,0.0,0.0,0.0,0.0,0.0,0.0,0.0,0.0
135,MINERAL_002,MINERAL_002_0036,Bastnaesite,0.4554331378915544,0.30185812150625657,0.10091789610466043,0.0,0.18105138894799105,0.04198770477344606,0.00032161264794526936,0.0,19517.921753602594,1.66612018433874e+16,0.2819521806904717,0.26791583170534267,0.0,0.0,0.0,0.0,0.0,0.0,0.0,0.0,0.0,0.0,0.0,0.0,0.0,0.0,0.0,0.0
136,MINERAL_002,MINERAL_002_0037,Bastnaesite,0.4555076537890078,0.28876592632828024,0.10694459808623363,0.0,0.17160104875976345,0.03958811292672561,0.00012232875599591108,0.0,15041.48393971811,4.277768567295371e+17,0.2832217004362962,0.2835696199358098,0.0,0.0,0.0,0.0,0.0,0.0,0.0,0.0,0.0,0.0,0.0,0.0,0.0,0.0,0.0,0.0
137,MINERAL_002,MINERAL_002_0038,Bastnaesite,0.43626278355535725,0.29568392848981734,0.1105451424528303,0.0,0.17697407491562017,0.03732660131045437,0.0003848395593652153,0.0,12892.483821392181,1.0406354763405622e+17,0.25941809916399294,0.2293971657396802,0.0,0.0,0.0,0.0,0.0,0.0,0.0,0.0,0.0,0.0,0.0,0.0,0.0,0.0,0.0,0.0
138,MINERAL_002,MINERAL_002_0039,Bastnaesite,0.4152009474927381,0.30444555658751854,0.1165628110499705,0.0,0.11629158792656893,0.03718925138803775,0.000471775196029711,0.0,9080.713281785469,2.1942672457218422e+17,0.21984166787357298,0.21199306559112535,0.0,0.0,0.0,0.0,0.0,0.0,0.0,0.0,0.0,0.0,0.0,0.0,0.0,0.0,0.0,0.0
139,MINERAL_002,MINERAL_002_0040,Bastnaesite,0.41904572976289506,0.29788980940530596,0.11528253783813415,0.0,0.14887480132732497,0.03516007320305409,0.00021485550414275368,0.0,15081.387788313532,2.977845345783454e+16,0.27753042791124394,0.2519849239026228,0.0,0.0,0.0,0.0,0.0,0.0,0.0,0.0,0.0,0.0,0.0,0.0,0.0,0.0,0.0,0.0
140,MINERAL_002,MINERAL_002_0041,Bastnaesite,0.4576520110493371,0.2913566601835471,0.11252050399562206,0.0,0.16111575048259905,0.041311500915136794,9.439824624756677e-06,0.0,11630.003424799095,2.889717695320099e+16,0.2005431306395288,0.24474681602470158,0.0,0.0,0.0,0.0,0.0,0.0,0.0,0.0,0.0,0.0,0.0,0.0,0.0,0.0,0.0,0.0
141,MINERAL_002,MINERAL_002_0042,Bastnaesite,0.4305976491693179,0.28232673416484916,0.10793748592242275,0.0,0.11893565078535617,0.04167222984726982,0.00036446630448649855,0.0,13671.46864932112,2.915019227960967e+17,0.20527463435334192,0.2194024487270545,0.0,0.0,0.0,0.0,0.0,0.0,0.0,0.0,0.0,0.0,0.0,0.0,0.0,0.0,0.0,0.0
142,MINERAL_002,MINERAL_002_0043,Bastnaesite,0.4532508560303591,0.2946071852869626,0.11894524126561992,0.0,0.10539701454356441,0.038631658514510205,0.00012966381868767619,0.0,14880.625751757983,8.272069986778147e+17,0.2581149918229109,0.2405446726920059,0.0,0.0,0.0,0.0,0.0,0.0,0.0,0.0,0.0,0.0,0.0,0.0,0.0,0.0,0.0,0.0
143,MINERAL_002,MINERAL_002_0044,Bastnaesite,0.44360886397380883,0.29404581718209777,0.10243452540131398,0.0,0.12615525494692148,0.040260247891740944,0.00016116420972880574,0.0,18603.80066146305,3.634897519895036e+18,0.22519734488482,0.2500772528022635,0.0,0.0,0.0,0.0,0.0,0.0,0.0,0.0,0.0,0.0,0.0,0.0,0.0,0.0,0.0,0.0
144,MINERAL_002,MINERAL_002_0045,Bastnaesite,0.44143928979410807,0.28544604270188056,0.11873982143068441,0.0,0.1887617648781324,0.04080715141186282,0.0007832565187212657,0.0,19762.07568269562,5.905466242609875e+18,0.22641719373840788,0.24913255856623298,0.0,0.0,0.0,0.0,0.0,0.0,0.0,0.0,0.0,0.0,0.0,0.0,0.0,0.0,0.0,0.0
145,MINERAL_002,MINERAL_002_0046,Bastnaesite,0.4237779388324476,0.28210407803389714,0.11275399964632646,0.0,0.10412616912447992,0.04177122201310594,0.0004392533020372962,0.0,15930.890090486682,1.4996302528619471e+18,0.2044013254786382,0.2556660387475637,0.0,0.0,0.0,0.0,0.0,0.0,0.0,0.0,0.0,0.0,0.0,0.0,0.0,0.0,0.0,0.0
146,MINERAL_002,MINERAL_002_0047,Bastnaesite,0.4548373634870431,0.2952520279643922,0.1142472556717235,0.0,0.12881826202117677,0.03825793088581536,0.00025245953682963306,0.0,17615.66532538651,1.0380751062742613e+17,0.2896820866805009,0.2506225712407276,0.0,0.0,0.0,0.0,0.0,0.0,0.0,0.0,0.0,0.0,0.0,0.0,0.0,0.0,0.0,0.0
147,MINERAL_002,MINERAL_002_0048,Bastnaesite,0.42034456856716823,0.28995555204493834,0.10865811653133528,0.0,0.10939593611532852,0.04197268220835245,0.0002795876049109692,0.0,8185.267457018004,1.7115231464021018e+17,0.2557448533824412,0.28285106704661805,0.0,0.0,0.0,0.0,0.0,0.0,0.0,0.0,0.0,0.0,0.0,0.0,0.0,0.0,0.0,0.0
148,MINERAL_002,MINERAL_002_0049,Bastnaesite,0.43022026215377035,0.2864349346104075,0.11021094094499487,0.0,0.1680841950282279,0.040964218902493105,0.000647128515160909,0.0,11865.44572184354,6.975418405887284e+17,0.20236021931843712,0.20534454701593552,0.0,0.0,0.0,0.0,0.0,0.0,0.0,0.0,0.0,0.0,0.0,0.0,0.0,0.0,0.0,0.0
149,MINERAL_002,MINERAL_002_0050,Bastnaesite,0.4596786246197052,0.2828397068264331,0.11245448275545937,0.0,0.12520219899181026,0.03503507273305209,0.000923042759415485,0.0,15015.483115987015,1.7357441784357174e+18,0.2572654377548,0.29554199270500664,0.0,0.0,0.0,0.0,0.0,0.0,0.0,0.0,0.0,0.0,0.0,0.0,0.0,0.0,0.0,0.0
150,MINERAL_002,MINERAL_002_0051,Bastnaesite,0.44678635407535605,0.30513791586009154,0.1076069620115455,0.0,0.14948549731592492,0.03833450694781457,0.0009964278322034288,0.0,9747.469504756189,2.872262561014181e+17,0.27030107802654857,0.21157308776972777,0.0,0.0,0.0,0.0,0.0,0.0,0.0,0.0,0.0,0.0,0.0,0.0,0.0,0.0,0.0,0.0
151,MINERAL_002,MINERAL_002_0052,Bastnaesite,0.43225307062448415,0.29065337411202297,0.1133505645483636,0.0,0.1295819063864681,0.040957794382340686,0.0004816878540848311,0.0,17696.273528185782,1.0466431031992283e+18,0.2714755569924591,0.2036185775946877,0.0,0.0,0.0,0.0,0.0,0.0,0.0,0.0,0.0,0.0,0.0,0.0,0.0,0.0,0.0,0.0
152,MINERAL_002,MINERAL_002_0053,Bastnaesite,0.43803315847218677,0.3048035521666724,0.10193186898848902,0.0,0.18815598955113122,0.042488482138654415,0.0005769744672612716,0.0,14883.318682838872,8.229781798103048e+16,0.24460321566258234,0.29604734213052986,0.0,0.0,0.0,0.0,0.0,0.0,0.0,0.0,0.0,0.0,0.0,0.0,0.0,0.0,0.0,0.0
153,MINERAL_002,MINERAL_002_0054,Bastnaesite,0.4305627744543318,0.2807788680769584,0.11067498933151168,0.0,0.17214746393941607,0.03688752691641353,3.2966533690761305e-05,0.0,19496.81786242529,2.8629876995737144e+16,0.24250691522964457,0.28611293017605194,0.0,0.0,0.0,0.0,0.0,0.0,0.0,0.0,0.0,0.0,0.0,0.0,0.0,0.0,0.0,0.0
154,MINERAL_002,MINERAL_002_0055,Bastnaesite,0.4463493995983994,0.2800671873146006,0.10196361140245346,0.0,0.1197522271103912,0.0360065473571432,0.000984711649678301,0.0,19550.449681622136,1.7540819700718608e+17,0.22766929799332702,0.295935645578854,0.0,0.0,0.0,0.0,0.0,0.0,0.0,0.0,0.0,0.0,0.0,0.0,0.0,0.0,0.0,0.0
155,MINERAL_002,MINERAL_002_0056,Bastnaesite,0.42995984429520373,0.307732532539431,0.10866925168677112,0.0,0.16196121778462702,0.03941962601203969,0.000991439186012742,0.0,17325.522003232763,1.3953358077506052e+16,0.2944419542438306,0.29948599207631005,0.0,0.0,0.0,0.0,0.0,0.0,0.0,0.0,0.0,0.0,0.0,0.0,0.0,0.0,0.0,0.0
156,MINERAL_002,MINERAL_002_0057,Bastnaesite,0.4435072582351191,0.30021799753022865,0.11933402903344148,0.0,0.11350935812772676,0.03422095215803234,0.00023908775436085207,0.0,9244.644200241522,1.1996765909410325e+17,0.2789457907912815,0.2585139667600317,0.0,0.0,0.0,0.0,0.0,0.0,0.0,0.0,0.0,0.0,0.0,0.0,0.0,0.0,0.0,0.0
157,MINERAL_002,MINERAL_002_0058,Bastnaesite,0.44523578039402706,0.30984443740318623,0.10263772050306329,0.0,0.12978314009614905,0.03463459274921941,0.0006775264405743701,0.0,9507.699473540524,1.3141773729352211e+17,0.2991898232488037,0.2548682814141296,0.0,0.0,0.0,0.0,0.0,0.0,0.0,0.0,0.0,0.0,0.0,0.0,0.0,0.0,0.0,0.0
158,MINERAL_002,MINERAL_002_0059,Bastnaesite,0.4404779935629523,0.2943851506432201,0.11812322452811241,0.0,0.13639500154548506,0.040424853627591954,0.0007375070256327607,0.0,8067.553917222187,6.684897329033742e+18,0.2907907684504303,0.22603290650058247,0.0,0.0,0.0,0.0,0.0,0.0,0.0,0.0,0.0,0.0,0.0,0.0,0.0,0.0,0.0,0.0
159,MINERAL_002,MINERAL_002_0060,Bastnaesite,0.4370017232090828,0.28477412489661946,0.10677885480377719,0.0,0.14094098446872638,0.041401123197771714,0.0006972626315783384,0.0,17213.30033766709,9.065690007766578e+16,0.24074285346584418,0.21188870190906506,0.0,0.0,0.0,0.0,0.0,0.0,0.0,0.0,0.0,0.0,0.0,0.0,0.0,0.0,0.0,0.0
160,MINERAL_002,MINERAL_002_0061,Bastnaesite,0.4203040925456651,0.30856849158335187,0.1078344408514208,0.0,0.19352283980774473,0.04117078299149832,0.0005564468866420163,0.0,9470.680640014065,3.650316515666107e+18,0.24367643858478627,0.28081790717870553,0.0,0.0,0.0,0.0,0.0,0.0,0.0,0.0,0.0,0.0,0.0,0.0,0.0,0.0,0.0,0.0
161,MINERAL_002,MINERAL_002_0062,Bastnaesite,0.4199580738311351,0.28498210520633493,0.10716115647945612,0.0,0.10504527025582377,0.038579275820671825,0.0004898718753889365,0.0,12249.299743586911,1.6742988507632774e+17,0.2623565379565603,0.2686963586678398,0.0,0.0,0.0,0.0,0.0,0.0,0.0,0.0,0.0,0.0,0.0,0.0,0.0,0.0,0.0,0.0
162,MINERAL_002,MINERAL_002_0063,Bastnaesite,0.4497869432408022,0.2910785592112916,0.11745601031104573,0.0,0.18089871936208451,0.04169698358337806,0.00043338143165456625,0.0,10688.593239290502,4.410868252749365e+18,0.23242878653498014,0.22018194252087606,0.0,0.0,0.0,0.0,0.0,0.0,0.0,0.0,0.0,0.0,0.0,0.0,0.0,0.0,0.0,0.0
163,MINERAL_002,MINERAL_002_0064,Bastnaesite,0.4245166388885378,0.30803679951610824,0.10549853566412089,0.0,0.162536130216691,0.04219261640179224,0.0005737958960144946,0.0,12768.460619470603,5.701881918991862e+18,0.20325861237240617,0.28899351356126923,0.0,0.0,0.0,0.0,0.0,0.0,0.0,0.0,0.0,0.0,0.0,0.0,0.0,0.0,0.0,0.0
164,MINERAL_002,MINERAL_002_0065,Bastnaesite,0.44279814139119267,0.28244923408675443,0.10912378073821843,0.0,0.18189792026548815,0.03928688704222058,0.0006986818892866876,0.0,18867.576790540214,1.2385279024567376e+16,0.21644171604720622,0.25190344511784035,0.0,0.0,0.0,0.0,0.0,0.0,0.0,0.0,0.0,0.0,0.0,0.0,0.0,0.0,0.0,0.0
165,MINERAL_002,MINERAL_002_0066,Bastnaesite,0.42498083879035126,0.2936188634384165,0.1143202410337481,0.0,0.12622295358535365,0.03972332715741751,0.0007693544767993037,0.0,18524.184979335674,5.037132395404439e+17,0.2556301598836738,0.2195117406277649,0.0,0.0,0.0,0.0,0.0,0.0,0.0,0.0,0.0,0.0,0.0,0.0,0.0,0.0,0.0,0.0
166,MINERAL_002,MINERAL_002_0067,Bastnaesite,0.4172239189211414,0.3066187177498151,0.10052780580338141,0.0,0.10178975794346766,0.04168070078782048,0.0006500026527192321,0.0,16288.368053385937,4.519538932610711e+18,0.2537044904163561,0.2500682585867296,0.0,0.0,0.0,0.0,0.0,0.0,0.0,0.0,0.0,0.0,0.0,0.0,0.0,0.0,0.0,0.0
167,MINERAL_002,MINERAL_002_0068,Bastnaesite,0.43019783334902345,0.28958215180856917,0.1091565921012933,0.0,0.10795101582340345,0.0405907631116777,0.0001847286284970585,0.0,13804.667973400059,2.4268951124562806e+18,0.2971809695567081,0.2116492633892188,0.0,0.0,0.0,0.0,0.0,0.0,0.0,0.0,0.0,0.0,0.0,0.0,0.0,0.0,0.0,0.0
168,MINERAL_002,MINERAL_002_0069,Bastnaesite,0.42551347634222947,0.30887973813147135,0.11233097374019382,0.0,0.10803625627963387,0.04148205640629968,0.0008426876901119058,0.0,16925.045041152254,1.5661800583705315e+17,0.2531607563977065,0.2600790177985449,0.0,0.0,0.0,0.0,0.0,0.0,0.0,0.0,0.0,0.0,0.0,0.0,0.0,0.0,0.0,0.0
169,MINERAL_002,MINERAL_002_0070,Bastnaesite,0.4221699008140481,0.30992117801045466,0.10119203468005827,0.0,0.11693090767705373,0.03909293809315667,0.0003200064869912855,0.0,16652.02565889834,7.370335490263901e+17,0.26674709846952677,0.2818253920185809,0.0,0.0,0.0,0.0,0.0,0.0,0.0,0.0,0.0,0.0,0.0,0.0,0.0,0.0,0.0,0.0
170,MINERAL_002,MINERAL_002_0071,Bastnaesite,0.4394052021329188,0.29458046572179614,0.11701028375413353,0.0,0.11738501002000656,0.036763707113591566,0.0002793204427404006,0.0,18669.214694622962,8.271300760568234e+16,0.2271264531536322,0.22407697948551777,0.0,0.0,0.0,0.0,0.0,0.0,0.0,0.0,0.0,0.0,0.0,0.0,0.0,0.0,0.0,0.0
171,MINERAL_002,MINERAL_002_0072,Bastnaesite,0.422267162648168,0.2896387476530204,0.10599298357887761,0.0,0.16935591893591564,0.03733838550996008,0.00028343289337598546,0.0,16408.90963653661,6.076199100990674e+17,0.23929733194918254,0.25582134797242084,0.0,0.0,0.0,0.0,0.0,0.0,0.0,0.0,0.0,0.0,0.0,0.0,0.0,0.0,0.0,0.0
172,MINERAL_002,MINERAL_002_0073,Bastnaesite,0.4473885305896432,0.3092031699424553,0.11859358886368401,0.0,0.1669970464785303,0.03592599351633432,0.0005042180616713295,0.0,9380.648593398419,2.3094668048962576e+17,0.20702287989454943,0.21723470368769424,0.0,0.0,0.0,0.0,0.0,0.0,0.0,0.0,0.0,0.0,0.0,0.0,0.0,0.0,0.0,0.0
173,MINERAL_002,MINERAL_002_0074,Bastnaesite,0.4460073323927112,0.30996155608926657,0.10735163404511285,0.0,0.10317449514739341,0.03409304221972462,0.000704996676876363,0.0,13793.255801152089,2.060678037773023e+17,0.24438486747838503,0.2792634522507263,0.0,0.0,0.0,0.0,0.0,0.0,0.0,0.0,0.0,0.0,0.0,0.0,0.0,0.0,0.0,0.0
174,MINERAL_002,MINERAL_002_0075,Bastnaesite,0.4447630433477546,0.2933563930039673,0.11366940551940963,0.0,0.15638471395152476,0.03412384993871365,0.0007649994116875665,0.0,19606.618613746934,3.313368142936256e+18,0.2198812421028513,0.22976312708984156,0.0,0.0,0.0,0.0,0.0,0.0,0.0,0.0,0.0,0.0,0.0,0.0,0.0,0.0,0.0,0.0
175,MINERAL_002,MINERAL_002_0076,Bastnaesite,0.41513713892866055,0.28134237086325486,0.11529091538757819,0.0,0.19301411886700193,0.04105325574345074,0.0007081047929533426,0.0,10298.082509906915,2.064761496386777e+18,0.20625957207929146,0.29697690758724127,0.0,0.0,0.0,0.0,0.0,0.0,0.0,0.0,0.0,0.0,0.0,0.0,0.0,0.0,0.0,0.0
176,MINERAL_002,MINERAL_002_0077,Bastnaesite,0.45718212140921455,0.2934118337049224,0.11440174605624058,0.0,0.15733004628113625,0.036857670657687844,4.5523519670798484e-05,0.0,16850.60251790756,6.519914985626251e+18,0.27933144967584556,0.2570406978221577,0.0,0.0,0.0,0.0,0.0,0.0,0.0,0.0,0.0,0.0,0.0,0.0,0.0,0.0,0.0,0.0
177,MINERAL_002,MINERAL_002_0078,Bastnaesite,0.4351669816446391,0.3013052439939117,0.10296208873148682,0.0,0.14302216848437868,0.03931207899521404,0.0003564535600317309,0.0,11686.781476040847,1.2309182659246144e+16,0.214048062858238,0.23964031251129503,0.0,0.0,0.0,0.0,0.0,0.0,0.0,0.0,0.0,0.0,0.0,0.0,0.0,0.0,0.0,0.0
178,MINERAL_002,MINERAL_002_0079,Bastnaesite,0.45498368096837066,0.2987821398289013,0.10783622976927328,0.0,0.114982504641721,0.03874654883083827,0.0007023750378428864,0.0,9810.927387038675,1.2548660520900949e+17,0.28931603744929896,0.25752654654746016,0.0,0.0,0.0,0.0,0.0,0.0,0.0,0.0,0.0,0.0,0.0,0.0,0.0,0.0,0.0,0.0
179,MINERAL_002,MINERAL_002_0080,Bastnaesite,0.4199289942218157,0.3001194931063375,0.11844212066207654,0.0,0.16370130147747972,0.037564375941698924,0.0005578450973117855,0.0,19379.657094335078,5.3396698093900794e+17,0.2182535476421201,0.2014061913061012,0.0,0.0,0.0,0.0,0.0,0.0,0.0,0.0,0.0,0.0,0.0,0.0,0.0,0.0,0.0,0.0
180,MINERAL_002,MINERAL_002_0081,Bastnaesite,0.4397224593409215,0.30915756579540077,0.10591898563863317,0.0,0.13870518204672827,0.03646538483819759,0.0009450553824262702,0.0,13543.28902060728,6.456253696069862e+16,0.28109023491462803,0.2798034834380125,0.0,0.0,0.0,0.0,0.0,0.0,0.0,0.0,0.0,0.0,0.0,0.0,0.0,0.0,0.0,0.0
181,MINERAL_002,MINERAL_002_0082,Bastnaesite,0.4582704290838632,0.2998591372265751,0.1199258965159804,0.0,0.13007550980618068,0.03761541777679512,0.0006647580343023152,0.0,8550.625742305596,8.213784372306014e+16,0.2876830282648284,0.2611756731072846,0.0,0.0,0.0,0.0,0.0,0.0,0.0,0.0,0.0,0.0,0.0,0.0,0.0,0.0,0.0,0.0
182,MINERAL_002,MINERAL_002_0083,Bastnaesite,0.45993491229483435,0.2827435060707299,0.11621247362600401,0.0,0.11160727398747161,0.03807971205137273,0.0009262594196000672,0.0,11836.130392007908,7.734906663613941e+16,0.20088659097307626,0.29105603246882844,0.0,0.0,0.0,0.0,0.0,0.0,0.0,0.0,0.0,0.0,0.0,0.0,0.0,0.0,0.0,0.0
183,MINERAL_002,MINERAL_002_0084,Bastnaesite,0.41120843124902723,0.2976919303062888,0.11807596204055368,0.0,0.1301823472774829,0.041389713678483056,0.0002770051520279625,0.0,18347.07858311174,5.0045195912408824e+16,0.2617451076251459,0.2948513364078065,0.0,0.0,0.0,0.0,0.0,0.0,0.0,0.0,0.0,0.0,0.0,0.0,0.0,0.0,0.0,0.0
184,MINERAL_002,MINERAL_002_0085,Bastnaesite,0.43406516667276585,0.28634743019218806,0.10948634730037755,0.0,0.11697153253973724,0.03612150032712905,0.0007713782757746702,0.0,10340.721520563653,1.5282848669903532e+18,0.28098135903487487,0.28109399085382897,0.0,0.0,0.0,0.0,0.0,0.0,0.0,0.0,0.0,0.0,0.0,0.0,0.0,0.0,0.0,0.0
185,MINERAL_002,MINERAL_002_0086,Bastnaesite,0.4245711344836804,0.3038522690499869,0.11564291493205216,0.0,0.13460162288063604,0.034746345300036265,0.0001358213945982537,0.0,8593.4435667939,4.138431881738127e+16,0.29279630636757115,0.20795199394778743,0.0,0.0,0.0,0.0,0.0,0.0,0.0,0.0,0.0,0.0,0.0,0.0,0.0,0.0,0.0,0.0
186,MINERAL_002,MINERAL_002_0087,Bastnaesite,0.4131860284158657,0.2905091794668356,0.10345076054137173,0.0,0.11892540282382441,0.04235468571212468,0.0006914693260651356,0.0,10038.795922443653,2.5978294491973044e+16,0.25830705315664365,0.29803262622735127,0.0,0.0,0.0,0.0,0.0,0.0,0.0,0.0,0.0,0.0,0.0,0.0,0.0,0.0,0.0,0.0
187,MINERAL_002,MINERAL_002_0088,Bastnaesite,0.43848121994715294,0.2950730943292947,0.10451122572448254,0.0,0.16646432124874533,0.03790190481519894,0.0006317651596198267,0.0,15734.163617715847,3.712310253962182e+16,0.2783501350789166,0.2741272706879091,0.0,0.0,0.0,0.0,0.0,0.0,0.0,0.0,0.0,0.0,0.0,0.0,0.0,0.0,0.0,0.0
188,MINERAL_002,MINERAL_002_0089,Bastnaesite,0.4102541642349607,0.30110617438394777,0.11792127068368641,0.0,0.18245572068535998,0.04028675978194564,0.0006671644251406175,0.0,19883.891732555036,3.3391803658385777e+18,0.2504679015904536,0.2726304618713354,0.0,0.0,0.0,0.0,0.0,0.0,0.0,0.0,0.0,0.0,0.0,0.0,0.0,0.0,0.0,0.0
189,MINERAL_002,MINERAL_002_0090,Bastnaesite,0.44056387948350106,0.2851488302775382,0.11317549545233715,0.0,0.17576509266218074,0.034214993281887596,0.0008394687914249765,0.0,9662.097856483992,3.931774587465211e+16,0.25786960248673313,0.23828310626272156,0.0,0.0,0.0,0.0,0.0,0.0,0.0,0.0,0.0,0.0,0.0,0.0,0.0,0.0,0.0,0.0
190,MINERAL_002,MINERAL_002_0091,Bastnaesite,0.4535090738517295,0.2980317832339656,0.11502433546882458,0.0,0.1419470097857835,0.039609929562011405,0.0004948906986970487,0.0,9408.206460054793,3.025835943318157e+18,0.22356536472419555,0.20756082095796405,0.0,0.0,0.0,0.0,0.0,0.0,0.0,0.0,0.0,0.0,0.0,0.0,0.0,0.0,0.0,0.0
191,MINERAL_002,MINERAL_002_0092,Bastnaesite,0.45418007324869447,0.2848010383221718,0.11998226006379947,0.0,0.12436643671552718,0.034611283750151565,0.0006868453738807132,0.0,11172.62743067367,1.0684405766054493e+18,0.2428153100222219,0.2476279879990091,0.0,0.0,0.0,0.0,0.0,0.0,0.0,0.0,0.0,0.0,0.0,0.0,0.0,0.0,0.0,0.0
192,MINERAL_002,MINERAL_002_0093,Bastnaesite,0.4577159741598019,0.30479735204036773,0.11738848996632474,0.0,0.15691102433148207,0.037251818694254125,0.0002842989961024189,0.0,9644.131428738581,3.503200873378535e+18,0.26500990623503184,0.205608582269942,0.0,0.0,0.0,0.0,0.0,0.0,0.0,0.0,0.0,0.0,0.0,0.0,0.0,0.0,0.0,0.0
193,MINERAL_002,MINERAL_002_0094,Bastnaesite,0.4469931909901737,0.28998104885477555,0.10865810444174605,0.0,0.18981558378540636,0.03824767305405425,0.00047985556430048894,0.0,18270.770391837672,8.619730989322508e+18,0.22824408442832902,0.2576281166981225,0.0,0.0,0.0,0.0,0.0,0.0,0.0,0.0,0.0,0.0,0.0,0.0,0.0,0.0,0.0,0.0
194,MINERAL_002,MINERAL_002_0095,Bastnaesite,0.41923564787745443,0.2964009155984978,0.10876711751244865,0.0,0.17413670733055467,0.037143616983174914,0.0008892123344595335,0.0,17270.691914664767,4.13194793891762e+18,0.24385033012820498,0.2782424565584575,0.0,0.0,0.0,0.0,0.0,0.0,0.0,0.0,0.0,0.0,0.0,0.0,0.0,0.0,0.0,0.0
195,MINERAL_002,MINERAL_002_0096,Bastnaesite,0.43173391605434025,0.30492131813927015,0.11301830150156164,0.0,0.16929495453196175,0.036677563138563435,0.0006898163910540569,0.0,17815.06834963624,8.300089706302145e+17,0.2944902594627897,0.2480666620679178,0.0,0.0,0.0,0.0,0.0,0.0,0.0,0.0,0.0,0.0,0.0,0.0,0.0,0.0,0.0,0.0
196,MINERAL_002,MINERAL_002_0097,Bastnaesite,0.45429497477739367,0.3090720118641932,0.11475265163128173,0.0,0.1374707605232362,0.04177028119478648,9.632451919618745e-05,0.0,13381.618667886334,3.401420945802444e+17,0.2106890296074932,0.2507077413036886,0.0,0.0,0.0,0.0,0.0,0.0,0.0,0.0,0.0,0.0,0.0,0.0,0.0,0.0,0.0,0.0
197,MINERAL_002,MINERAL_002_0098,Bastnaesite,0.4227523140167398,0.28982604933096273,0.1123305119781412,0.0,0.11763268615390353,0.036319267762373875,0.00010131987937192688,0.0,19589.57442696163,1.4038860360188398e+18,0.2400625273170649,0.22958630577137373,0.0,0.0,0.0,0.0,0.0,0.0,0.0,0.0,0.0,0.0,0.0,0.0,0.0,0.0,0.0,0.0
198,MINERAL_002,MINERAL_002_0099,Bastnaesite,0.4321656347364492,0.2826512145883512,0.10414847254655366,0.0,0.11706851169773215,0.035846321903753274,0.00046708817101555,0.0,17474.13607734762,9.227398313654445e+16,0.2794827893464503,0.2013037657115549,0.0,0.0,0.0,0.0,0.0,0.0,0.0,0.0,0.0,0.0,0.0,0.0,0.0,0.0,0.0,0.0
199,MINERAL_002,MINERAL_002_0100,Bastnaesite,0.44084684879104474,0.3089046737133874,0.1074243217274397,0.0,0.19932526988409446,0.04232387731695519,0.000861542966832646,0.0,19380.75393358768,1.4202911021622736e+17,0.21028001407007035,0.24737347734089632,0.0,0.0,0.0,0.0,0.0,0.0,0.0,0.0,0.0,0.0,0.0,0.0,0.0,0.0,0.0,0.0
200,MINERAL_003,MINERAL_003_0001,Xenotime,0.0,0.0,0.0,0.20494563252054346,0.010649671463794193,0.0,0.0,0.49852947932653446,9491.75006889454,5.847583055938461e+18,0.0,0.0,0.04223036449274078,0.010461345773739035,0.009185273533092004,0.006072676284808794,0.01172967529700911,0.00020015425009375747,0.0011798280329890318,0.0,0.0,0.0,0.0,0.0,0.0,0.0,0.0,0.0
201,MINERAL_003,MINERAL_003_0002,Xenotime,0.0,0.0,0.0,0.21723877966042174,0.011407547215147237,0.0,0.0,0.4036234935680831,14117.717268168897,3.822329958353464e+16,0.0,0.0,0.04897693254205201,0.011224481582270542,0.009604000788289125,0.004839583389266491,0.01158083991395228,0.00023990492227990627,0.0010781172386997516,0.0,0.0,0.0,0.0,0.0,0.0,0.0,0.0,0.0
202,MINERAL_003,MINERAL_003_0003,Xenotime,0.0,0.0,0.0,0.23446270144720824,0.010881649198051627,0.0,0.0,0.48680326261833734,13548.50777729486,2.9638808318120003e+18,0.0,0.0,0.04783399439973247,0.010064882164915457,0.008988727789094856,0.005167648701070483,0.011953269247493232,0.00021810932233520114,0.0014461223016360534,0.0,0.0,0.0,0.0,0.0,0.0,0.0,0.0,0.0
203,MINERAL_003,MINERAL_003_0004,Xenotime,0.0,0.0,0.0,0.20910810060256613,0.014250877277345591,0.0,0.0,0.4368651087133172,13493.774428517234,1.7928312008904166e+17,0.0,0.0,0.050533725172869005,0.010546854362478479,0.009705135160171532,0.004114297314205066,0.010601066892579216,0.00024224401269309424,0.0011407357481662804,0.0,0.0,0.0,0.0,0.0,0.0,0.0,0.0,0.0
204,MINERAL_003,MINERAL_003_0005,Xenotime,0.0,0.0,0.0,0.20012706213601816,0.010816658337883362,0.0,0.0,0.43671040891504936,17218.106149264033,1.643649123036374e+16,0.0,0.0,0.050235879267409154,0.011277495288963641,0.009769380763239157,0.004308565986656671,0.011614039896888105,0.00021063373172447992,0.0011701358031332807,0.0,0.0,0.0,0.0,0.0,0.0,0.0,0.0,0.0
205,MINERAL_003,MINERAL_003_0006,Xenotime,0.0,0.0,0.0,0.21337770821068633,0.014041727208373026,0.0,0.0,0.4692009894803597,12010.26028058794,1.2004902176929958e+16,0.0,0.0,0.04962396459565106,0.011554613295691168,0.009429115003220712,0.004935510405829273,0.01176687089371106,0.0002474174312831705,0.001413076943426109,0.0,0.0,0.0,0.0,0.0,0.0,0.0,0.0,0.0
206,MINERAL_003,MINERAL_003_0007,Xenotime,0.0,0.0,0.0,0.23495638223320864,0.013087819067903217,0.0,0.0,0.44119134164147267,19198.73003834732,8.071284563092619e+18,0.0,0.0,0.04873595761276771,0.010276844290083438,0.008713842138572554,0.0063060861347992445,0.01001247270305073,0.00022419633428210432,0.0012016245833799157,0.0,0.0,0.0,0.0,0.0,0.0,0.0,0.0,0.0
207,MINERAL_003,MINERAL_003_0008,Xenotime,0.0,0.0,0.0,0.22094671983412972,0.012012068209192421,0.0,0.0,0.44317943928191683,10621.01402705566,6.9394675741160264e+16,0.0,0.0,0.0482413701099997,0.01099690697188498,0.009582821134231317,0.004499514418278459,0.010598047679959961,0.00022683834108855235,0.0011998510331534735,0.0,0.0,0.0,0.0,0.0,0.0,0.0,0.0,0.0
208,MINERAL_003,MINERAL_003_0009,Xenotime,0.0,0.0,0.0,0.2159537478197172,0.013379553205184646,0.0,0.0,0.45628731324664884,12359.042307208974,3.5076765822433674e+18,0.0,0.0,0.03620349098959488,0.010065426571955909,0.00981114100367885,0.005825256102805735,0.010288351971701354,0.0002494691114755872,0.0013517469252950411,0.0,0.0,0.0,0.0,0.0,0.0,0.0,0.0,0.0
209,MINERAL_003,MINERAL_003_0010,Xenotime,0.0,0.0,0.0,0.21060973227491625,0.010111537878603041,0.0,0.0,0.48231923913251956,13394.11741935593,5.538367799313373e+18,0.0,0.0,0.036491328552982344,0.010008092082633986,0.009370359227574053,0.006288242891188194,0.011517746094867585,0.00021070188401175503,0.0014014673857492077,0.0,0.0,0.0,0.0,0.0,0.0,0.0,0.0,0.0
210,MINERAL_003,MINERAL_003_0011,Xenotime,0.0,0.0,0.0,0.2156512611607,0.011798810836518157,0.0,0.0,0.5148684092767368,9342.827608685206,1.2632331413493268e+16,0.0,0.0,0.049594390887749015,0.011905413676098993,0.009345008617146133,0.005106785797270872,0.010144699947686285,0.000206725432012658,0.001217513215428892,0.0,0.0,0.0,0.0,0.0,0.0,0.0,0.0,0.0
211,MINERAL_003,MINERAL_003_0012,Xenotime,0.0,0.0,0.0,0.21852199442972012,0.011741766417110538,0.0,0.0,0.44936074416206184,11909.201659549253,2.0397663476500273e+18,0.0,0.0,0.043268486375521796,0.011248098376961,0.009284497870489294,0.006311768304722231,0.011302599310482163,0.0002249715201307258,0.0014953708729496238,0.0,0.0,0.0,0.0,0.0,0.0,0.0,0.0,0.0
212,MINERAL_003,MINERAL_003_0013,Xenotime,0.0,0.0,0.0,0.20660413395867325,0.0113039301892028,0.0,0.0,0.4455946977380092,8784.642372968097,4.5871928605351276e+18,0.0,0.0,0.040392296012265086,0.010638470130817243,0.009587201825371173,0.005798983331402983,0.011099520069969749,0.00024233556898432378,0.0010288527431326071,0.0,0.0,0.0,0.0,0.0,0.0,0.0,0.0,0.0
213,MINERAL_003,MINERAL_003_0014,Xenotime,0.0,0.0,0.0,0.23386497403954132,0.010935396772049803,0.0,0.0,0.4047502811455962,18117.031420726147,1.7653618258284183e+18,0.0,0.0,0.042221224624009235,0.011512978476784726,0.009766080719878563,0.005171200136902864,0.011831110247419365,0.00024159742125112223,0.001361267693592928,0.0,0.0,0.0,0.0,0.0,0.0,0.0,0.0,0.0
214,MINERAL_003,MINERAL_003_0015,Xenotime,0.0,0.0,0.0,0.22549033606359858,0.013404325666172487,0.0,0.0,0.41832685301504813,8978.715989001814,4.206467773556084e+16,0.0,0.0,0.041036348121225696,0.010247816318891155,0.009163895177537292,0.004450475255800503,0.011896745949126365,0.0002197825982540053,0.001248752705373872,0.0,0.0,0.0,0.0,0.0,0.0,0.0,0.0,0.0
215,MINERAL_003,MINERAL_003_0016,Xenotime,0.0,0.0,0.0,0.24287130350443287,0.014393276934840875,0.0,0.0,0.5144713689788293,13798.156512919497,2.0378984185553044e+16,0.0,0.0,0.03441460168563382,0.010642542195440608,0.008864418211359934,0.004809268881921346,0.010193981036733264,0.0002453276804923923,0.0014393007816943353,0.0,0.0,0.0,0.0,0.0,0.0,0.0,0.0,0.0
216,MINERAL_003,MINERAL_003_0017,Xenotime,0.0,0.0,0.0,0.2000181887585235,0.014043792698728831,0.0,0.0,0.5126355936525714,12429.788496997811,6.59252758009753e+16,0.0,0.0,0.035131694801660035,0.010647305592101253,0.009709160253394829,0.005724676554655616,0.011949141998418402,0.00021558785741386253,0.0011477961866807242,0.0,0.0,0.0,0.0,0.0,0.0,0.0,0.0,0.0
217,MINERAL_003,MINERAL_003_0018,Xenotime,0.0,0.0,0.0,0.23895724994247314,0.010900533029577969,0.0,0.0,0.5046371565503447,10907.30755131036,5.046966714630358e+17,0.0,0.0,0.04354895410001422,0.011899283056192915,0.009873230272324757,0.004333052550684248,0.011087492737196392,0.00024462834287653174,0.0010965902857056587,0.0,0.0,0.0,0.0,0.0,0.0,0.0,0.0,0.0
218,MINERAL_003,MINERAL_003_0019,Xenotime,0.0,0.0,0.0,0.23961475889482187,0.012617749590440645,0.0,0.0,0.47403337311244115,16812.596296077783,1.2999520916886032e+17,0.0,0.0,0.04427325470283246,0.010098229020224173,0.008996244451235097,0.006308069085245265,0.011354501918934575,0.00020532700064624108,0.00128836280441509,0.0,0.0,0.0,0.0,0.0,0.0,0.0,0.0,0.0
219,MINERAL_003,MINERAL_003_0020,Xenotime,0.0,0.0,0.0,0.20320698237784668,0.013207833003035767,0.0,0.0,0.4177972255769791,12088.405887437832,4.991189408963579e+16,0.0,0.0,0.037806372061199384,0.010916060787379538,0.008528032346604287,0.005799797042755466,0.011412904012690742,0.0002319973871830252,0.0011593379479595985,0.0,0.0,0.0,0.0,0.0,0.0,0.0,0.0,0.0
220,MINERAL_003,MINERAL_003_0021,Xenotime,0.0,0.0,0.0,0.22150095097747993,0.014587248552163135,0.0,0.0,0.47278816179488914,8015.194318611997,1.3957943739305403e+18,0.0,0.0,0.03916097893074777,0.011473037207929696,0.008627515772566596,0.005296466019121886,0.01009328724211186,0.00023626636181676465,0.0011664895738531403,0.0,0.0,0.0,0.0,0.0,0.0,0.0,0.0,0.0
221,MINERAL_003,MINERAL_003_0022,Xenotime,0.0,0.0,0.0,0.21732621789537032,0.013134479192671689,0.0,0.0,0.40808901275803744,19986.779730299124,8.525281955692338e+16,0.0,0.0,0.04396483791203356,0.01143707941951998,0.009889643051348259,0.005980925805860589,0.01189185248014047,0.00024952241454894163,0.001050527569491836,0.0,0.0,0.0,0.0,0.0,0.0,0.0,0.0,0.0
222,MINERAL_003,MINERAL_003_0023,Xenotime,0.0,0.0,0.0,0.2420837621183203,0.014663819349428339,0.0,0.0,0.4496315291396972,19041.822426694147,6.3897137233296296e+16,0.0,0.0,0.049183751621031724,0.010593685897219934,0.009468295300972086,0.006417012527438749,0.010037952835641068,0.00023708894717778685,0.0011674127953514742,0.0,0.0,0.0,0.0,0.0,0.0,0.0,0.0,0.0
223,MINERAL_003,MINERAL_003_0024,Xenotime,0.0,0.0,0.0,0.22420622725529096,0.010828319218574913,0.0,0.0,0.5036022140703214,15839.050853438624,1.7560084625732118e+16,0.0,0.0,0.050864411738273954,0.011196319127239167,0.009102630805509307,0.0064134934609935915,0.01060871311307596,0.00023983143163178573,0.0010998363935481412,0.0,0.0,0.0,0.0,0.0,0.0,0.0,0.0,0.0
224,MINERAL_003,MINERAL_003_0025,Xenotime,0.0,0.0,0.0,0.21293901167369805,0.01277489994275588,0.0,0.0,0.4235985397627196,12445.63802416997,7.74970049774723e+17,0.0,0.0,0.03592590049722132,0.01175950636758696,0.008740607946076073,0.004843578894727101,0.01068501446888148,0.0002270154005761928,0.0012744858927214373,0.0,0.0,0.0,0.0,0.0,0.0,0.0,0.0,0.0
225,MINERAL_003,MINERAL_003_0026,Xenotime,0.0,0.0,0.0,0.20584628027342386,0.012411112509270272,0.0,0.0,0.4764306427091291,8939.698184629566,4.418263851717935e+16,0.0,0.0,0.03989813143917971,0.011401953498149951,0.009188759870222158,0.004991491690250428,0.011845766476038829,0.00020166502042483507,0.0014706468144969806,0.0,0.0,0.0,0.0,0.0,0.0,0.0,0.0,0.0
226,MINERAL_003,MINERAL_003_0027,Xenotime,0.0,0.0,0.0,0.2308071879007634,0.012043040190614474,0.0,0.0,0.5021476636848047,15697.179473885571,2.5000900559258796e+16,0.0,0.0,0.036004288505650704,0.011939678115737784,0.009569026056188453,0.005881367697663072,0.010765074778204906,0.0002339500897179707,0.0014223258280834116,0.0,0.0,0.0,0.0,0.0,0.0,0.0,0.0,0.0
227,MINERAL_003,MINERAL_003_0028,Xenotime,0.0,0.0,0.0,0.21758649829126184,0.013713061283194421,0.0,0.0,0.4093502481957485,10016.45393369596,6.826435121231077e+16,0.0,0.0,0.04720433022382297,0.011111628850954014,0.009923904923298197,0.005030872774121779,0.011451236408214766,0.0002200063955749742,0.0012820785380180694,0.0,0.0,0.0,0.0,0.0,0.0,0.0,0.0,0.0
228,MINERAL_003,MINERAL_003_0029,Xenotime,0.0,0.0,0.0,0.22567288801783722,0.011757251666029036,0.0,0.0,0.46318349456066654,13073.509696586923,3.60470798588606e+16,0.0,0.0,0.04455643669108094,0.011323692165533559,0.009608235084749386,0.006312554720357362,0.011648994905263261,0.00022613475821703922,0.0010638563859908245,0.0,0.0,0.0,0.0,0.0,0.0,0.0,0.0,0.0
229,MINERAL_003,MINERAL_003_0030,Xenotime,0.0,0.0,0.0,0.21812661465314626,0.012697907907420883,0.0,0.0,0.4106901842957092,9290.74208020887,6.275220005206084e+16,0.0,0.0,0.039754117378687594,0.01153968976039021,0.009766211188277935,0.0058133981579095995,0.010171807852843082,0.00023168342629648135,0.0013585629214328205,0.0,0.0,0.0,0.0,0.0,0.0,0.0,0.0,0.0
230,MINERAL_003,MINERAL_003_0031,Xenotime,0.0,0.0,0.0,0.24903378328116366,0.012515638615418262,0.0,0.0,0.4124763404556989,17229.975500346187,1.534104295818739e+16,0.0,0.0,0.03476280664110718,0.011285511763555052,0.00923123051525379,0.00431697199637326,0.010111084392407668,0.00022899193367621336,0.001107834712715577,0.0,0.0,0.0,0.0,0.0,0.0,0.0,0.0,0.0
231,MINERAL_003,MINERAL_003_0032,Xenotime,0.0,0.0,0.0,0.22028429387069626,0.014934278710457303,0.0,0.0,0.40352298492873007,19145.8314915439,1.894936842511986e+16,0.0,0.0,0.03850894876776265,0.011179187872859354,0.009927937483620499,0.005576792270067247,0.011948680953390104,0.00023569254825585385,0.001330851888667352,0.0,0.0,0.0,0.0,0.0,0.0,0.0,0.0,0.0
232,MINERAL_003,MINERAL_003_0033,Xenotime,0.0,0.0,0.0,0.24016969841424096,0.01063116142749345,0.0,0.0,0.4163818870900217,15841.01508281404,2.1964976629665117e+17,0.0,0.0,0.03412778999315596,0.011256404549302301,0.008910097114899514,0.004229096726317388,0.011415739036418576,0.00020520894655614005,0.0012857857615794313,0.0,0.0,0.0,0.0,0.0,0.0,0.0,0.0,0.0
233,MINERAL_003,MINERAL_003_0034,Xenotime,0.0,0.0,0.0,0.23384102521945235,0.013597271648280375,0.0,0.0,0.44917460857397545,9393.091258736345,2.7583678374827576e+16,0.0,0.0,0.0491163575966184,0.011642082231772918,0.009321282137792113,0.005607061837904033,0.010848768562955363,0.00022730281166678107,0.0014517182358174062,0.0,0.0,0.0,0.0,0.0,0.0,0.0,0.0,0.0
234,MINERAL_003,MINERAL_003_0035,Xenotime,0.0,0.0,0.0,0.21340780314424795,0.011522853060434447,0.0,0.0,0.49329473910966826,12580.769995468625,1.3503673058239896e+16,0.0,0.0,0.03686016320379605,0.011558897750260488,0.009188519556298146,0.006178733327051599,0.011431471657267878,0.0002100501664473615,0.0013349959396221534,0.0,0.0,0.0,0.0,0.0,0.0,0.0,0.0,0.0
235,MINERAL_003,MINERAL_003_0036,Xenotime,0.0,0.0,0.0,0.22504589759423638,0.01362450420687521,0.0,0.0,0.5188069485275016,18361.342710991685,3.224605904320553e+18,0.0,0.0,0.047803678064446624,0.011734945873757988,0.008854060990337184,0.004924748632370634,0.01036002304895584,0.0002337025296904457,0.0014685852407224573,0.0,0.0,0.0,0.0,0.0,0.0,0.0,0.0,0.0
236,MINERAL_003,MINERAL_003_0037,Xenotime,0.0,0.0,0.0,0.22024579946212125,0.011950584298340358,0.0,0.0,0.49465223607545883,9841.799989629948,2.198900731243101e+18,0.0,0.0,0.039081066970718004,0.011256587540433086,0.008815053197781782,0.005600603817051821,0.010739271940232257,0.000247842884310744,0.0011051498592781707,0.0,0.0,0.0,0.0,0.0,0.0,0.0,0.0,0.0
237,MINERAL_003,MINERAL_003_0038,Xenotime,0.0,0.0,0.0,0.23641248286789562,0.01408184437195649,0.0,0.0,0.43906400274313495,9045.29979554786,7.99444237702955e+17,0.0,0.0,0.0395261693307137,0.011771556475245259,0.009166925161137894,0.006066749208775463,0.011930208027090414,0.00022399692804921185,0.0012238321928466451,0.0,0.0,0.0,0.0,0.0,0.0,0.0,0.0,0.0
238,MINERAL_003,MINERAL_003_0039,Xenotime,0.0,0.0,0.0,0.21816050276080318,0.012241825296991313,0.0,0.0,0.45704586533083913,15405.69668945013,2.3850931748566746e+17,0.0,0.0,0.03923528627413102,0.011784463905275178,0.008625826531909875,0.005791231852468114,0.010406550649654758,0.00021049472632526825,0.0012008963217801014,0.0,0.0,0.0,0.0,0.0,0.0,0.0,0.0,0.0
239,MINERAL_003,MINERAL_003_0040,Xenotime,0.0,0.0,0.0,0.24388999186057644,0.011542002550207549,0.0,0.0,0.39765685977837006,18815.789830146103,8.806707061754891e+16,0.0,0.0,0.04205346907114174,0.011963473704017341,0.008527349719571172,0.004445106029819415,0.01029673932279871,0.0002163012065319773,0.0013622469227012354,0.0,0.0,0.0,0.0,0.0,0.0,0.0,0.0,0.0
240,MINERAL_003,MINERAL_003_0041,Xenotime,0.0,0.0,0.0,0.22303524507101533,0.012110522887385386,0.0,0.0,0.48244243920639374,18204.17310012956,2.5280959823892055e+18,0.0,0.0,0.0411027433186707,0.010795157266031832,0.009302836698276546,0.004152255764105036,0.010550067293114484,0.00023759872454169237,0.0011286113272063831,0.0,0.0,0.0,0.0,0.0,0.0,0.0,0.0,0.0
241,MINERAL_003,MINERAL_003_0042,Xenotime,0.0,0.0,0.0,0.24679084315206964,0.012924776229908445,0.0,0.0,0.39942601574169273,16817.207791706685,7.953554709648019e+18,0.0,0.0,0.04583095061722275,0.011863730555063066,0.009771233386176647,0.005106741524818538,0.010666394979465794,0.00020813663047905564,0.0010312263936101804,0.0,0.0,0.0,0.0,0.0,0.0,0.0,0.0,0.0
242,MINERAL_003,MINERAL_003_0043,Xenotime,0.0,0.0,0.0,0.2425094825030194,0.013017304128550036,0.0,0.0,0.5047395056508844,8051.090769288779,3.383828466896657e+17,0.0,0.0,0.03449358311816558,0.01012506539716784,0.009702752859277582,0.004011819229086538,0.010991161554561759,0.0002458933032308939,0.0014656609956932498,0.0,0.0,0.0,0.0,0.0,0.0,0.0,0.0,0.0
243,MINERAL_003,MINERAL_003_0044,Xenotime,0.0,0.0,0.0,0.21574702775032611,0.010753205338714754,0.0,0.0,0.48438751641365263,13712.171285178443,8.578768724731369e+17,0.0,0.0,0.04118975846731225,0.011728625025538694,0.008716544275263331,0.004821470139773175,0.010559161110490477,0.00022113798227069823,0.0014693051175537837,0.0,0.0,0.0,0.0,0.0,0.0,0.0,0.0,0.0
244,MINERAL_003,MINERAL_003_0045,Xenotime,0.0,0.0,0.0,0.22427106263549096,0.011734566702644451,0.0,0.0,0.4983376076174283,12880.436100622052,3.205870482818275e+17,0.0,0.0,0.03423966892106632,0.011849145164828436,0.008622872929884978,0.004434534026036094,0.01070787866420932,0.00022133498950997998,0.0012971128510971936,0.0,0.0,0.0,0.0,0.0,0.0,0.0,0.0,0.0
245,MINERAL_003,MINERAL_003_0046,Xenotime,0.0,0.0,0.0,0.22022985232851505,0.010819508702831618,0.0,0.0,0.4823299888978503,12029.619065534618,2.4018095854720024e+16,0.0,0.0,0.05055206139128578,0.010727532909877959,0.008580775281116492,0.006240946116070182,0.011227635709097215,0.00023389293871659643,0.00105336726699419,0.0,0.0,0.0,0.0,0.0,0.0,0.0,0.0,0.0
246,MINERAL_003,MINERAL_003_0047,Xenotime,0.0,0.0,0.0,0.24932609741522074,0.013682108107217723,0.0,0.0,0.480665889366545,10204.061518921575,2.0843693450234335e+18,0.0,0.0,0.049193346234147686,0.01017674159306823,0.008965982359147463,0.0049325960904265135,0.011461993017547509,0.0002304366619017165,0.0010257738378093104,0.0,0.0,0.0,0.0,0.0,0.0,0.0,0.0,0.0
247,MINERAL_003,MINERAL_003_0048,Xenotime,0.0,0.0,0.0,0.22337875951307784,0.010988781797240704,0.0,0.0,0.5109133644430625,19640.880934896988,4.774836282443076e+16,0.0,0.0,0.04399922114222237,0.01068440856390943,0.009387813984359974,0.004329323417179144,0.011820840164304519,0.0002429556277648683,0.0013124139835221124,0.0,0.0,0.0,0.0,0.0,0.0,0.0,0.0,0.0
248,MINERAL_003,MINERAL_003_0049,Xenotime,0.0,0.0,0.0,0.21690118241669049,0.014178824348304399,0.0,0.0,0.5046174573514468,16148.716196226753,1.7021416684169584e+16,0.0,0.0,0.042824703138573825,0.011936100887120622,0.009428211355910081,0.004637068452899177,0.011392205928479398,0.00020801064042211308,0.0013874576508432403,0.0,0.0,0.0,0.0,0.0,0.0,0.0,0.0,0.0
249,MINERAL_003,MINERAL_003_0050,Xenotime,0.0,0.0,0.0,0.22242344348018794,0.01213540549781724,0.0,0.0,0.40234635782853956,14000.984203208744,2.7256972938020296e+18,0.0,0.0,0.04125692775284345,0.010810849019301834,0.009849043952662732,0.006269105183435704,0.011481422961280446,0.00021092056745579816,0.0010938914304931926,0.0,0.0,0.0,0.0,0.0,0.0,0.0,0.0,0.0
250,MINERAL_003,MINERAL_003_0051,Xenotime,0.0,0.0,0.0,0.20866829806021475,0.013004248395934243,0.0,0.0,0.44934453424086235,9722.174310632927,6.763398681217157e+18,0.0,0.0,0.048774988487748173,0.011447039021001134,0.00966643250779315,0.005195345676516854,0.011415789898032838,0.000224898956196811,0.0012395460884492126,0.0,0.0,0.0,0.0,0.0,0.0,0.0,0.0,0.0
251,MINERAL_003,MINERAL_003_0052,Xenotime,0.0,0.0,0.0,0.22865462037979759,0.011921774618892872,0.0,0.0,0.4540540539413638,16217.563199214766,2.7737360432920896e+16,0.0,0.0,0.04174729380065518,0.01087278776518295,0.009658144981437525,0.0050906326730233336,0.011950809252903856,0.0002062792608897212,0.0013920392202787112,0.0,0.0,0.0,0.0,0.0,0.0,0.0,0.0,0.0
252,MINERAL_003,MINERAL_003_0053,Xenotime,0.0,0.0,0.0,0.23590233859361232,0.012969098059885008,0.0,0.0,0.4041665555116582,17314.740619692937,8.774279539825547e+16,0.0,0.0,0.03818712146474148,0.010192030173010668,0.009543236010181387,0.005020494901480105,0.010424188382068742,0.00022183515607595818,0.0010305442447583902,0.0,0.0,0.0,0.0,0.0,0.0,0.0,0.0,0.0
253,MINERAL_003,MINERAL_003_0054,Xenotime,0.0,0.0,0.0,0.24462627515975452,0.014588756821079971,0.0,0.0,0.4099854799120275,15005.13534724081,5.468518307545076e+18,0.0,0.0,0.04360777039256105,0.01098539315643799,0.009003659504458769,0.005488525121402179,0.011513153753780394,0.00022269115896356682,0.0013981071834547716,0.0,0.0,0.0,0.0,0.0,0.0,0.0,0.0,0.0
254,MINERAL_003,MINERAL_003_0055,Xenotime,0.0,0.0,0.0,0.23944551247928933,0.010694276083276432,0.0,0.0,0.5179569243298465,16928.31839066378,1.6524395211890301e+18,0.0,0.0,0.04533621044556555,0.01098375249335129,0.009856290296474075,0.005684486207533012,0.010078589258565085,0.00022519898758346989,0.001454688040792119,0.0,0.0,0.0,0.0,0.0,0.0,0.0,0.0,0.0
255,MINERAL_003,MINERAL_003_0056,Xenotime,0.0,0.0,0.0,0.22423019801391658,0.013858302857352036,0.0,0.0,0.4253028199825533,10359.923279201848,2.956170355292265e+18,0.0,0.0,0.03959022437193518,0.011149455941014736,0.009850732550811106,0.005833224244495558,0.010333167177203843,0.00020488472307973713,0.0012192024117368757,0.0,0.0,0.0,0.0,0.0,0.0,0.0,0.0,0.0
256,MINERAL_003,MINERAL_003_0057,Xenotime,0.0,0.0,0.0,0.21560689775682662,0.013326055256005925,0.0,0.0,0.5066297452611683,10169.941893276222,1.174244788848729e+18,0.0,0.0,0.0402212253942381,0.011128601136283667,0.009722445889342152,0.004390730967680114,0.010144194728712193,0.00020776058684738989,0.0011205104817887327,0.0,0.0,0.0,0.0,0.0,0.0,0.0,0.0,0.0
257,MINERAL_003,MINERAL_003_0058,Xenotime,0.0,0.0,0.0,0.23476909775877608,0.012029108155705287,0.0,0.0,0.41135050391813105,16662.483902187974,3.274700990105658e+18,0.0,0.0,0.049172589141752744,0.011338726269229145,0.009944120776644345,0.006173045978028946,0.01147603566887142,0.00021478399654838653,0.0011952371157105482,0.0,0.0,0.0,0.0,0.0,0.0,0.0,0.0,0.0
258,MINERAL_003,MINERAL_003_0059,Xenotime,0.0,0.0,0.0,0.22897777487742776,0.014855495664413323,0.0,0.0,0.407206578316009,10878.532740599516,1.481579026387643e+16,0.0,0.0,0.048581942953958554,0.0116247226183487,0.009538190693928807,0.0058346942864545516,0.011297792873331812,0.0002430453274327898,0.001197148928083585,0.0,0.0,0.0,0.0,0.0,0.0,0.0,0.0,0.0
259,MINERAL_003,MINERAL_003_0060,Xenotime,0.0,0.0,0.0,0.21947666761751677,0.013961441126002679,0.0,0.0,0.43125594234701153,12799.067881873321,3.3858112833644966e+17,0.0,0.0,0.050423439476709964,0.011954871136194402,0.009443637182568337,0.005291994560409012,0.010367046164327962,0.0002154629206688571,0.001104678820503007,0.0,0.0,0.0,0.0,0.0,0.0,0.0,0.0,0.0
260,MINERAL_003,MINERAL_003_0061,Xenotime,0.0,0.0,0.0,0.22298397216063084,0.010769080036465348,0.0,0.0,0.42996493264733093,17792.812271567578,3.4825664429686726e+17,0.0,0.0,0.037761705997393445,0.010322376629132272,0.009544605099527629,0.005214431215314333,0.011909458213399171,0.0002263394486884858,0.001160580311348995,0.0,0.0,0.0,0.0,0.0,0.0,0.0,0.0,0.0
261,MINERAL_003,MINERAL_003_0062,Xenotime,0.0,0.0,0.0,0.2307692842484162,0.012292774768969297,0.0,0.0,0.4448671742780721,15926.595036737817,1.083559211709999e+18,0.0,0.0,0.04757132699124299,0.01150343426073685,0.00878597839503872,0.004173997214801175,0.011913239699046368,0.00020625093921916384,0.0012346859412700661,0.0,0.0,0.0,0.0,0.0,0.0,0.0,0.0,0.0
262,MINERAL_003,MINERAL_003_0063,Xenotime,0.0,0.0,0.0,0.20644498699930053,0.013559344212913618,0.0,0.0,0.4330295308040996,18264.71805974219,3.674291423126618e+16,0.0,0.0,0.0407030732361592,0.010164636493874824,0.008615580774639298,0.0062614487873291005,0.011525818548299205,0.00020811203886665896,0.0014460158082501093,0.0,0.0,0.0,0.0,0.0,0.0,0.0,0.0,0.0
263,MINERAL_003,MINERAL_003_0064,Xenotime,0.0,0.0,0.0,0.2294739819514296,0.014615115600257966,0.0,0.0,0.4638497984797621,11322.752573245525,3.904108874772956e+16,0.0,0.0,0.04878596597419109,0.011209596950411982,0.008805849338143509,0.005123896491120456,0.01058529789255488,0.0002251689514446811,0.0014003610153126788,0.0,0.0,0.0,0.0,0.0,0.0,0.0,0.0,0.0
264,MINERAL_003,MINERAL_003_0065,Xenotime,0.0,0.0,0.0,0.227603053351415,0.014215164482718898,0.0,0.0,0.4023870060029493,8894.6930490543,4.373186517017205e+17,0.0,0.0,0.05076220317469065,0.010892863826645493,0.008855546897883364,0.006409049916634996,0.010425918768356414,0.00021354797458121775,0.0012612482580060698,0.0,0.0,0.0,0.0,0.0,0.0,0.0,0.0,0.0
265,MINERAL_003,MINERAL_003_0066,Xenotime,0.0,0.0,0.0,0.2243560152214499,0.014782586631919274,0.0,0.0,0.4937370730306545,17145.818441090523,6.91860054110457e+17,0.0,0.0,0.038578858311727526,0.011851705879367735,0.008964517885697234,0.004036170485772509,0.011223009259453498,0.00024072305842133752,0.0010582407535799808,0.0,0.0,0.0,0.0,0.0,0.0,0.0,0.0,0.0
266,MINERAL_003,MINERAL_003_0067,Xenotime,0.0,0.0,0.0,0.22747106663025857,0.011437532349953972,0.0,0.0,0.4249253281621307,10265.541914684123,4.672309543498987e+16,0.0,0.0,0.0439920232741021,0.011279186492435882,0.009062796806274006,0.005301055908032284,0.011111226827212408,0.00022289954476310776,0.001243876832428627,0.0,0.0,0.0,0.0,0.0,0.0,0.0,0.0,0.0
267,MINERAL_003,MINERAL_003_0068,Xenotime,0.0,0.0,0.0,0.24894951362543938,0.014205234355495946,0.0,0.0,0.508483938679907,19335.612858748813,6.350781454692369e+18,0.0,0.0,0.03541608684508993,0.011007874402481804,0.009642750500442838,0.005237363059823871,0.011662387117102904,0.00023204695062775563,0.0012866582354852801,0.0,0.0,0.0,0.0,0.0,0.0,0.0,0.0,0.0
268,MINERAL_003,MINERAL_003_0069,Xenotime,0.0,0.0,0.0,0.2085555528307745,0.011362897668234817,0.0,0.0,0.5072267173565616,10872.914191311884,7.37342753880551e+17,0.0,0.0,0.049555231020929215,0.010570684783386786,0.009080168243963318,0.006170831076881175,0.010790035101633143,0.00023293305350093364,0.0011888706907944497,0.0,0.0,0.0,0.0,0.0,0.0,0.0,0.0,0.0
269,MINERAL_003,MINERAL_003_0070,Xenotime,0.0,0.0,0.0,0.22637633720887304,0.011566194246039368,0.0,0.0,0.3920615140456643,9403.53020648953,7.628671249527526e+16,0.0,0.0,0.039021313595111844,0.010657421113663983,0.009929747779873686,0.005062905317739861,0.011009192155177537,0.00022454472126974334,0.00115514508516595,0.0,0.0,0.0,0.0,0.0,0.0,0.0,0.0,0.0
270,MINERAL_003,MINERAL_003_0071,Xenotime,0.0,0.0,0.0,0.23531525808947756,0.013353324302928179,0.0,0.0,0.5009786919776937,9062.988112816942,7.157434888026801e+16,0.0,0.0,0.040697993044153655,0.01171258435852531,0.009901857162330297,0.005258493943238119,0.010408561006271178,0.00022247667974333382,0.0011331854596047328,0.0,0.0,0.0,0.0,0.0,0.0,0.0,0.0,0.0
271,MINERAL_003,MINERAL_003_0072,Xenotime,0.0,0.0,0.0,0.22692575022118924,0.011076569916376552,0.0,0.0,0.4778288025771072,9148.664379964439,1.5993305269425822e+16,0.0,0.0,0.03462583022393362,0.010501848643276199,0.009976157289569685,0.005794148152809171,0.01051517527016924,0.00024411737570017954,0.001126282995716133,0.0,0.0,0.0,0.0,0.0,0.0,0.0,0.0,0.0
272,MINERAL_003,MINERAL_003_0073,Xenotime,0.0,0.0,0.0,0.22027851381582592,0.01192191481602355,0.0,0.0,0.3948984380027711,17843.9865518325,1.4685857939903299e+18,0.0,0.0,0.04299911714010005,0.010895540223566048,0.00903367690221141,0.005829732353189202,0.010489167487341335,0.0002270683863771353,0.0014591489621840674,0.0,0.0,0.0,0.0,0.0,0.0,0.0,0.0,0.0
273,MINERAL_003,MINERAL_003_0074,Xenotime,0.0,0.0,0.0,0.2379573386536413,0.01498489629308972,0.0,0.0,0.43016321826694104,9922.514639013272,3.2009353331138144e+16,0.0,0.0,0.04382568254179818,0.011448175476941585,0.00977135480628315,0.00528236249740361,0.010641782854819072,0.00022113317812865892,0.0014156918843187842,0.0,0.0,0.0,0.0,0.0,0.0,0.0,0.0,0.0
274,MINERAL_003,MINERAL_003_0075,Xenotime,0.0,0.0,0.0,0.23563024438343566,0.014258948271001708,0.0,0.0,0.46335243396158243,8234.38319787307,6.590471931994642e+18,0.0,0.0,0.04669109031359096,0.01058431766889967,0.009774403531655635,0.005714611267684614,0.01130692169088212,0.0002306839868407728,0.0014746022172920578,0.0,0.0,0.0,0.0,0.0,0.0,0.0,0.0,0.0
275,MINERAL_003,MINERAL_003_0076,Xenotime,0.0,0.0,0.0,0.21013463678261662,0.013443220135086958,0.0,0.0,0.46723009182886305,9580.511912930875,9.261241554305466e+18,0.0,0.0,0.035389355167732686,0.011586756203398574,0.00952578453001853,0.004711687156862422,0.010690306453591172,0.0002106007202839499,0.0014472750579986868,0.0,0.0,0.0,0.0,0.0,0.0,0.0,0.0,0.0
276,MINERAL_003,MINERAL_003_0077,Xenotime,0.0,0.0,0.0,0.2491351085537174,0.010772766668644752,0.0,0.0,0.4785057430131969,19856.248927938403,1.9597505306404448e+17,0.0,0.0,0.04531637913425676,0.010561695695513726,0.009244969865552337,0.0052379751227384615,0.010745657694118508,0.0002497392142846428,0.0010255509018641258,0.0,0.0,0.0,0.0,0.0,0.0,0.0,0.0,0.0
277,MINERAL_003,MINERAL_003_0078,Xenotime,0.0,0.0,0.0,0.23933806890283355,0.013877983943718909,0.0,0.0,0.47221613725028255,18332.114568286597,5.4635148505329075e+17,0.0,0.0,0.04035508437667355,0.011003186080809503,0.009152501703958477,0.004118612997563915,0.010927323999082403,0.00022316073294068354,0.0011040904704745253,0.0,0.0,0.0,0.0,0.0,0.0,0.0,0.0,0.0
278,MINERAL_003,MINERAL_003_0079,Xenotime,0.0,0.0,0.0,0.20029415331775935,0.012446599402380543,0.0,0.0,0.5120313236404688,15676.132981320872,4.739123355079437e+18,0.0,0.0,0.04881258307113673,0.011281135157569474,0.009462556594145657,0.005814799819746525,0.010509453815705708,0.00020353089847109692,0.0011778606671129543,0.0,0.0,0.0,0.0,0.0,0.0,0.0,0.0,0.0
279,MINERAL_003,MINERAL_003_0080,Xenotime,0.0,0.0,0.0,0.22795272234404163,0.013136966272767931,0.0,0.0,0.4858255470563275,19370.619760748297,7.207169230686496e+18,0.0,0.0,0.041498941414691695,0.010588255114319602,0.009087344543481082,0.005180608277013823,0.010481422759025635,0.0002158400034535595,0.0010433223705936328,0.0,0.0,0.0,0.0,0.0,0.0,0.0,0.0,0.0
280,MINERAL_003,MINERAL_003_0081,Xenotime,0.0,0.0,0.0,0.23812360021324297,0.012906018183912198,0.0,0.0,0.48683121630841913,17210.524300585537,5.3715134399916664e+16,0.0,0.0,0.04614894031515068,0.011383594881909246,0.008512314172874536,0.004879732546545116,0.010617114094153847,0.00021976908648756473,0.001462456539373835,0.0,0.0,0.0,0.0,0.0,0.0,0.0,0.0,0.0
281,MINERAL_003,MINERAL_003_0082,Xenotime,0.0,0.0,0.0,0.21219221019776388,0.011620926501893544,0.0,0.0,0.40415512738775733,8738.065422326184,6.353380587592102e+16,0.0,0.0,0.04670881882459466,0.011424353403701163,0.009617913954622567,0.005060174914206926,0.01011569065820669,0.00020182401373637784,0.001017930815254223,0.0,0.0,0.0,0.0,0.0,0.0,0.0,0.0,0.0
282,MINERAL_003,MINERAL_003_0083,Xenotime,0.0,0.0,0.0,0.23764529602868023,0.011088735846474844,0.0,0.0,0.45417258543796357,11550.296512954275,2.9906542135819223e+18,0.0,0.0,0.046723295275552745,0.010847564869404155,0.008635340660114173,0.00412160338586999,0.010112786659659218,0.00021628523490228069,0.001032739126846068,0.0,0.0,0.0,0.0,0.0,0.0,0.0,0.0,0.0
283,MINERAL_003,MINERAL_003_0084,Xenotime,0.0,0.0,0.0,0.20142723339728988,0.010618546432450247,0.0,0.0,0.5026776346893828,16987.35203172046,1.7325303792326576e+16,0.0,0.0,0.046116559302744886,0.011026408305553516,0.00999756832849443,0.004318738080649648,0.011172462807166482,0.0002084781034508104,0.0011006833309352459,0.0,0.0,0.0,0.0,0.0,0.0,0.0,0.0,0.0
284,MINERAL_003,MINERAL_003_0085,Xenotime,0.0,0.0,0.0,0.20394884501997415,0.01442848494457675,0.0,0.0,0.39237316399878375,8654.843496398438,6.84368446904242e+16,0.0,0.0,0.04311885419793105,0.010250638938461105,0.009337120196913155,0.00435174889304051,0.011105925313043266,0.00021519061578351533,0.001288949943636411,0.0,0.0,0.0,0.0,0.0,0.0,0.0,0.0,0.0
285,MINERAL_003,MINERAL_003_0086,Xenotime,0.0,0.0,0.0,0.23842626566994166,0.01107698711154033,0.0,0.0,0.4137774836962736,14556.77320739475,1.3730397028896309e+17,0.0,0.0,0.045390080750118966,0.010285820162026746,0.00987728999930672,0.004902452309475815,0.011001877159192396,0.0002309050511579742,0.0010759357781032753,0.0,0.0,0.0,0.0,0.0,0.0,0.0,0.0,0.0
286,MINERAL_003,MINERAL_003_0087,Xenotime,0.0,0.0,0.0,0.2490866447843453,0.01191784021823877,0.0,0.0,0.40464838415108095,18037.04598172942,9.583559667471926e+16,0.0,0.0,0.03956079846181166,0.01154870781993556,0.009487899606238975,0.006098371167831406,0.010625458492275468,0.00023414377374056454,0.0014190087978861049,0.0,0.0,0.0,0.0,0.0,0.0,0.0,0.0,0.0
287,MINERAL_003,MINERAL_003_0088,Xenotime,0.0,0.0,0.0,0.22546873061591677,0.010933552480988951,0.0,0.0,0.5009286956975364,16578.379541937542,3.200617571299018e+16,0.0,0.0,0.04324090964235724,0.01015168661718912,0.009790179907162376,0.006179949169320826,0.010810605632958053,0.00023888322200960285,0.0010702768344075897,0.0,0.0,0.0,0.0,0.0,0.0,0.0,0.0,0.0
288,MINERAL_003,MINERAL_003_0089,Xenotime,0.0,0.0,0.0,0.21459974302501222,0.014143019924630584,0.0,0.0,0.3962990393442893,15106.81282398746,1.735206688684922e+17,0.0,0.0,0.037664254194749745,0.010523448376138552,0.009593114081458985,0.006137296927407083,0.010081404040136457,0.0002257504891429921,0.0012866298904172528,0.0,0.0,0.0,0.0,0.0,0.0,0.0,0.0,0.0
289,MINERAL_003,MINERAL_003_0090,Xenotime,0.0,0.0,0.0,0.2151119334911562,0.012496355335223829,0.0,0.0,0.45492575637083527,11276.672700088111,4.320600404814143e+17,0.0,0.0,0.04009025621166877,0.010772454229043195,0.009114847091184517,0.005523967632986206,0.010245358665203314,0.00022777748151736512,0.0011880364595359173,0.0,0.0,0.0,0.0,0.0,0.0,0.0,0.0,0.0
290,MINERAL_003,MINERAL_003_0091,Xenotime,0.0,0.0,0.0,0.2104299056777355,0.011416748914508239,0.0,0.0,0.45540168296894246,14727.65487009747,5.067013231073199e+18,0.0,0.0,0.050482255209477925,0.01017095791170658,0.008600972393080957,0.004529817960340758,0.010711487672714447,0.0002454028656478089,0.001250422655076996,0.0,0.0,0.0,0.0,0.0,0.0,0.0,0.0,0.0
291,MINERAL_003,MINERAL_003_0092,Xenotime,0.0,0.0,0.0,0.20264588067918066,0.010945457793511457,0.0,0.0,0.4894145275572628,18418.418810834068,1.2145109613347392e+17,0.0,0.0,0.04683923305465412,0.01007538963418194,0.008646146839681077,0.0055582171436798404,0.01169971510822053,0.0002478634578546602,0.0013438906628574136,0.0,0.0,0.0,0.0,0.0,0.0,0.0,0.0,0.0
292,MINERAL_003,MINERAL_003_0093,Xenotime,0.0,0.0,0.0,0.24848973172523425,0.013234824193615486,0.0,0.0,0.4351722591955807,14489.780141333482,1.5869819729581793e+18,0.0,0.0,0.03698545766635339,0.01002337150403419,0.008789973680086955,0.0060644639652003085,0.010531218476033503,0.0002474037102728047,0.0010862304159436058,0.0,0.0,0.0,0.0,0.0,0.0,0.0,0.0,0.0
293,MINERAL_003,MINERAL_003_0094,Xenotime,0.0,0.0,0.0,0.20367459419782385,0.013951130992765015,0.0,0.0,0.5110844611478333,13495.00441417373,1.3367485664127424e+17,0.0,0.0,0.03527232124541076,0.011155499993502543,0.009973298875420753,0.004214502305077283,0.010697654288955905,0.00023060704098519538,0.0010694741033495817,0.0,0.0,0.0,0.0,0.0,0.0,0.0,0.0,0.0
294,MINERAL_003,MINERAL_003_0095,Xenotime,0.0,0.0,0.0,0.22554741350222252,0.01421049763901909,0.0,0.0,0.42889676905686314,12725.68330525629,6.378940077515585e+17,0.0,0.0,0.04919806265446338,0.011993401417848392,0.009369742691856055,0.005475210717362606,0.010077710990227355,0.00022806140764734762,0.0012024157444488317,0.0,0.0,0.0,0.0,0.0,0.0,0.0,0.0,0.0
295,MINERAL_003,MINERAL_003_0096,Xenotime,0.0,0.0,0.0,0.2203733571972802,0.014445652779717062,0.0,0.0,0.4616468328909549,8946.318313714162,3.789680147192002e+18,0.0,0.0,0.04537941731573777,0.010299952465100532,0.009461835193913682,0.004601526297475502,0.010269079409104532,0.0002161520169750339,0.001285836876228954,0.0,0.0,0.0,0.0,0.0,0.0,0.0,0.0,0.0
296,MINERAL_003,MINERAL_003_0097,Xenotime,0.0,0.0,0.0,0.22873169699355766,0.010388027691674403,0.0,0.0,0.39748218374767774,13103.418408133373,5.513656497055813e+17,0.0,0.0,0.03447817357442247,0.011352756822664314,0.00880135587697657,0.004764712301834418,0.01064392126487308,0.00023545282791332252,0.0011771749824228649,0.0,0.0,0.0,0.0,0.0,0.0,0.0,0.0,0.0
297,MINERAL_003,MINERAL_003_0098,Xenotime,0.0,0.0,0.0,0.23194923404812745,0.01295370118179388,0.0,0.0,0.46738988431206835,16650.254650936222,1.3793486525551078e+18,0.0,0.0,0.04809536036157862,0.011211834385894225,0.00860988279965533,0.004884788975725162,0.011400424504796542,0.00021965675690734202,0.0013352621777471658,0.0,0.0,0.0,0.0,0.0,0.0,0.0,0.0,0.0
298,MINERAL_003,MINERAL_003_0099,Xenotime,0.0,0.0,0.0,0.20713776784842755,0.0106631391461477,0.0,0.0,0.4735957396300403,19060.42902081779,1.0249789450789486e+17,0.0,0.0,0.03583399784390207,0.01123046668318607,0.009280829128670036,0.005121058010006698,0.011131139722233873,0.00024059880918749795,0.0012831072035490083,0.0,0.0,0.0,0.0,0.0,0.0,0.0,0.0,0.0
299,MINERAL_003,MINERAL_003_0100,Xenotime,0.0,0.0,0.0,0.22432506035750788,0.010186489679890892,0.0,0.0,0.4863552242357363,19964.656900868264,7.520369300785069e+17,0.0,0.0,0.04841443621352738,0.01164927277132343,0.009811710490201943,0.005803555608816171,0.011153994696829934,0.00020645954862055996,0.0013625674754851437,0.0,0.0,0.0,0.0,0.0,0.0,0.0,0.0,0.0
300,MINERAL_004,MINERAL_004_0001,Parisite,0.309230805943292,0.166759353608956,0.09765807492029488,0.0,0.2556279537821884,0.008209005282225672,0.0,0.0,13099.556485950865,2.8020528251785555e+17,0.2672651081486311,0.5395736095042175,0.0,0.0,0.0,0.0,0.0,0.0,0.0,0.04623974645539745,0.0,0.0,0.0,0.0,0.0,0.0,0.0,0.0
301,MINERAL_004,MINERAL_004_0002,Parisite,0.2784681308791308,0.15716009027111,0.0942415105552572,0.0,0.15683735302150656,0.008177892016602108,0.0,0.0,17019.357905291145,3.8503236283071336e+16,0.2554150230049036,0.5787476057439124,0.0,0.0,0.0,0.0,0.0,0.0,0.0,0.052838689071782935,0.0,0.0,0.0,0.0,0.0,0.0,0.0,0.0
302,MINERAL_004,MINERAL_004_0003,Parisite,0.2597013111368544,0.16876689254219604,0.09586726775104457,0.0,0.18709369865777103,0.008216180422000242,0.0,0.0,14742.613216323249,1.6652641077898132e+16,0.21927682662871084,0.5578848099611508,0.0,0.0,0.0,0.0,0.0,0.0,0.0,0.05154464779558616,0.0,0.0,0.0,0.0,0.0,0.0,0.0,0.0
303,MINERAL_004,MINERAL_004_0004,Parisite,0.24541026962554208,0.16889448509146196,0.11567165085253181,0.0,0.28266834552759074,0.008164852900476145,0.0,0.0,16279.812796979357,8.04197738920926e+17,0.24762658367685342,0.6069495532108746,0.0,0.0,0.0,0.0,0.0,0.0,0.0,0.04675968304439584,0.0,0.0,0.0,0.0,0.0,0.0,0.0,0.0
304,MINERAL_004,MINERAL_004_0005,Parisite,0.2711128647180262,0.14638791717474045,0.1115869222898187,0.0,0.1578219795905203,0.00858193086339024,0.0,0.0,12969.557909644616,3.057034701411728e+17,0.27115856061834986,0.5106567518623282,0.0,0.0,0.0,0.0,0.0,0.0,0.0,0.05495545638940822,0.0,0.0,0.0,0.0,0.0,0.0,0.0,0.0
305,MINERAL_004,MINERAL_004_0006,Parisite,0.27309655788288395,0.16376377287179508,0.09327573207105797,0.0,0.14180730369346534,0.008198842045356114,0.0,0.0,8204.754094345491,2.4907265574886723e+18,0.2797274012253435,0.6000150123535452,0.0,0.0,0.0,0.0,0.0,0.0,0.0,0.051618619657886305,0.0,0.0,0.0,0.0,0.0,0.0,0.0,0.0
306,MINERAL_004,MINERAL_004_0007,Parisite,0.2433965400634512,0.18657530155326374,0.10836755155888175,0.0,0.14183665600031575,0.008558275027520315,0.0,0.0,12586.638583085629,2.2363176314897188e+16,0.22012226927856007,0.5053276370787345,0.0,0.0,0.0,0.0,0.0,0.0,0.0,0.04687327858800661,0.0,0.0,0.0,0.0,0.0,0.0,0.0,0.0
307,MINERAL_004,MINERAL_004_0008,Parisite,0.2514327113745787,0.15413542822196688,0.0830466344616475,0.0,0.18237135174897878,0.008212096032590903,0.0,0.0,8690.119999339599,1.3462904449062672e+17,0.23545445417198085,0.5223106029392452,0.0,0.0,0.0,0.0,0.0,0.0,0.0,0.05457873374782089,0.0,0.0,0.0,0.0,0.0,0.0,0.0,0.0
308,MINERAL_004,MINERAL_004_0009,Parisite,0.2481165498048561,0.16461301233000192,0.08799378959002796,0.0,0.12102822544111556,0.008957049639729514,0.0,0.0,17736.073458410883,6.080249487453882e+17,0.25947210500109974,0.5785167261823585,0.0,0.0,0.0,0.0,0.0,0.0,0.0,0.05065325386230536,0.0,0.0,0.0,0.0,0.0,0.0,0.0,0.0
309,MINERAL_004,MINERAL_004_0010,Parisite,0.2839174177893098,0.1478512926709954,0.10990458231072975,0.0,0.17980916606554465,0.008900257009430979,0.0,0.0,10035.720857178227,1.057385295101942e+17,0.2040913343726131,0.5741901587737528,0.0,0.0,0.0,0.0,0.0,0.0,0.0,0.04739214307573834,0.0,0.0,0.0,0.0,0.0,0.0,0.0,0.0
310,MINERAL_004,MINERAL_004_0011,Parisite,0.29993274340169374,0.18561402716848308,0.10535109980805694,0.0,0.13100098241692512,0.00823075033872824,0.0,0.0,11982.910034653058,6.00120828527534e+18,0.20634688794103892,0.5223938368752677,0.0,0.0,0.0,0.0,0.0,0.0,0.0,0.0489247508683395,0.0,0.0,0.0,0.0,0.0,0.0,0.0,0.0
311,MINERAL_004,MINERAL_004_0012,Parisite,0.2855071694761287,0.16182203739219125,0.07875571856809324,0.0,0.18976712609515417,0.008887205965117016,0.0,0.0,15855.218195786421,2.9655264035384908e+16,0.2198094407369882,0.5725458323187858,0.0,0.0,0.0,0.0,0.0,0.0,0.0,0.051554687417305484,0.0,0.0,0.0,0.0,0.0,0.0,0.0,0.0
312,MINERAL_004,MINERAL_004_0013,Parisite,0.309350517933046,0.14579511701457243,0.07167324314735196,0.0,0.153745311695412,0.00876974898237937,0.0,0.0,17546.781326050204,4.590996236978057e+17,0.27968589190887133,0.5313306559415895,0.0,0.0,0.0,0.0,0.0,0.0,0.0,0.048527122429691275,0.0,0.0,0.0,0.0,0.0,0.0,0.0,0.0
313,MINERAL_004,MINERAL_004_0014,Parisite,0.27292455238826496,0.1476771591390129,0.06367124510227708,0.0,0.2770653086300545,0.008970105875630668,0.0,0.0,16662.407205770898,2.1067377834307407e+18,0.21064839628091944,0.5410113505290127,0.0,0.0,0.0,0.0,0.0,0.0,0.0,0.052341247522771875,0.0,0.0,0.0,0.0,0.0,0.0,0.0,0.0
314,MINERAL_004,MINERAL_004_0015,Parisite,0.2832806138497151,0.14766425278692677,0.07540530090441007,0.0,0.12143201104474706,0.008481873034754174,0.0,0.0,12111.707807229548,1.869623704234659e+16,0.2749955411789518,0.5608592093430345,0.0,0.0,0.0,0.0,0.0,0.0,0.0,0.04557155138216029,0.0,0.0,0.0,0.0,0.0,0.0,0.0,0.0
315,MINERAL_004,MINERAL_004_0016,Parisite,0.2597867044571817,0.16036528453415683,0.0641498055308552,0.0,0.2837838913627666,0.008203489707476568,0.0,0.0,17170.240619390825,3.951493042585125e+16,0.2916543489277018,0.5999599775314789,0.0,0.0,0.0,0.0,0.0,0.0,0.0,0.05196147582967385,0.0,0.0,0.0,0.0,0.0,0.0,0.0,0.0
316,MINERAL_004,MINERAL_004_0017,Parisite,0.3083202321072279,0.15234215964051215,0.09491791031696421,0.0,0.10752446215984904,0.008004308494606633,0.0,0.0,13016.8938504849,4.272075578426192e+16,0.21522857454673255,0.5533416024836739,0.0,0.0,0.0,0.0,0.0,0.0,0.0,0.0515621813497786,0.0,0.0,0.0,0.0,0.0,0.0,0.0,0.0
317,MINERAL_004,MINERAL_004_0018,Parisite,0.28711475993921726,0.14997762509828502,0.10584768952087276,0.0,0.2547627415591885,0.0080773466559502,0.0,0.0,10885.41080721049,4.5790459576731904e+17,0.22380644950963877,0.5370118806948693,0.0,0.0,0.0,0.0,0.0,0.0,0.0,0.04655348729660079,0.0,0.0,0.0,0.0,0.0,0.0,0.0,0.0
318,MINERAL_004,MINERAL_004_0019,Parisite,0.2708371622142181,0.15454317946463172,0.11432682331770691,0.0,0.10295192459347496,0.008662050348914277,0.0,0.0,17452.967529490106,5.437290523214372e+17,0.2134469848956756,0.5640316560035986,0.0,0.0,0.0,0.0,0.0,0.0,0.0,0.05160152873637339,0.0,0.0,0.0,0.0,0.0,0.0,0.0,0.0
319,MINERAL_004,MINERAL_004_0020,Parisite,0.26027811381764665,0.16180662981001767,0.09723323251601393,0.0,0.15366244935448295,0.008105732064965274,0.0,0.0,16266.682337385417,1.162330678751861e+16,0.29000302815507845,0.5289262631681942,0.0,0.0,0.0,0.0,0.0,0.0,0.0,0.047429707603125856,0.0,0.0,0.0,0.0,0.0,0.0,0.0,0.0
320,MINERAL_004,MINERAL_004_0021,Parisite,0.27567897788329987,0.14749071878102346,0.0784421124239779,0.0,0.23336712516801,0.008908529956685864,0.0,0.0,10180.417878193079,1.576421540836606e+18,0.280294744437663,0.6139199856574449,0.0,0.0,0.0,0.0,0.0,0.0,0.0,0.04641564588675736,0.0,0.0,0.0,0.0,0.0,0.0,0.0,0.0
321,MINERAL_004,MINERAL_004_0022,Parisite,0.2478722627057196,0.15918519844738743,0.10523982584409577,0.0,0.27311386541262556,0.008031392909685868,0.0,0.0,14748.663188370501,2.4100153690514734e+18,0.21283891379633127,0.5033717384590075,0.0,0.0,0.0,0.0,0.0,0.0,0.0,0.04932855972669182,0.0,0.0,0.0,0.0,0.0,0.0,0.0,0.0
322,MINERAL_004,MINERAL_004_0023,Parisite,0.25588683525396,0.15077524668688969,0.10703682828264,0.0,0.12241718918411469,0.00865392472270712,0.0,0.0,11234.986023860107,1.4731126276734124e+16,0.2944971259405215,0.5627730525638913,0.0,0.0,0.0,0.0,0.0,0.0,0.0,0.04564631536349053,0.0,0.0,0.0,0.0,0.0,0.0,0.0,0.0
323,MINERAL_004,MINERAL_004_0024,Parisite,0.2734986613263186,0.16068017066154044,0.1054683775171763,0.0,0.19775600991221487,0.008414107683382929,0.0,0.0,10415.986473379118,7.110891893262547e+16,0.2468377994602628,0.5613421425075381,0.0,0.0,0.0,0.0,0.0,0.0,0.0,0.04692061185000343,0.0,0.0,0.0,0.0,0.0,0.0,0.0,0.0
324,MINERAL_004,MINERAL_004_0025,Parisite,0.2569930709746079,0.17584582268833654,0.07462991933318508,0.0,0.13391169943744236,0.008025465165941043,0.0,0.0,8922.027558976471,2.1218629184735427e+18,0.256776106312063,0.5263613547245533,0.0,0.0,0.0,0.0,0.0,0.0,0.0,0.05169010025952944,0.0,0.0,0.0,0.0,0.0,0.0,0.0,0.0
325,MINERAL_004,MINERAL_004_0026,Parisite,0.26715877623250167,0.18165674248607233,0.11882979106142363,0.0,0.2172066818965277,0.008109136315935605,0.0,0.0,8257.800829669122,1.3981699206720043e+17,0.2746675726261337,0.59223899067506,0.0,0.0,0.0,0.0,0.0,0.0,0.0,0.04551485804167614,0.0,0.0,0.0,0.0,0.0,0.0,0.0,0.0
326,MINERAL_004,MINERAL_004_0027,Parisite,0.2973211399295764,0.18400051516352958,0.05695999515060783,0.0,0.1818885165804731,0.008095736939148362,0.0,0.0,19980.898751984016,2.7604743753383823e+18,0.27219051817390005,0.6185988914814722,0.0,0.0,0.0,0.0,0.0,0.0,0.0,0.04740180878250704,0.0,0.0,0.0,0.0,0.0,0.0,0.0,0.0
327,MINERAL_004,MINERAL_004_0028,Parisite,0.24521785496130827,0.1493242751645134,0.07856816349969126,0.0,0.12580288225921166,0.008549211107475568,0.0,0.0,10830.525415178838,1.4434539049878147e+17,0.26761107146951474,0.61581325216921,0.0,0.0,0.0,0.0,0.0,0.0,0.0,0.052436371890976476,0.0,0.0,0.0,0.0,0.0,0.0,0.0,0.0
328,MINERAL_004,MINERAL_004_0029,Parisite,0.30462046773193685,0.16722102496434887,0.07619482381670503,0.0,0.2074688797038587,0.008907726333907838,0.0,0.0,13737.776999148255,2.4888167426523843e+17,0.23990316001198772,0.5359238072046876,0.0,0.0,0.0,0.0,0.0,0.0,0.0,0.04787561135018787,0.0,0.0,0.0,0.0,0.0,0.0,0.0,0.0
329,MINERAL_004,MINERAL_004_0030,Parisite,0.25574272574066204,0.16207672929040953,0.07581147420922692,0.0,0.19519344341321715,0.008136960591486038,0.0,0.0,19987.93905646925,9.541083992503648e+18,0.2331440007864992,0.5392314320697311,0.0,0.0,0.0,0.0,0.0,0.0,0.0,0.05146126783969737,0.0,0.0,0.0,0.0,0.0,0.0,0.0,0.0
330,MINERAL_004,MINERAL_004_0031,Parisite,0.2894460039225597,0.18550408077497393,0.11593293410935754,0.0,0.16598072177603646,0.008802554590188564,0.0,0.0,18643.037459114938,2.8019208527334512e+17,0.2076232695278541,0.5677672968925624,0.0,0.0,0.0,0.0,0.0,0.0,0.0,0.04924444123153924,0.0,0.0,0.0,0.0,0.0,0.0,0.0,0.0
331,MINERAL_004,MINERAL_004_0032,Parisite,0.24773958197407578,0.17019613040982215,0.10091299377888054,0.0,0.19605333689575852,0.008939350152225701,0.0,0.0,14415.572156897957,1.1302214959657744e+17,0.210823036724338,0.6052193502630091,0.0,0.0,0.0,0.0,0.0,0.0,0.0,0.04984385129027777,0.0,0.0,0.0,0.0,0.0,0.0,0.0,0.0
332,MINERAL_004,MINERAL_004_0033,Parisite,0.28207028864662304,0.17891637805025742,0.10792336297158264,0.0,0.22249635884289692,0.008563991741463082,0.0,0.0,11899.587439155595,1.2827959242342726e+16,0.26896118918138345,0.508004122569268,0.0,0.0,0.0,0.0,0.0,0.0,0.0,0.04866367447215315,0.0,0.0,0.0,0.0,0.0,0.0,0.0,0.0
333,MINERAL_004,MINERAL_004_0034,Parisite,0.2684754776661806,0.17652231536300694,0.06842366551711596,0.0,0.2540424133049747,0.00804749171265065,0.0,0.0,15049.193358888651,8.306835533345134e+16,0.23774127645489238,0.6009059361363884,0.0,0.0,0.0,0.0,0.0,0.0,0.0,0.05078141005858402,0.0,0.0,0.0,0.0,0.0,0.0,0.0,0.0
334,MINERAL_004,MINERAL_004_0035,Parisite,0.29857806153024397,0.1723503442879516,0.11377395484113581,0.0,0.24492205031741113,0.008456764724329255,0.0,0.0,12275.277512489753,1.7694963426140208e+16,0.2663550235598952,0.597463687443452,0.0,0.0,0.0,0.0,0.0,0.0,0.0,0.04512781660338631,0.0,0.0,0.0,0.0,0.0,0.0,0.0,0.0
335,MINERAL_004,MINERAL_004_0036,Parisite,0.2575021299490771,0.16055775890741308,0.05255102072049214,0.0,0.28027561733862594,0.008007534263317552,0.0,0.0,13134.781897597739,2.487794432767295e+18,0.2009997349168477,0.6105281893589752,0.0,0.0,0.0,0.0,0.0,0.0,0.0,0.046865195180272316,0.0,0.0,0.0,0.0,0.0,0.0,0.0,0.0
336,MINERAL_004,MINERAL_004_0037,Parisite,0.27204165940224523,0.15798900398531732,0.10045445106104445,0.0,0.2254870784084415,0.008700422868431815,0.0,0.0,8598.468015672832,2.107903772137546e+17,0.2225223095529343,0.515665979499694,0.0,0.0,0.0,0.0,0.0,0.0,0.0,0.047471310182407675,0.0,0.0,0.0,0.0,0.0,0.0,0.0,0.0
337,MINERAL_004,MINERAL_004_0038,Parisite,0.2790202891877453,0.14915355144982753,0.08910611716522307,0.0,0.15096742011367986,0.008010180968138603,0.0,0.0,17662.873719208794,5.7973205850934776e+16,0.26555913429323647,0.5253838919541292,0.0,0.0,0.0,0.0,0.0,0.0,0.0,0.046408241316255636,0.0,0.0,0.0,0.0,0.0,0.0,0.0,0.0
338,MINERAL_004,MINERAL_004_0039,Parisite,0.2576365139854089,0.1576338809962559,0.11068719635688876,0.0,0.1376422036208984,0.008146811798006222,0.0,0.0,9178.170068399562,9.417510786465675e+18,0.2386873531048893,0.5337965350378776,0.0,0.0,0.0,0.0,0.0,0.0,0.0,0.050492236006062056,0.0,0.0,0.0,0.0,0.0,0.0,0.0,0.0
339,MINERAL_004,MINERAL_004_0040,Parisite,0.24771689255860127,0.16951750982015926,0.0756898859060138,0.0,0.1654766517465723,0.008123179312923943,0.0,0.0,13841.684148618217,8.198062998553926e+18,0.24325254375245073,0.5408091501223514,0.0,0.0,0.0,0.0,0.0,0.0,0.0,0.05397387102080996,0.0,0.0,0.0,0.0,0.0,0.0,0.0,0.0
340,MINERAL_004,MINERAL_004_0041,Parisite,0.2908646037415617,0.1610182143889312,0.10041842036003416,0.0,0.14350820737675887,0.008866166279446412,0.0,0.0,12285.15403701321,9.882250395288216e+16,0.2562799761891199,0.6082863946095545,0.0,0.0,0.0,0.0,0.0,0.0,0.0,0.04896368232268627,0.0,0.0,0.0,0.0,0.0,0.0,0.0,0.0
341,MINERAL_004,MINERAL_004_0042,Parisite,0.26170517562613554,0.17640262990138997,0.06887531719134946,0.0,0.12706778230802912,0.008240769547675138,0.0,0.0,13793.86111193975,2.8077076785349776e+17,0.24473393182732323,0.5282056179851041,0.0,0.0,0.0,0.0,0.0,0.0,0.0,0.05447925643054969,0.0,0.0,0.0,0.0,0.0,0.0,0.0,0.0
342,MINERAL_004,MINERAL_004_0043,Parisite,0.2978027775848044,0.18148593079289593,0.11739739482914743,0.0,0.24727545290733816,0.008744050860045118,0.0,0.0,8230.389244503944,7.587106584364234e+17,0.27810859610106703,0.514897747987028,0.0,0.0,0.0,0.0,0.0,0.0,0.0,0.05290365779590635,0.0,0.0,0.0,0.0,0.0,0.0,0.0,0.0
343,MINERAL_004,MINERAL_004_0044,Parisite,0.27161665686525877,0.18411506811901185,0.09662029384899301,0.0,0.21363608028276432,0.008123563280697937,0.0,0.0,8718.534764408534,2.078080400503642e+18,0.2584136931905241,0.512750815352567,0.0,0.0,0.0,0.0,0.0,0.0,0.0,0.048452260946606804,0.0,0.0,0.0,0.0,0.0,0.0,0.0,0.0
344,MINERAL_004,MINERAL_004_0045,Parisite,0.24658972503703447,0.17010581283982834,0.1088165570612572,0.0,0.1583604517256419,0.008212501175698508,0.0,0.0,18835.503212506504,3.890452929650989e+17,0.26093214064944453,0.5374841025248409,0.0,0.0,0.0,0.0,0.0,0.0,0.0,0.05006114578725099,0.0,0.0,0.0,0.0,0.0,0.0,0.0,0.0
345,MINERAL_004,MINERAL_004_0046,Parisite,0.3021042266326903,0.1648309854670521,0.08676506502577203,0.0,0.24938678501523318,0.008834458560942116,0.0,0.0,16758.256769680826,7.90176599992526e+16,0.21277419890527047,0.5224307700983513,0.0,0.0,0.0,0.0,0.0,0.0,0.0,0.05314930201613229,0.0,0.0,0.0,0.0,0.0,0.0,0.0,0.0
346,MINERAL_004,MINERAL_004_0047,Parisite,0.29192278895724266,0.16196683223760847,0.07721188978709151,0.0,0.2886949313910052,0.008817140980544877,0.0,0.0,12316.293483811716,1.6557442768924636e+16,0.23526463386378824,0.5364739025813229,0.0,0.0,0.0,0.0,0.0,0.0,0.0,0.054228170216358125,0.0,0.0,0.0,0.0,0.0,0.0,0.0,0.0
347,MINERAL_004,MINERAL_004_0048,Parisite,0.24853525928043593,0.16243497368029183,0.08518688315894812,0.0,0.2226454962204526,0.008554990021574324,0.0,0.0,15016.752327046717,1.947008809527039e+18,0.20465049470943616,0.5977742402781359,0.0,0.0,0.0,0.0,0.0,0.0,0.0,0.05363860774666207,0.0,0.0,0.0,0.0,0.0,0.0,0.0,0.0
348,MINERAL_004,MINERAL_004_0049,Parisite,0.29991083501785404,0.1509477026396213,0.10107620703981882,0.0,0.1949255425475544,0.008232511916166413,0.0,0.0,12353.440306337463,1.983583726759088e+16,0.28698903321852104,0.5457240292199156,0.0,0.0,0.0,0.0,0.0,0.0,0.0,0.046046745657443655,0.0,0.0,0.0,0.0,0.0,0.0,0.0,0.0
349,MINERAL_004,MINERAL_004_0050,Parisite,0.24468567898318444,0.17121632823942978,0.1028056184665519,0.0,0.19635043586371576,0.008726209625670245,0.0,0.0,9660.490873299737,6.716357946270823e+18,0.29432583525183403,0.5628502022667463,0.0,0.0,0.0,0.0,0.0,0.0,0.0,0.05343009376764748,0.0,0.0,0.0,0.0,0.0,0.0,0.0,0.0
350,MINERAL_004,MINERAL_004_0051,Parisite,0.2528766390100271,0.16231472422219834,0.07830293937271258,0.0,0.28916242061146247,0.008706550559549218,0.0,0.0,9796.844449547658,9.683523164290202e+17,0.2466494391836884,0.518327067954082,0.0,0.0,0.0,0.0,0.0,0.0,0.0,0.05251939182447271,0.0,0.0,0.0,0.0,0.0,0.0,0.0,0.0
351,MINERAL_004,MINERAL_004_0052,Parisite,0.2520516772114502,0.14938304945582262,0.07357771192110288,0.0,0.11531681879657099,0.008496627339094317,0.0,0.0,9083.603864347373,3.718803035439784e+16,0.24890565393740793,0.5050512624420123,0.0,0.0,0.0,0.0,0.0,0.0,0.0,0.05419790939618991,0.0,0.0,0.0,0.0,0.0,0.0,0.0,0.0
352,MINERAL_004,MINERAL_004_0053,Parisite,0.30455945842204357,0.15310975561682982,0.10344006189496718,0.0,0.1974635479951789,0.008097056190372896,0.0,0.0,16879.11691480186,3.8873363017360517e+18,0.28482568566033567,0.5535461974212261,0.0,0.0,0.0,0.0,0.0,0.0,0.0,0.05246779458873693,0.0,0.0,0.0,0.0,0.0,0.0,0.0,0.0
353,MINERAL_004,MINERAL_004_0054,Parisite,0.28664327298564274,0.18185305853487177,0.10665096901173604,0.0,0.1697411435971878,0.008131979654781765,0.0,0.0,9154.555343226453,7.970577933734216e+16,0.21409170637953373,0.5360741045793851,0.0,0.0,0.0,0.0,0.0,0.0,0.0,0.04718221112934996,0.0,0.0,0.0,0.0,0.0,0.0,0.0,0.0
354,MINERAL_004,MINERAL_004_0055,Parisite,0.2578539728735762,0.15443115385307035,0.053137642438805685,0.0,0.18035636671555944,0.008738724532816235,0.0,0.0,10649.252770091589,1.5177731623984476e+18,0.21719028241057117,0.5491485131247784,0.0,0.0,0.0,0.0,0.0,0.0,0.0,0.04912377059149384,0.0,0.0,0.0,0.0,0.0,0.0,0.0,0.0
355,MINERAL_004,MINERAL_004_0056,Parisite,0.25759213769864964,0.17034426404264713,0.06862449313161044,0.0,0.10462266374974326,0.008856894914344122,0.0,0.0,12146.46692934423,1.1405442282946478e+16,0.2565468346766211,0.6025614109237978,0.0,0.0,0.0,0.0,0.0,0.0,0.0,0.052165935993362215,0.0,0.0,0.0,0.0,0.0,0.0,0.0,0.0
356,MINERAL_004,MINERAL_004_0057,Parisite,0.30888255955267574,0.16108493012385935,0.09143135983439385,0.0,0.27529962319609846,0.008121753897844667,0.0,0.0,11318.508689721713,2.8758991080645896e+16,0.2429123507750569,0.5012810940322536,0.0,0.0,0.0,0.0,0.0,0.0,0.0,0.0542780598079574,0.0,0.0,0.0,0.0,0.0,0.0,0.0,0.0
357,MINERAL_004,MINERAL_004_0058,Parisite,0.2875156762032613,0.16927577620115783,0.09353700510998429,0.0,0.28414093979184984,0.008850310050016295,0.0,0.0,14571.380469363372,1.3171326291784568e+16,0.28657217479342795,0.5435888595109465,0.0,0.0,0.0,0.0,0.0,0.0,0.0,0.047665640569901475,0.0,0.0,0.0,0.0,0.0,0.0,0.0,0.0
358,MINERAL_004,MINERAL_004_0059,Parisite,0.26816598987689794,0.17547453115863593,0.06703732854288676,0.0,0.13742473223620658,0.008756710590739394,0.0,0.0,8268.22017594661,7.821411762841238e+18,0.23404661240736288,0.5797747076295748,0.0,0.0,0.0,0.0,0.0,0.0,0.0,0.052444007015633606,0.0,0.0,0.0,0.0,0.0,0.0,0.0,0.0
359,MINERAL_004,MINERAL_004_0060,Parisite,0.24449206071762647,0.16647747165535434,0.0850304933797176,0.0,0.24950669454193422,0.008266278288211271,0.0,0.0,14205.614995216336,5.308379680944227e+18,0.22007629869385587,0.5932212303358555,0.0,0.0,0.0,0.0,0.0,0.0,0.0,0.048799165549776764,0.0,0.0,0.0,0.0,0.0,0.0,0.0,0.0
360,MINERAL_004,MINERAL_004_0061,Parisite,0.27107118882583986,0.17947014879352313,0.07039280613582302,0.0,0.13100476198915856,0.008416709865522983,0.0,0.0,14885.612005026145,2.1361136069815235e+18,0.2654696765722963,0.5699752911788412,0.0,0.0,0.0,0.0,0.0,0.0,0.0,0.05189635374317952,0.0,0.0,0.0,0.0,0.0,0.0,0.0,0.0
361,MINERAL_004,MINERAL_004_0062,Parisite,0.25449641397922207,0.15832854549755576,0.05477450433360919,0.0,0.2733012978306454,0.008223560293821855,0.0,0.0,19499.84841542237,3.729454866171834e+18,0.28537550184002985,0.5646693130250462,0.0,0.0,0.0,0.0,0.0,0.0,0.0,0.04606129678415372,0.0,0.0,0.0,0.0,0.0,0.0,0.0,0.0
362,MINERAL_004,MINERAL_004_0063,Parisite,0.2625812967604668,0.15781172817170505,0.10396598105124824,0.0,0.13336063850544908,0.008309383651083371,0.0,0.0,8968.660934134465,5.397971482207778e+16,0.25662393634927766,0.541834909807593,0.0,0.0,0.0,0.0,0.0,0.0,0.0,0.0514947202587775,0.0,0.0,0.0,0.0,0.0,0.0,0.0,0.0
363,MINERAL_004,MINERAL_004_0064,Parisite,0.2854640165229343,0.15959168834221016,0.08561116024204035,0.0,0.18455615576392526,0.008397188348509296,0.0,0.0,9409.28960265307,1.821593191653272e+16,0.23783178317594844,0.60537956945066,0.0,0.0,0.0,0.0,0.0,0.0,0.0,0.04525521797412805,0.0,0.0,0.0,0.0,0.0,0.0,0.0,0.0
364,MINERAL_004,MINERAL_004_0065,Parisite,0.2906808659608892,0.14854259271348783,0.06427144774130464,0.0,0.20326216927859672,0.008090577261027226,0.0,0.0,12782.196528946037,1.4008451084658662e+18,0.2579556105394554,0.6120220106380623,0.0,0.0,0.0,0.0,0.0,0.0,0.0,0.053033052147662206,0.0,0.0,0.0,0.0,0.0,0.0,0.0,0.0
365,MINERAL_004,MINERAL_004_0066,Parisite,0.2727832748135261,0.18629175629567435,0.11584841016751887,0.0,0.12355899245634022,0.00800843709731542,0.0,0.0,14116.122027692276,2.8899295291658492e+16,0.25007916347921444,0.5835152451040173,0.0,0.0,0.0,0.0,0.0,0.0,0.0,0.04971011705358312,0.0,0.0,0.0,0.0,0.0,0.0,0.0,0.0
366,MINERAL_004,MINERAL_004_0067,Parisite,0.25314220097056506,0.15145998725938456,0.10062616056738533,0.0,0.29134552389570123,0.00863464856162409,0.0,0.0,9322.17116033209,1.9092667499321904e+16,0.2764729876033986,0.6063044459400548,0.0,0.0,0.0,0.0,0.0,0.0,0.0,0.05242844064746335,0.0,0.0,0.0,0.0,0.0,0.0,0.0,0.0
367,MINERAL_004,MINERAL_004_0068,Parisite,0.26074712084770796,0.1843167012782393,0.06931757107463815,0.0,0.18779091577022755,0.008048422004699475,0.0,0.0,18744.990159997964,8.414145594298887e+18,0.23048659367653626,0.5708226082334869,0.0,0.0,0.0,0.0,0.0,0.0,0.0,0.05097227547033949,0.0,0.0,0.0,0.0,0.0,0.0,0.0,0.0
368,MINERAL_004,MINERAL_004_0069,Parisite,0.24981342707994092,0.16344883212461347,0.08206209129731012,0.0,0.18419531347542856,0.008344938398984985,0.0,0.0,11707.011193378972,1.6442669755793764e+18,0.2141560257161246,0.6075578908305143,0.0,0.0,0.0,0.0,0.0,0.0,0.0,0.048550757537448974,0.0,0.0,0.0,0.0,0.0,0.0,0.0,0.0
369,MINERAL_004,MINERAL_004_0070,Parisite,0.24663387607082288,0.1575637711019035,0.09463250387984834,0.0,0.2684091660469411,0.00889457204579234,0.0,0.0,18012.642673806236,7.218179380614226e+17,0.24876095988752733,0.5750163974491209,0.0,0.0,0.0,0.0,0.0,0.0,0.0,0.05147514805422818,0.0,0.0,0.0,0.0,0.0,0.0,0.0,0.0
370,MINERAL_004,MINERAL_004_0071,Parisite,0.2744234209922416,0.1678258263369603,0.1063642602579773,0.0,0.1173525729779075,0.008922534652129017,0.0,0.0,15312.973988717316,1.0027334628422944e+18,0.2000617078830972,0.6106240277506985,0.0,0.0,0.0,0.0,0.0,0.0,0.0,0.051374966853760334,0.0,0.0,0.0,0.0,0.0,0.0,0.0,0.0
371,MINERAL_004,MINERAL_004_0072,Parisite,0.30935450922600544,0.17622484063113075,0.0704069842648091,0.0,0.22743401500847485,0.008144850396725117,0.0,0.0,18500.78762692574,9.601621917838714e+16,0.24078343978309769,0.5459202088927947,0.0,0.0,0.0,0.0,0.0,0.0,0.0,0.04587905936750837,0.0,0.0,0.0,0.0,0.0,0.0,0.0,0.0
372,MINERAL_004,MINERAL_004_0073,Parisite,0.30158694685502624,0.16769916131936,0.08011455298625803,0.0,0.27904773564188057,0.008263229027495779,0.0,0.0,12833.28707195667,1.8205070633682675e+17,0.20933378526448515,0.502527188915973,0.0,0.0,0.0,0.0,0.0,0.0,0.0,0.05088438572653941,0.0,0.0,0.0,0.0,0.0,0.0,0.0,0.0
373,MINERAL_004,MINERAL_004_0074,Parisite,0.25128951745050015,0.16620481805566675,0.10817101899052248,0.0,0.29321379648384116,0.00835864835105433,0.0,0.0,15154.573701420573,3.2084075917723776e+17,0.2256343297094934,0.598500842424595,0.0,0.0,0.0,0.0,0.0,0.0,0.0,0.054937760965437524,0.0,0.0,0.0,0.0,0.0,0.0,0.0,0.0
374,MINERAL_004,MINERAL_004_0075,Parisite,0.26134393070070544,0.1858199749109917,0.0627038010344693,0.0,0.15765322715759825,0.008951591397909882,0.0,0.0,16117.622322362648,5.634724324300647e+17,0.2246709580079756,0.5687565311248998,0.0,0.0,0.0,0.0,0.0,0.0,0.0,0.049865497902954636,0.0,0.0,0.0,0.0,0.0,0.0,0.0,0.0
375,MINERAL_004,MINERAL_004_0076,Parisite,0.2823356652100478,0.15793159051757466,0.08731591794163451,0.0,0.12773451967270957,0.008754789490129287,0.0,0.0,19589.292727109685,1.9300712972992404e+18,0.2522143465535743,0.5052755590383635,0.0,0.0,0.0,0.0,0.0,0.0,0.0,0.053503883747720485,0.0,0.0,0.0,0.0,0.0,0.0,0.0,0.0
376,MINERAL_004,MINERAL_004_0077,Parisite,0.30582132434014364,0.14983095139231464,0.06837245492274352,0.0,0.17368769980693785,0.008440053165939803,0.0,0.0,16915.449632041367,1.0043958194782002e+17,0.23266097308267072,0.6112281145611874,0.0,0.0,0.0,0.0,0.0,0.0,0.0,0.05403671275527454,0.0,0.0,0.0,0.0,0.0,0.0,0.0,0.0
377,MINERAL_004,MINERAL_004_0078,Parisite,0.2913183650404084,0.178777131305143,0.10619770661782427,0.0,0.17572195734665236,0.00884969459996936,0.0,0.0,8569.346411570157,8.518639318516923e+17,0.28077485398417523,0.5525667387163967,0.0,0.0,0.0,0.0,0.0,0.0,0.0,0.04565476276501177,0.0,0.0,0.0,0.0,0.0,0.0,0.0,0.0
378,MINERAL_004,MINERAL_004_0079,Parisite,0.24275938620203863,0.18178104880198392,0.052447975616584055,0.0,0.14941131398454327,0.008809332817713416,0.0,0.0,17155.203714566465,1.143276959707597e+18,0.22902594533366405,0.5527169928509922,0.0,0.0,0.0,0.0,0.0,0.0,0.0,0.04851208066858146,0.0,0.0,0.0,0.0,0.0,0.0,0.0,0.0
379,MINERAL_004,MINERAL_004_0080,Parisite,0.25119737016778404,0.1695399087027481,0.09228773656672273,0.0,0.15301607812266554,0.008459024847473814,0.0,0.0,14535.304045973735,2.352513223357538e+18,0.274287867166744,0.6177960101414026,0.0,0.0,0.0,0.0,0.0,0.0,0.0,0.05224979873544276,0.0,0.0,0.0,0.0,0.0,0.0,0.0,0.0
380,MINERAL_004,MINERAL_004_0081,Parisite,0.24449625200079492,0.18638730634067385,0.07188698051528819,0.0,0.17091729492539665,0.00828017817212701,0.0,0.0,10201.513132527132,1.2016780365213934e+16,0.24451803735939875,0.5831466049860614,0.0,0.0,0.0,0.0,0.0,0.0,0.0,0.049009228486981846,0.0,0.0,0.0,0.0,0.0,0.0,0.0,0.0
381,MINERAL_004,MINERAL_004_0082,Parisite,0.27111853268646047,0.167220262197958,0.10828557828901106,0.0,0.12910583050742191,0.008314010840239925,0.0,0.0,18557.027238011302,8.325447965029002e+17,0.2633741265397951,0.5922030849810027,0.0,0.0,0.0,0.0,0.0,0.0,0.0,0.0455854037939355,0.0,0.0,0.0,0.0,0.0,0.0,0.0,0.0
382,MINERAL_004,MINERAL_004_0083,Parisite,0.2987840742481637,0.15950848911871918,0.08362502344753675,0.0,0.10771187881558103,0.008448949809330083,0.0,0.0,19801.538677159035,4.116062406714711e+18,0.22265352862203314,0.5485330924485632,0.0,0.0,0.0,0.0,0.0,0.0,0.0,0.045298907253380115,0.0,0.0,0.0,0.0,0.0,0.0,0.0,0.0
383,MINERAL_004,MINERAL_004_0084,Parisite,0.2790274761675784,0.14590622577698265,0.05760266226763572,0.0,0.16233974855496996,0.008513208005980166,0.0,0.0,17204.74499682521,8.566773710045426e+18,0.24947481952124737,0.511215787118952,0.0,0.0,0.0,0.0,0.0,0.0,0.0,0.047383753440881,0.0,0.0,0.0,0.0,0.0,0.0,0.0,0.0
384,MINERAL_004,MINERAL_004_0085,Parisite,0.30915409499750257,0.18304323049921586,0.0809805909221078,0.0,0.16244346714999064,0.008717386226232183,0.0,0.0,16318.16202497864,2.4105529022114458e+17,0.29427541364609844,0.5798983252507386,0.0,0.0,0.0,0.0,0.0,0.0,0.0,0.054194555758684676,0.0,0.0,0.0,0.0,0.0,0.0,0.0,0.0
385,MINERAL_004,MINERAL_004_0086,Parisite,0.29342369219793063,0.1861047526115925,0.10967589543004844,0.0,0.2776030826889042,0.008932457440539514,0.0,0.0,9977.87067666121,1.5869544320569232e+16,0.2037446973139099,0.563314277304138,0.0,0.0,0.0,0.0,0.0,0.0,0.0,0.05192720707190412,0.0,0.0,0.0,0.0,0.0,0.0,0.0,0.0
386,MINERAL_004,MINERAL_004_0087,Parisite,0.305861441046851,0.1621771081476348,0.08955338939410634,0.0,0.28500668184994304,0.008559026924567217,0.0,0.0,12357.803067366265,3.472538503846849e+17,0.2653229595367302,0.5092811432494183,0.0,0.0,0.0,0.0,0.0,0.0,0.0,0.05216238350271414,0.0,0.0,0.0,0.0,0.0,0.0,0.0,0.0
387,MINERAL_004,MINERAL_004_0088,Parisite,0.2908723877320008,0.1768916204285573,0.09751076110854202,0.0,0.14281966484137448,0.008094354902313505,0.0,0.0,19232.809449618486,7.049504964667528e+17,0.20632800182162128,0.6102591780291351,0.0,0.0,0.0,0.0,0.0,0.0,0.0,0.04915078160745588,0.0,0.0,0.0,0.0,0.0,0.0,0.0,0.0
388,MINERAL_004,MINERAL_004_0089,Parisite,0.25768425719765803,0.1562810375423161,0.05686815198079307,0.0,0.22197989803204407,0.008382483573750574,0.0,0.0,9752.937941508279,4.1521776126526525e+18,0.27850617144292794,0.59551657509657,0.0,0.0,0.0,0.0,0.0,0.0,0.0,0.04517483199461131,0.0,0.0,0.0,0.0,0.0,0.0,0.0,0.0
389,MINERAL_004,MINERAL_004_0090,Parisite,0.303521773156344,0.18405975958596735,0.062485175849131734,0.0,0.10855428336831446,0.008795673492688436,0.0,0.0,12773.196823296335,4.122227989264847e+16,0.27050014091493135,0.6130022732546087,0.0,0.0,0.0,0.0,0.0,0.0,0.0,0.05086855098638548,0.0,0.0,0.0,0.0,0.0,0.0,0.0,0.0
390,MINERAL_004,MINERAL_004_0091,Parisite,0.28793058816974054,0.14683936133094497,0.11585603267961314,0.0,0.21493349037377374,0.008976342028442658,0.0,0.0,13598.061248865108,1.1007819976075178e+18,0.2524551006752985,0.5481878640324623,0.0,0.0,0.0,0.0,0.0,0.0,0.0,0.05313071751056119,0.0,0.0,0.0,0.0,0.0,0.0,0.0,0.0
391,MINERAL_004,MINERAL_004_0092,Parisite,0.2473664442185069,0.14611193871044342,0.10968599562742135,0.0,0.22801709518154592,0.008202866215041406,0.0,0.0,19224.095441461996,1.0017605897345761e+18,0.21018666805401004,0.5966084183067626,0.0,0.0,0.0,0.0,0.0,0.0,0.0,0.049614205208086515,0.0,0.0,0.0,0.0,0.0,0.0,0.0,0.0
392,MINERAL_004,MINERAL_004_0093,Parisite,0.28229667418531285,0.14893350464755709,0.0780175658623229,0.0,0.11488746838898507,0.008032751899625018,0.0,0.0,14764.796063607006,9.466139273052124e+17,0.2614036196950828,0.5846942115888798,0.0,0.0,0.0,0.0,0.0,0.0,0.0,0.054152767448773884,0.0,0.0,0.0,0.0,0.0,0.0,0.0,0.0
393,MINERAL_004,MINERAL_004_0094,Parisite,0.29160826525540035,0.1695339764761819,0.052472390438283854,0.0,0.22626739992165204,0.008868029761393243,0.0,0.0,14558.977870329676,5.0073632435118195e+17,0.29935767528005014,0.543023595679511,0.0,0.0,0.0,0.0,0.0,0.0,0.0,0.04543109243713387,0.0,0.0,0.0,0.0,0.0,0.0,0.0,0.0
394,MINERAL_004,MINERAL_004_0095,Parisite,0.2566055105191882,0.18220824051918014,0.10541181702543503,0.0,0.10618610520893951,0.008459699984579657,0.0,0.0,12408.746725792063,5.3379004257681856e+17,0.2790252739078413,0.5154344597850338,0.0,0.0,0.0,0.0,0.0,0.0,0.0,0.05145710932034244,0.0,0.0,0.0,0.0,0.0,0.0,0.0,0.0
395,MINERAL_004,MINERAL_004_0096,Parisite,0.3092290136714607,0.1511010976031779,0.09316425337138272,0.0,0.2169919636910089,0.00872089847450271,0.0,0.0,18955.929931558414,4.4636468384682854e+17,0.218707229665961,0.5646205967479526,0.0,0.0,0.0,0.0,0.0,0.0,0.0,0.05467960295072414,0.0,0.0,0.0,0.0,0.0,0.0,0.0,0.0
396,MINERAL_004,MINERAL_004_0097,Parisite,0.29885546800528384,0.163009271260034,0.0885134678908836,0.0,0.13903641915287782,0.008086984946273829,0.0,0.0,9753.903311456013,9.113278459567146e+16,0.217645351181235,0.6112721238039128,0.0,0.0,0.0,0.0,0.0,0.0,0.0,0.04903973981736478,0.0,0.0,0.0,0.0,0.0,0.0,0.0,0.0
397,MINERAL_004,MINERAL_004_0098,Parisite,0.27031701676510983,0.18661441037057774,0.09148873639745456,0.0,0.15727662420716537,0.008890989079414437,0.0,0.0,8507.87382417022,7.001942944164816e+16,0.2869712198471223,0.6124612565144848,0.0,0.0,0.0,0.0,0.0,0.0,0.0,0.04945586139564554,0.0,0.0,0.0,0.0,0.0,0.0,0.0,0.0
398,MINERAL_004,MINERAL_004_0099,Parisite,0.2905928645068026,0.16069493838132246,0.10068975449727394,0.0,0.2961813553866772,0.00845647776512366,0.0,0.0,14708.305713201706,2.152793498001145e+17,0.2600350492566258,0.6151879324566121,0.0,0.0,0.0,0.0,0.0,0.0,0.0,0.04624055526458623,0.0,0.0,0.0,0.0,0.0,0.0,0.0,0.0
399,MINERAL_004,MINERAL_004_0100,Parisite,0.2868045189841944,0.18174971165724285,0.10277983803170149,0.0,0.25952044319495093,0.008368246468433276,0.0,0.0,11520.640407352423,1.6088375290614237e+17,0.2690734432979152,0.5947914402608013,0.0,0.0,0.0,0.0,0.0,0.0,0.0,0.045106508635662027,0.0,0.0,0.0,0.0,0.0,0.0,0.0,0.0
400,MINERAL_005,MINERAL_005_0001,Obsidian_glass,0.0006990107998002558,0.0,0.00031616146685486095,0.0,0.0,0.0001253981677763022,0.0,0.0002949006407294636,14570.176393371323,1.8367733286062692e+16,0.0,0.0,3.335714406391787e-05,1.10332625793311e-05,4.932839144280221e-05,0.0,7.532732088499126e-06,4.957350365979917e-06,0.0,0.05325358259476776,0.0065676647016115015,0.012236338211331542,0.08606480389176285,0.2615256294499048,0.05117369617409333,0.029714073058239227,0.005068148491029654,9.225196566679386e-05
401,MINERAL_005,MINERAL_005_0002,Obsidian_glass,0.000659616107711143,0.0,0.0004984489278876638,0.0,0.0,0.0001257300717834174,0.0,0.00046281966628952556,18384.57761699186,2.6488254789065585e+18,0.0,0.0,3.003597587079447e-05,1.6035168085539477e-05,5.277724489400558e-05,0.0,5.8588934240541955e-06,4.9999902276290785e-06,0.0,0.04646952750464352,0.0062696674121054605,0.014144508398674371,0.08579418097902411,0.2768276004235315,0.05832210548340471,0.03027369853502828,0.0058645539865730435,8.418488101061763e-05
402,MINERAL_005,MINERAL_005_0003,Obsidian_glass,0.0007242504353408153,0.0,0.0005433652571076146,0.0,0.0,0.00011721792000045415,0.0,0.00039013139031640474,15811.29760681709,2.4480833406781156e+16,0.0,0.0,3.8574774761495275e-05,1.0275847432812243e-05,6.832734082936546e-05,0.0,6.4548959906104e-06,2.5067035287750675e-06,0.0,0.049004894781247886,0.005498086183031498,0.014170497507792076,0.08033191787293331,0.2618987093041621,0.06501343268982022,0.025899647105616,0.004366719036387978,3.705081597182647e-05
403,MINERAL_005,MINERAL_005_0004,Obsidian_glass,0.0006821806878554279,0.0,0.0004631199489437126,0.0,0.0,0.00011212662220939961,0.0,0.00031446140745753964,19370.43314347854,4.003453661605335e+16,0.0,0.0,2.6346869796996785e-05,1.2644793788501699e-05,5.105639864568429e-05,0.0,6.750918280441402e-06,4.6409563568445806e-06,0.0,0.05071253992650587,0.006516151729299636,0.012069572124129084,0.08915683057455118,0.25367084617680186,0.06922726117337108,0.031010466388987856,0.005747670730958625,3.58762047507339e-05
404,MINERAL_005,MINERAL_005_0005,Obsidian_glass,0.0007053648476416914,0.0,0.0005992531246193005,0.0,0.0,0.00019251506037374554,0.0,0.00048587948923522453,15340.316674352434,3.833882302656323e+17,0.0,0.0,3.844373733988002e-05,1.2041137652743498e-05,6.45861763572832e-05,0.0,6.491023374892227e-06,4.7521938897854166e-06,0.0,0.04810158606116904,0.00562615387126336,0.012368820214420108,0.08758413009869892,0.26015850380785627,0.05249032662778538,0.028655041300886426,0.005263222371743329,5.6408850118030996e-05
405,MINERAL_005,MINERAL_005_0006,Obsidian_glass,0.0006853632917002759,0.0,0.0003253891168247534,0.0,0.0,0.00010814233057722154,0.0,0.0002637991413402044,17259.310256672296,3.901157909126992e+16,0.0,0.0,3.2416812694281374e-05,1.0109486541248196e-05,6.713223961017654e-05,0.0,7.318563441400263e-06,2.0772183354395583e-06,0.0,0.04529436472026057,0.006874474714976795,0.013346512747743653,0.0860904199385148,0.26145456520504545,0.059245441529825596,0.03117171146419482,0.004527725881221413,9.074317102103626e-05
406,MINERAL_005,MINERAL_005_0007,Obsidian_glass,0.0007667966914767986,0.0,0.0005750389996120907,0.0,0.0,0.00014518808450406982,0.0,0.00036840071985281083,19240.162381500988,1.803577593749979e+18,0.0,0.0,2.414492956315507e-05,1.862455386216359e-05,6.225726272373179e-05,0.0,5.302243788027438e-06,4.941950611516716e-06,0.0,0.046580881316070806,0.005085730896704528,0.01295667738744145,0.08303663896206759,0.2817445119654311,0.06759625490224277,0.028739227975947933,0.004209816303828335,1.284403466065246e-05
407,MINERAL_005,MINERAL_005_0008,Obsidian_glass,0.0007864813164300123,0.0,0.0005293410546627807,0.0,0.0,0.00016428269077938852,0.0,0.0003441013397911185,14074.671320522713,2.961147208753791e+17,0.0,0.0,2.5434928696838315e-05,1.782413791623856e-05,4.9126936662822964e-05,0.0,7.202025412112132e-06,2.227199683098028e-06,0.0,0.0487362428773092,0.005881734406859609,0.013459278790975054,0.08663846437030978,0.2557608745393922,0.05246120005609348,0.029952191522897728,0.005140605865753894,3.562698340025746e-05
408,MINERAL_005,MINERAL_005_0009,Obsidian_glass,0.0007423323281195706,0.0,0.00047355879466491743,0.0,0.0,0.00018114792194817898,0.0,0.000412335498391152,17401.089042061463,3.2868021767746473e+18,0.0,0.0,3.076010595526912e-05,1.3072145028197323e-05,6.940492435305675e-05,0.0,7.793488587278344e-06,4.733694968375464e-06,0.0,0.05474680738041646,0.006825444579870396,0.012022833806165657,0.08426180726292944,0.2506356573508461,0.05789481641892635,0.025619115088221987,0.004993647951353174,1.5842338944185297e-06
409,MINERAL_005,MINERAL_005_0010,Obsidian_glass,0.0007862213413992424,0.0,0.00046959205101649616,0.0,0.0,0.00011232189271554928,0.0,0.0004773718323905959,8485.086067584321,5.232932464208155e+17,0.0,0.0,3.4361531473261246e-05,1.8933511538439147e-05,4.3321488423151025e-05,0.0,5.893378235676364e-06,4.560695372210693e-06,0.0,0.05075358036121333,0.0059100078378535575,0.013257366538961663,0.08836865738630431,0.2504105080979775,0.05374595718061373,0.026420309058588328,0.005590646755536941,1.2914960426946454e-05
410,MINERAL_005,MINERAL_005_0011,Obsidian_glass,0.0007955359423330154,0.0,0.00033387519690565364,0.0,0.0,0.00013460764786650035,0.0,0.00026663178143346446,15502.408515169922,5.722838704883103e+18,0.0,0.0,2.0609323275696687e-05,1.955216275970669e-05,4.1222200510548634e-05,0.0,6.408093144331019e-06,3.4807992300413222e-06,0.0,0.049417217797783776,0.006015868681407584,0.013290234293578809,0.08267771111336496,0.2557804678714963,0.05092615889326348,0.030706743603999893,0.004966086120568022,2.754151974550675e-05
411,MINERAL_005,MINERAL_005_0012,Obsidian_glass,0.0006296250103874146,0.0,0.00034110975008690657,0.0,0.0,0.00014496895263862801,0.0,0.00027012848348009175,10187.077387795658,3.3048108009172116e+18,0.0,0.0,2.8859955275782898e-05,1.6035536881911515e-05,4.8687938789370125e-05,0.0,7.90139917207644e-06,3.3716656096568697e-06,0.0,0.050687547118519416,0.005169815909589401,0.01436275972009803,0.08420589326298711,0.29280979282858594,0.06183282439275983,0.02672801684197794,0.004646446118678395,7.589335057033601e-05
412,MINERAL_005,MINERAL_005_0013,Obsidian_glass,0.0006844736056043542,0.0,0.0005458726129327677,0.0,0.0,0.0001016583433929991,0.0,0.0004705181315944511,16174.810705466332,5.262481693631229e+16,0.0,0.0,3.566438700032881e-05,1.4579700646185083e-05,5.41076833551519e-05,0.0,6.225092648794812e-06,3.006780302866229e-06,0.0,0.049033070594980833,0.005852699582131075,0.012719555651093,0.08551324986568282,0.28099058205078997,0.0684878299848096,0.03129040841859973,0.004778398064476638,9.143216304491003e-05
413,MINERAL_005,MINERAL_005_0014,Obsidian_glass,0.0006921534893992599,0.0,0.00045060832995133906,0.0,0.0,0.00010487822027385246,0.0,0.0002334163076653829,19191.575368379956,6.611355525225695e+18,0.0,0.0,3.8049038246511265e-05,1.6708182503103297e-05,4.27434775204235e-05,0.0,6.8671026771951786e-06,2.3318933976670335e-06,0.0,0.05266083127210196,0.006491433919387744,0.012620843299529725,0.08126580803051066,0.255239111265729,0.05527818723565325,0.028417726060797545,0.0059719739411485265,3.9688520429691865e-05
414,MINERAL_005,MINERAL_005_0015,Obsidian_glass,0.0007536877103861681,0.0,0.0003138353367107615,0.0,0.0,0.00019179976840030078,0.0,0.00030695667595001443,9557.346419344272,9.07154835022587e+16,0.0,0.0,3.900117914020091e-05,1.8577923166215423e-05,5.809810740266521e-05,0.0,6.55862972234371e-06,3.8596259359353616e-06,0.0,0.04753359750506194,0.006734162791221581,0.012250548928101504,0.08591273742890573,0.2897265691033744,0.06956027102723453,0.030176300388077275,0.00444161439928462,4.9032325115959274e-05
415,MINERAL_005,MINERAL_005_0016,Obsidian_glass,0.0007741810810415017,0.0,0.000574131803140441,0.0,0.0,0.00014668662772254152,0.0,0.00035361984265775553,13800.239757429452,4.0440651800803256e+18,0.0,0.0,3.111945464444397e-05,1.1251633177949379e-05,5.8094639948377076e-05,0.0,6.936331198303405e-06,2.1846257624242435e-06,0.0,0.05447925444450976,0.005647331653801341,0.012039394637118115,0.08602101124097468,0.28056208171008856,0.05397333530542289,0.028637667455431448,0.005879226300584807,4.93437376186392e-06
416,MINERAL_005,MINERAL_005_0017,Obsidian_glass,0.0006532702877114585,0.0,0.0005509119097167269,0.0,0.0,0.00011371085805891257,0.0,0.00030383643274571446,16208.45395901864,1.5730224796760237e+17,0.0,0.0,2.6182524429076636e-05,1.2521400847709694e-05,4.866666526297902e-05,0.0,7.147193623743829e-06,3.7129703180486866e-06,0.0,0.05318640571619272,0.0052081487946265765,0.013993900602833887,0.0814699309594977,0.29106342434057886,0.06826625316786135,0.02937489890742368,0.005872824010809917,1.0576581333161495e-05
417,MINERAL_005,MINERAL_005_0018,Obsidian_glass,0.000729338409571373,0.0,0.0004050159545776532,0.0,0.0,0.0001403845706268664,0.0,0.0003817512913566676,17626.858412499678,2.52957382856452e+18,0.0,0.0,2.521682575526182e-05,1.9780880047261976e-05,6.073708628655095e-05,0.0,6.635576105380254e-06,4.566194060842079e-06,0.0,0.045982432563600364,0.006604216093706894,0.013008966086840644,0.08782994987764689,0.25998328819238803,0.05711996428280358,0.029002595566971504,0.004528174387738093,5.283638151723389e-05
418,MINERAL_005,MINERAL_005_0019,Obsidian_glass,0.0006874745870343993,0.0,0.0004733003454636622,0.0,0.0,0.0001348622988761673,0.0,0.0003379844055728154,13780.966606385315,1.6934285127441354e+16,0.0,0.0,3.632247834243618e-05,1.350201667907364e-05,4.352696070620027e-05,0.0,6.185815977445242e-06,4.911641789255393e-06,0.0,0.05008635997992861,0.005789663898360236,0.014828113096214943,0.08028947758166749,0.26899308085549695,0.06214915406583741,0.02973443875499584,0.0043642061244152965,4.371828543098031e-05
419,MINERAL_005,MINERAL_005_0020,Obsidian_glass,0.000756225573536527,0.0,0.0005606049359259538,0.0,0.0,0.00018644593379519255,0.0,0.00021635141863416684,19080.283924037343,5.007611160720371e+17,0.0,0.0,3.492958841186303e-05,1.955852287906957e-05,5.585401052208773e-05,0.0,7.422857985454823e-06,4.2798684321074336e-06,0.0,0.049170014724435385,0.00625553617646838,0.01378528215229265,0.08824779778397923,0.2870500863295224,0.06218630279017358,0.031205550702867402,0.00427215530869222,2.4414356607969757e-05
420,MINERAL_005,MINERAL_005_0021,Obsidian_glass,0.0006292653832735564,0.0,0.000561224650717339,0.0,0.0,0.00010047403804406571,0.0,0.0003477155006326785,8758.3251014124,1.3538573625233818e+17,0.0,0.0,3.116662300578153e-05,1.5273909528774365e-05,4.1919859568574904e-05,0.0,7.5416189518372384e-06,4.003377504633321e-06,0.0,0.04649353651599141,0.005071977087199401,0.013055493989435271,0.08476133087157611,0.2690190657264697,0.051612259030122454,0.02929267022110224,0.005774855428322766,1.405787324429364e-05
421,MINERAL_005,MINERAL_005_0022,Obsidian_glass,0.0007476326455625437,0.0,0.0005362210128609257,0.0,0.0,0.0001258627635513596,0.0,0.00029055360739153305,16070.369579736898,8.015711618585851e+17,0.0,0.0,2.2239284854616235e-05,1.4574415051186921e-05,4.6568100405272846e-05,0.0,5.311315002046077e-06,3.7226869750069785e-06,0.0,0.049566667123012574,0.005599815700043071,0.014351164751306992,0.08717131157275346,0.2968777484025387,0.06987812941588802,0.027319088563512613,0.004738263878565449,7.903219514010884e-05
422,MINERAL_005,MINERAL_005_0023,Obsidian_glass,0.0006153782092649909,0.0,0.000523422165490464,0.0,0.0,0.00010078193469179102,0.0,0.000376082768861757,18352.313279672802,7.196959942951962e+18,0.0,0.0,3.705845887420943e-05,1.5730012762667798e-05,5.8408044953683293e-05,0.0,6.83177142748331e-06,2.2952066201632757e-06,0.0,0.047511905669974014,0.005095306439208067,0.014543415600173745,0.08666481044352588,0.2562201214623731,0.06559636040954635,0.027515530198317557,0.0049454433153291125,8.126337468236539e-05
423,MINERAL_005,MINERAL_005_0024,Obsidian_glass,0.0006090546804590022,0.0,0.00030239049778860107,0.0,0.0,0.00012019467330110453,0.0,0.0002391040148189974,16414.33791994125,3.602333590110845e+18,0.0,0.0,2.1550310828723693e-05,1.878741419388549e-05,5.4156316531173926e-05,0.0,5.864462350155213e-06,3.0724220384884086e-06,0.0,0.04665921966170654,0.00574442215561225,0.012378275363237802,0.08395900692059688,0.2592325231583556,0.053014380371129294,0.029692759555893813,0.0044181597093251234,8.06495469468264e-05
424,MINERAL_005,MINERAL_005_0025,Obsidian_glass,0.0007547488886150196,0.0,0.0003618118628870795,0.0,0.0,0.00015859450543619856,0.0,0.0003901081311013031,9925.336675538643,1.9199989817219824e+17,0.0,0.0,2.9704059390275025e-05,1.3004840711309721e-05,5.934653419549907e-05,0.0,5.934844429561454e-06,2.7323487487937295e-06,0.0,0.04649839490694908,0.005524830392856395,0.014542655111859343,0.0872720131187483,0.2871793011582744,0.06003547409924776,0.025427782010937587,0.005762737107198714,9.791836802392897e-05
425,MINERAL_005,MINERAL_005_0026,Obsidian_glass,0.0007770092440542077,0.0,0.00038177220220711916,0.0,0.0,0.00013222040388250579,0.0,0.00020498975164677714,14353.51493336502,3.3735720818737935e+18,0.0,0.0,3.719817371568598e-05,1.4342931557554804e-05,6.495371442646131e-05,0.0,6.621570091129346e-06,2.888452138101593e-06,0.0,0.05158066324085555,0.006981052412825373,0.012525977803647961,0.08155828280092021,0.2605809350792694,0.062688196578016,0.03162246793965011,0.005306419532306063,6.707318485432641e-05
426,MINERAL_005,MINERAL_005_0027,Obsidian_glass,0.0006552534086805053,0.0,0.0003871805498382858,0.0,0.0,0.00012157511969487225,0.0,0.0004846462516664219,15190.604397081348,5.294844045086036e+17,0.0,0.0,2.4489596296594244e-05,1.0210594280814521e-05,6.405127268319918e-05,0.0,5.569637559899783e-06,4.3167076128035765e-06,0.0,0.05250900602559471,0.0057902906962061206,0.014936218621366019,0.08470866098894389,0.2593445452651062,0.05240949726825309,0.028003068397239178,0.005785268859371863,9.494721750463053e-06
427,MINERAL_005,MINERAL_005_0028,Obsidian_glass,0.0007786747975564468,0.0,0.00034976461827962056,0.0,0.0,0.0001622730845754221,0.0,0.00028152461982992736,12731.206236804734,3.5485977340962936e+16,0.0,0.0,2.0061165788346433e-05,1.1513984889519278e-05,4.67062478744422e-05,0.0,7.916613897785649e-06,2.771879602413619e-06,0.0,0.04849067542452646,0.005615078525198132,0.012431382993399319,0.0806208813734661,0.2985515353723822,0.05395747059099628,0.02776784301186838,0.005697989687378108,2.748381348335941e-05
428,MINERAL_005,MINERAL_005_0029,Obsidian_glass,0.0007676249966053529,0.0,0.0003309175482991344,0.0,0.0,0.00012433682466663967,0.0,0.00027063192330895427,9131.502196802867,5.663722497154964e+17,0.0,0.0,3.119669653300972e-05,1.2246037359477272e-05,5.77990873844869e-05,0.0,5.900711149408319e-06,4.249008587294079e-06,0.0,0.04852044598037643,0.005442202272695409,0.012336655719763244,0.0821064593975707,0.29143876542260105,0.06109627137024028,0.026553634932857288,0.004027624288717721,2.3748730763663974e-05
429,MINERAL_005,MINERAL_005_0030,Obsidian_glass,0.0007822448860637962,0.0,0.0004768748465722488,0.0,0.0,0.0001612395502597435,0.0,0.0004261692442009134,17820.361001103163,9.445826463585187e+17,0.0,0.0,2.8197365108653998e-05,1.8649430395300946e-05,4.895469434186836e-05,0.0,7.541514366438115e-06,4.320125561151594e-06,0.0,0.048017506869055114,0.005988050049972775,0.013720584483994368,0.08696095135592755,0.27465624107675773,0.05020007638435171,0.028569196781001713,0.004385025755230941,8.002070473202726e-05
430,MINERAL_005,MINERAL_005_0031,Obsidian_glass,0.0007957591652971297,0.0,0.0003265564482490202,0.0,0.0,0.00018842506177923528,0.0,0.00046086733472682233,16666.5608775902,4.0089011546192864e+17,0.0,0.0,2.543794248600192e-05,1.3482530995592142e-05,6.623421809162368e-05,0.0,7.467370436738243e-06,4.2228112467016245e-06,0.0,0.05135743442737954,0.005115750379245883,0.014994044864758815,0.0809386003761061,0.27877390983495515,0.05810069895444893,0.02516183968291782,0.005654470815064774,7.967843603259139e-05
431,MINERAL_005,MINERAL_005_0032,Obsidian_glass,0.0007919665768533839,0.0,0.0005840687045204636,0.0,0.0,0.0001833291543572351,0.0,0.00037340270813688165,18853.629069818126,4.595163889087099e+16,0.0,0.0,2.2670746510296594e-05,1.5401591781492167e-05,4.4577805132231613e-05,0.0,5.960243757106287e-06,4.770998641624732e-06,0.0,0.04777136354525268,0.00557940008145571,0.012003772677320697,0.08888449836026673,0.26181090967498416,0.06772221909509753,0.031005046359472606,0.005474978452738494,8.01770571486482e-05
432,MINERAL_005,MINERAL_005_0033,Obsidian_glass,0.0007114020780359033,0.0,0.0003295951436302177,0.0,0.0,0.00016421786317628013,0.0,0.0003913601728780286,11302.714966660678,6.361631219253455e+17,0.0,0.0,2.5323872547566787e-05,1.0607337590483565e-05,6.587715078262351e-05,0.0,5.823706005138527e-06,3.015533498658127e-06,0.0,0.05154316906697692,0.005469900781250555,0.01223676429595277,0.08942959450440305,0.28124501716636113,0.05469003655062946,0.03099469285606098,0.005948437121517913,5.606256802988592e-05
433,MINERAL_005,MINERAL_005_0034,Obsidian_glass,0.0006500335643302305,0.0,0.0005916309519688808,0.0,0.0,0.00013277215953493937,0.0,0.0004316393212981975,14017.143947757526,1.0442375411989486e+18,0.0,0.0,2.2520472180521013e-05,1.3539329869804715e-05,4.761509676174593e-05,0.0,7.2566499430780055e-06,3.343216254863857e-06,0.0,0.048852103524898764,0.0069268608299072575,0.012008094311019365,0.08734719910169779,0.2594051127561614,0.05204719647807285,0.025952702861034585,0.004094963780532463,2.0911754370369584e-05
434,MINERAL_005,MINERAL_005_0035,Obsidian_glass,0.000782537578835008,0.0,0.00037588440994656497,0.0,0.0,0.0001588230301765482,0.0,0.0002631444235012962,10711.691440383076,1.7456266074287564e+16,0.0,0.0,2.501777285151533e-05,1.1477009192268998e-05,4.6339471256265976e-05,0.0,5.035522545129888e-06,3.464620160589315e-06,0.0,0.046939905019287985,0.006231347746155,0.012213081353510987,0.08844463623196216,0.26662499772317366,0.05783728027066031,0.026055724873673046,0.004288635611255992,2.3034076993355336e-05
435,MINERAL_005,MINERAL_005_0036,Obsidian_glass,0.0007938523801435448,0.0,0.0004017589563230132,0.0,0.0,0.00012653564432532177,0.0,0.00047748945215309133,8818.615941145068,3.6357551433459336e+16,0.0,0.0,2.7906967757995797e-05,1.8259241367367556e-05,5.179423519664744e-05,0.0,7.531621387389988e-06,2.706212866503941e-06,0.0,0.04758928217121624,0.006725167938604084,0.013016387119965365,0.08532469611531705,0.2869789532993462,0.06597230399374292,0.031213152980355374,0.0048237350289811395,5.832374945052524e-05
436,MINERAL_005,MINERAL_005_0037,Obsidian_glass,0.0007544185418036317,0.0,0.0005021031802100121,0.0,0.0,0.00016982000080033983,0.0,0.00049744979123769,15211.053155400798,1.2455325140443394e+16,0.0,0.0,2.857378797827577e-05,1.5766557436146377e-05,5.83491575197868e-05,0.0,7.879490602332853e-06,3.8741661982086866e-06,0.0,0.051615027683401475,0.005180170512400086,0.012950981979030178,0.085309262980111,0.25258594985717026,0.06543780369531918,0.027864341291923025,0.004412749497719811,9.47431161076319e-05
437,MINERAL_005,MINERAL_005_0038,Obsidian_glass,0.0007248080116160075,0.0,0.0003819948672620327,0.0,0.0,0.00014702284278509347,0.0,0.0004889753558929104,11832.387146813073,6.7965752788878296e+16,0.0,0.0,3.7004519975459676e-05,1.8777468759172124e-05,4.846086175868006e-05,0.0,6.410479011993856e-06,2.410647518328421e-06,0.0,0.050170811577938006,0.00529797780315981,0.013581817163337045,0.08576440257147448,0.26383655786313315,0.06501922499547833,0.027314713855229364,0.004700300360448389,5.237403584274615e-05
438,MINERAL_005,MINERAL_005_0039,Obsidian_glass,0.0007517207754232058,0.0,0.0003078587272658428,0.0,0.0,0.00010304441459844821,0.0,0.0004975740932303774,11572.627317698229,4.519019858120048e+16,0.0,0.0,3.1474262204846896e-05,1.7964292757540903e-05,5.4084528684820104e-05,0.0,7.765159110400883e-06,3.517712113872973e-06,0.0,0.04771091321086773,0.006345149927370566,0.012904940907270674,0.0879402071327766,0.2623843559024429,0.051580710778370814,0.02541085476355654,0.005624077112196457,2.54467409511453e-06
439,MINERAL_005,MINERAL_005_0040,Obsidian_glass,0.0007033479049156629,0.0,0.00047621838966184867,0.0,0.0,0.00017718201525329473,0.0,0.00031451521855349824,10752.666116745382,1.191706639194225e+17,0.0,0.0,3.336417050206364e-05,1.9155958829295782e-05,6.451543434709478e-05,0.0,5.6337233616155595e-06,3.8063733305059765e-06,0.0,0.048900239938986546,0.006957983849624868,0.014129587955218119,0.0805714401155769,0.28054093674501185,0.06763949911169731,0.025424037656926943,0.0057851584908600335,7.236492869506605e-05
440,MINERAL_005,MINERAL_005_0041,Obsidian_glass,0.0007524771859360851,0.0,0.0005464849675612776,0.0,0.0,0.00016980603474604238,0.0,0.000353937132218991,11085.532603491334,1.737204716974336e+16,0.0,0.0,2.5847127057531893e-05,1.666643931738736e-05,5.340815748146678e-05,0.0,6.579481795869485e-06,3.7124099960455387e-06,0.0,0.05426142531150342,0.005046447010236589,0.012721852349900305,0.08448187422624194,0.2725319372058874,0.05156068951785382,0.025198663697172868,0.004540770842789383,5.0050926132756595e-05
441,MINERAL_005,MINERAL_005_0042,Obsidian_glass,0.0006681661121221153,0.0,0.00037487958176190075,0.0,0.0,0.00019560848460421613,0.0,0.0003777836572454098,19946.73054163777,9.256324698310063e+17,0.0,0.0,2.7127548311317868e-05,1.824917574978121e-05,4.9252535380662636e-05,0.0,6.048803533371865e-06,2.2746308970576067e-06,0.0,0.05119106983424006,0.006815431382351538,0.012453861065649158,0.08768518204094386,0.2595969158671943,0.055050998159477116,0.029711124381295455,0.004253026206370825,8.753977583491436e-05
442,MINERAL_005,MINERAL_005_0043,Obsidian_glass,0.0006050463518342145,0.0,0.0004457594052240677,0.0,0.0,0.0001564663194191664,0.0,0.00045595465912007217,13726.144536639997,2.0464827356557448e+18,0.0,0.0,2.7473180925016145e-05,1.9451394636310142e-05,6.33690483492292e-05,0.0,5.060129707942848e-06,3.471716295122184e-06,0.0,0.050484578250943955,0.005116102632432506,0.014995797547419512,0.08855723040303912,0.2840529792333293,0.05077324603118021,0.027639135731773852,0.0058298396940217045,1.5867928489036133e-05
443,MINERAL_005,MINERAL_005_0044,Obsidian_glass,0.0006291724374993513,0.0,0.00036438153096251413,0.0,0.0,0.00013452141408412977,0.0,0.00021038776543961434,11274.183104484928,1.004399700374949e+16,0.0,0.0,3.1199967595589085e-05,1.2069051503846251e-05,6.324971037990639e-05,0.0,6.88271996427941e-06,3.1635717583205485e-06,0.0,0.04966077563815851,0.006511330868563857,0.014630284394346573,0.08947842573931271,0.26365340194810694,0.06601898926479027,0.028381256065815697,0.005233424854689063,2.902545267031319e-05
444,MINERAL_005,MINERAL_005_0045,Obsidian_glass,0.0007879089020185849,0.0,0.0005415803827559121,0.0,0.0,0.00010928906389497392,0.0,0.00023402468137164532,11893.423148154285,1.6728438483228408e+16,0.0,0.0,3.724280367860133e-05,1.4458426237816797e-05,5.032030333791347e-05,0.0,7.452866644305577e-06,4.346949557242455e-06,0.0,0.053958474696662526,0.005129205756179651,0.012230666684703536,0.0869720572592184,0.25547235869312573,0.05068485796915948,0.025693962852042986,0.00561057253266972,2.4872820287364372e-05
445,MINERAL_005,MINERAL_005_0046,Obsidian_glass,0.000699185810019047,0.0,0.00038636491884543457,0.0,0.0,0.00015247167763230492,0.0,0.000245496593677467,15763.44223720173,1.7509287167068432e+16,0.0,0.0,3.988197414278927e-05,1.978438511453761e-05,6.58873725465757e-05,0.0,5.506397366061574e-06,4.4435940522575845e-06,0.0,0.04950705013027693,0.005511466847616705,0.012853473462208989,0.08460976757681252,0.26146131074517304,0.06787504513279949,0.026355961057769623,0.004430289995714797,4.075462750053135e-05
446,MINERAL_005,MINERAL_005_0047,Obsidian_glass,0.0007384020310328664,0.0,0.00047643177658651746,0.0,0.0,0.00011232893429233683,0.0,0.00039974161664047686,11502.21008913061,5.4552685506548704e+17,0.0,0.0,3.667607290322682e-05,1.2809629150825742e-05,6.488865819337431e-05,0.0,5.146709600067199e-06,3.2167293289503194e-06,0.0,0.05235706554167097,0.005339215528932802,0.012348744456265074,0.0859612649205237,0.2910893917841092,0.0695429069366391,0.02602279223164826,0.004387076632063642,2.3316490085713428e-05
447,MINERAL_005,MINERAL_005_0048,Obsidian_glass,0.0006734755770288715,0.0,0.00036391440698845564,0.0,0.0,0.00019184990110655131,0.0,0.00033325725529544906,8388.529523393718,5.551159283522308e+17,0.0,0.0,2.815974582348899e-05,1.1107555607380164e-05,6.195297151426146e-05,0.0,5.516952755423472e-06,2.1901279879470413e-06,0.0,0.054132491949704584,0.005390254593489742,0.014463543545895541,0.08729682542283027,0.2687455562049822,0.06793022630594171,0.028402602109236143,0.005581259402034846,1.4205431519613221e-05
448,MINERAL_005,MINERAL_005_0049,Obsidian_glass,0.0007683296040068703,0.0,0.00046643405022780266,0.0,0.0,0.0001263411716374154,0.0,0.0003140705269859749,19213.80536688266,1.296493860061235e+17,0.0,0.0,2.7300087226376434e-05,1.4868149994034324e-05,4.7019850485298234e-05,0.0,5.126525148307797e-06,2.444942639273566e-06,0.0,0.05256468229165757,0.00521311370218061,0.012312085142130353,0.08436404296324078,0.2532364314396757,0.06320981065708595,0.02842902923738264,0.005798756930325315,9.394283181176356e-05
449,MINERAL_005,MINERAL_005_0050,Obsidian_glass,0.0006746804348212251,0.0,0.0004217703878831297,0.0,0.0,0.00011711323119570053,0.0,0.0004331003776520345,17826.75258728317,2.7163986335221795e+17,0.0,0.0,2.8677972446153276e-05,1.7721478290231383e-05,6.263269439486731e-05,0.0,6.834549729197042e-06,3.991037162621397e-06,0.0,0.04935790582428756,0.006041579200777721,0.012387584088704332,0.08163953388198276,0.29772649155647146,0.05578048072922546,0.027717207001002706,0.005708244837683332,7.304743329811955e-05
450,MINERAL_005,MINERAL_005_0051,Obsidian_glass,0.0006244181362696865,0.0,0.00035837317226778396,0.0,0.0,0.00017927374118067036,0.0,0.00030343461661939145,14284.413172813809,1.3757071532476332e+16,0.0,0.0,2.5695322693220822e-05,1.9740297425352885e-05,6.784002995019621e-05,0.0,7.130933876609307e-06,2.342533560672013e-06,0.0,0.04575625386267421,0.005012492552670687,0.012194589135553978,0.08075173679959478,0.2503113323462975,0.06295265419692622,0.02597334340967303,0.005150002058980457,7.145828959459166e-06
451,MINERAL_005,MINERAL_005_0052,Obsidian_glass,0.0007372030455321289,0.0,0.0003132103367083058,0.0,0.0,0.0001293224803498634,0.0,0.00040553505156137285,14932.378220420293,6.65439969723091e+17,0.0,0.0,3.9377852933076285e-05,1.1472629479899757e-05,5.206794803241381e-05,0.0,7.078342577368709e-06,4.585584484258578e-06,0.0,0.04638864612114736,0.0065812101928831995,0.01411459184343123,0.08718021098641057,0.29312028310508864,0.06589916446569202,0.025907237665130912,0.004687489965933256,1.6673104715119737e-06
452,MINERAL_005,MINERAL_005_0053,Obsidian_glass,0.0006749556556435664,0.0,0.0005853211259971713,0.0,0.0,0.00018627179291896611,0.0,0.00023452932447856528,12966.489950253064,7.263783667579866e+18,0.0,0.0,3.1326077448273304e-05,1.4276022161616895e-05,6.417324031523653e-05,0.0,7.198819905298981e-06,2.0101939224887656e-06,0.0,0.04542099793136673,0.005277421848026242,0.013444120824350857,0.08386729714390243,0.25680349025833066,0.06120005729509351,0.026657779304509903,0.004901774795481907,4.168337536397357e-05
453,MINERAL_005,MINERAL_005_0054,Obsidian_glass,0.0007344623246288419,0.0,0.00046841729555172854,0.0,0.0,0.00012720832851437094,0.0,0.00035366829883624353,16416.917672383115,6.714489999754875e+17,0.0,0.0,2.0555920536623543e-05,1.7742159278323133e-05,5.306905842315659e-05,0.0,7.407973848424719e-06,2.5296728353984692e-06,0.0,0.05418065815651661,0.005214290390296996,0.014004238461048445,0.08934926388094401,0.291445946085819,0.06033706672007949,0.026541165905971317,0.004976260825116985,6.924306293260599e-05
454,MINERAL_005,MINERAL_005_0055,Obsidian_glass,0.0007468082296719178,0.0,0.000540587746744344,0.0,0.0,0.00016245971885237904,0.0,0.00046769404345290116,9138.941160873084,9.528366877738418e+16,0.0,0.0,3.254714781325437e-05,1.930801406385909e-05,6.513150382539685e-05,0.0,5.528658714611774e-06,2.05812283248713e-06,0.0,0.04876588044820613,0.005859202327205048,0.012950669565635663,0.08011250256218795,0.29832152569734827,0.06607233476519779,0.031045409455740438,0.004682899157184497,2.1299089037728583e-05
455,MINERAL_005,MINERAL_005_0056,Obsidian_glass,0.0007723430373237611,0.0,0.0003155856900277402,0.0,0.0,0.0001322693145239651,0.0,0.00034367921881930225,19288.153919296037,2.0823502707232765e+18,0.0,0.0,2.879620993744975e-05,1.7613978777389364e-05,5.528207962787224e-05,0.0,7.818326173958792e-06,2.1020426872778157e-06,0.0,0.05270210422792778,0.005437945754750692,0.013578683985679536,0.08577233953977285,0.25085858322768967,0.06212695616001664,0.02881300812829092,0.004361023883022056,9.863400192236197e-05
456,MINERAL_005,MINERAL_005_0057,Obsidian_glass,0.0006202165616977987,0.0,0.0004442593972220991,0.0,0.0,0.00016338563079273515,0.0,0.0003723070802876307,15007.185986153381,2.6037079444617274e+17,0.0,0.0,3.99495172363017e-05,1.9343038023251236e-05,6.509862686497527e-05,0.0,7.556648450645705e-06,4.980273424685587e-06,0.0,0.050187776726953924,0.006671703458126088,0.012239652648387873,0.08895945912176832,0.29631848171932257,0.056507905741139744,0.03177624940551971,0.005805833778961738,4.849750185873043e-05
457,MINERAL_005,MINERAL_005_0058,Obsidian_glass,0.0006770758905617693,0.0,0.0004249544041412268,0.0,0.0,0.00013604398692810247,0.0,0.000417837188563808,10264.1712970381,2.4168099892834135e+18,0.0,0.0,3.048060762455954e-05,1.3493548859413496e-05,5.7919951886655184e-05,0.0,7.996482664437428e-06,3.0164458047609585e-06,0.0,0.05053613222432101,0.005011749440100479,0.013423582263286488,0.08221635808089132,0.253923802995113,0.06624863188665757,0.02819907739678698,0.004158317735746363,4.394235253817702e-06
458,MINERAL_005,MINERAL_005_0059,Obsidian_glass,0.0006865827045122309,0.0,0.0004389927786992243,0.0,0.0,0.00018751699034718266,0.0,0.00035921188436248007,14776.543649826071,1.2998663982062811e+17,0.0,0.0,2.7228976035916203e-05,1.1633897906842536e-05,6.327527215969191e-05,0.0,5.294885480800805e-06,3.1594257333968958e-06,0.0,0.04865519472489887,0.00529664579028678,0.014998275047605869,0.0833133334558118,0.2808213295443557,0.0503748786571619,0.030031722458032373,0.0046317596068322685,5.088123884509537e-05
459,MINERAL_005,MINERAL_005_0060,Obsidian_glass,0.0007461300133157582,0.0,0.0004530257750638581,0.0,0.0,0.0001935271702903082,0.0,0.00022211319247599764,13341.406738711084,1.5314836295331066e+17,0.0,0.0,2.2634672712380562e-05,1.7260363645634795e-05,4.8507676861483774e-05,0.0,6.591807517667792e-06,3.675760375984889e-06,0.0,0.04506136727577988,0.0063966876850797055,0.01466959084207688,0.08497585532318616,0.28041308927898995,0.058394332066820126,0.028859403671679405,0.005165388604777341,2.5448733318666273e-05
460,MINERAL_005,MINERAL_005_0061,Obsidian_glass,0.0006131581107439793,0.0,0.00030105262308946344,0.0,0.0,0.0001754005416005537,0.0,0.0004287157076256187,18731.152912621685,1.3188567794414742e+16,0.0,0.0,2.6417536979653313e-05,1.9589425484826803e-05,6.073377511987562e-05,0.0,5.273204566063648e-06,3.6893161268824544e-06,0.0,0.046660211006996216,0.00529521980949376,0.013553173794002367,0.08346493871510972,0.25885347457558255,0.054245746329597284,0.025167165917593312,0.004436466266342118,1.0755231462374049e-05
461,MINERAL_005,MINERAL_005_0062,Obsidian_glass,0.0007966345436169434,0.0,0.0004157115774869458,0.0,0.0,0.00018563555512860492,0.0,0.00032162860313501856,16683.449143774018,1.3344833805563018e+18,0.0,0.0,3.288640493190812e-05,1.5877470204770387e-05,4.783808028012056e-05,0.0,7.226036740714517e-06,2.4614615614817947e-06,0.0,0.05341658579944099,0.0067415690724133195,0.014056198582299352,0.08586415775740001,0.2643970180539041,0.05929885798873284,0.028387107327459388,0.004044928605681895,6.921448950808857e-05
462,MINERAL_005,MINERAL_005_0063,Obsidian_glass,0.0007521962965227017,0.0,0.0003556583834021669,0.0,0.0,0.00015862774123987295,0.0,0.00029926231353329314,19789.566588157257,7.710250573714779e+18,0.0,0.0,3.73676597588369e-05,1.4203702788184838e-05,6.955676237469778e-05,0.0,6.875170824294399e-06,4.516651912055399e-06,0.0,0.0540313939851781,0.006027972433749833,0.014202131744883457,0.08438698532384574,0.2726959218415077,0.06588064776455113,0.031888149222084994,0.0046087852859652695,3.402684822158383e-05
463,MINERAL_005,MINERAL_005_0064,Obsidian_glass,0.0006395649439029076,0.0,0.000401798829812652,0.0,0.0,0.00016340119032553488,0.0,0.0003671367767994555,14891.563788420768,3.832168175051929e+18,0.0,0.0,2.910004530008478e-05,1.2458934095226378e-05,5.760785588833547e-05,0.0,7.878905923446533e-06,3.5481101517042567e-06,0.0,0.052842358498671076,0.0058496005124578435,0.013954431386991406,0.0805194349391505,0.2728783394293332,0.052685237028759276,0.026062974315360973,0.005177478924891928,3.699379025335342e-05
464,MINERAL_005,MINERAL_005_0065,Obsidian_glass,0.0006641855245221992,0.0,0.00047994752225932784,0.0,0.0,0.0001307593031558515,0.0,0.0004969492097347655,18555.78775579806,2.654886408854441e+16,0.0,0.0,3.4297285411561125e-05,1.873352953160565e-05,6.162870715391267e-05,0.0,5.688900365574404e-06,2.8336224427545634e-06,0.0,0.048869431463529976,0.005037936756547495,0.013358371251508384,0.08454531247421226,0.29000822962583334,0.05970899029797526,0.030011217916643608,0.0042193655204432945,4.4200073125884326e-05
465,MINERAL_005,MINERAL_005_0066,Obsidian_glass,0.0007994803946740372,0.0,0.0005581294757093795,0.0,0.0,0.00013267880264922124,0.0,0.00022450223141827033,16328.489559532027,1.0972190107600019e+18,0.0,0.0,2.422384365148356e-05,1.4639226646432569e-05,5.3802399285178276e-05,0.0,6.482866521598415e-06,2.9528168950374803e-06,0.0,0.054068033015487,0.005988651852294362,0.01364766849774092,0.0810688830852252,0.27647883651558636,0.06378495313291101,0.025845412105485268,0.005650301976021477,7.364134617951676e-05
466,MINERAL_005,MINERAL_005_0067,Obsidian_glass,0.000744785150518214,0.0,0.0004466710920817801,0.0,0.0,0.00010884657025771021,0.0,0.00028185818093348435,9262.574743444116,1.1448006113249402e+18,0.0,0.0,2.2123465609425156e-05,1.8249111144856957e-05,4.929282391653341e-05,0.0,6.698972831723237e-06,2.6955177714190086e-06,0.0,0.049540463715119935,0.006893248257715338,0.014516049520308666,0.08726017387515397,0.2831361647233207,0.05354303700565158,0.025000635946292,0.005137922557165257,1.1607523142262888e-05
467,MINERAL_005,MINERAL_005_0068,Obsidian_glass,0.0007639370869624672,0.0,0.0004764708911613419,0.0,0.0,0.00019682198454029572,0.0,0.00040169426842104686,17601.22160700056,1.2915744476825326e+17,0.0,0.0,2.3492388552096254e-05,1.8798757914802836e-05,4.443450310150309e-05,0.0,6.983299407917886e-06,4.993189998836855e-06,0.0,0.054127668870552,0.0056916068553560665,0.01441770687337457,0.08690856773244351,0.2809945936752662,0.06454335707497158,0.026386486178192125,0.005194933598561689,2.475281208700253e-06
468,MINERAL_005,MINERAL_005_0069,Obsidian_glass,0.0007255774760345651,0.0,0.00036813792079520136,0.0,0.0,0.00019674849876155984,0.0,0.00033479571968716645,15915.599645917962,2.6791377459185914e+17,0.0,0.0,3.3175989010659116e-05,1.505749486704488e-05,6.655956158894151e-05,0.0,5.024774666038552e-06,4.54960385903165e-06,0.0,0.04647041857164291,0.005814657785895995,0.013105285384358546,0.08055096792801913,0.2542758126012048,0.060843709786539524,0.028298278762287007,0.005084740720331186,9.374238970762507e-05
469,MINERAL_005,MINERAL_005_0070,Obsidian_glass,0.0007386858899550953,0.0,0.0005808846310352338,0.0,0.0,0.00019929354450785722,0.0,0.00043438236502758095,15671.454742856698,2.3513667556028206e+18,0.0,0.0,3.8510718763708513e-05,1.5120897433788267e-05,5.361105803152467e-05,0.0,6.1797377451251876e-06,2.294439089105005e-06,0.0,0.05183924104985646,0.006657852861609716,0.014473836767106172,0.08844626034977404,0.27238728131727424,0.05017075643538541,0.02681844454452077,0.004946329068389362,7.870903739118404e-05
470,MINERAL_005,MINERAL_005_0071,Obsidian_glass,0.0007505394591389503,0.0,0.0005964804387740515,0.0,0.0,0.0001586776873148106,0.0,0.0003140346324221508,12657.09354195881,1.314822835615213e+16,0.0,0.0,2.945696986036528e-05,1.0752906252025947e-05,5.8679433212296885e-05,0.0,6.050760910497257e-06,3.914921758246275e-06,0.0,0.04508779905276404,0.006428030793336402,0.013757962270785589,0.0853059896661813,0.2507128217378476,0.05618219910381655,0.02943371381985673,0.004441756802689314,8.897775676704731e-05
471,MINERAL_005,MINERAL_005_0072,Obsidian_glass,0.0006444445903832598,0.0,0.00047686208435018573,0.0,0.0,0.00011445605284321466,0.0,0.0003035477337128015,8008.010265850832,1.1531015985186672e+16,0.0,0.0,2.5302179034580604e-05,1.3415229308865922e-05,5.327267520712578e-05,0.0,7.506333262064335e-06,3.496772163030451e-06,0.0,0.04893042561154558,0.005973143542604361,0.012068313950672965,0.08230558281907425,0.2806202608252394,0.06264521522328517,0.030121275493047918,0.005312116240971169,2.769167908413478e-05
472,MINERAL_005,MINERAL_005_0073,Obsidian_glass,0.0006455616249288383,0.0,0.000537948796214262,0.0,0.0,0.00018119736986248137,0.0,0.00032668453888551986,17428.808155114115,4.8036979213679085e+17,0.0,0.0,3.7706688736108206e-05,1.703107158561858e-05,4.608555184189159e-05,0.0,5.724666147987098e-06,4.1800980533081595e-06,0.0,0.04630764058262169,0.005465488802443332,0.012201913007081427,0.08334310737495386,0.2732478314058556,0.06081445205613109,0.031204092823496694,0.005304478563416778,4.960640502878264e-05
473,MINERAL_005,MINERAL_005_0074,Obsidian_glass,0.0007239839363168103,0.0,0.0003044126574111269,0.0,0.0,0.00011738313078059478,0.0,0.000354372930291124,17773.09817966056,8.989368622331573e+16,0.0,0.0,3.167962102818441e-05,1.6451052489124215e-05,5.195791304552765e-05,0.0,7.882530653108003e-06,3.04326982513842e-06,0.0,0.04613814530079458,0.006343992978010293,0.012745197715369673,0.08541901967735507,0.2841165709436677,0.06804110433252138,0.030176216453918665,0.004368974045691423,4.299598846575352e-05
474,MINERAL_005,MINERAL_005_0075,Obsidian_glass,0.0007793740775785174,0.0,0.0003821860049091025,0.0,0.0,0.00010304353080270844,0.0,0.0002640032931245927,17310.749232644095,1.4818181462070484e+18,0.0,0.0,3.3033521588507594e-05,1.4074650767119806e-05,5.762600530474114e-05,0.0,7.3529328268673285e-06,2.159204250545624e-06,0.0,0.054441921143632555,0.0061573093649050625,0.014785214702734783,0.08750013290140793,0.28625808368286376,0.06555717206173255,0.031466782421250436,0.004519880183841112,8.503229185594117e-05
475,MINERAL_005,MINERAL_005_0076,Obsidian_glass,0.0006866046111362175,0.0,0.00050739554194073,0.0,0.0,0.00012540462725473624,0.0,0.0002625472686533499,12132.125013473673,2.7952802914497846e+17,0.0,0.0,2.1335701068231888e-05,1.0412453672716838e-05,5.9093010994135776e-05,0.0,7.975984025598117e-06,4.226803135247568e-06,0.0,0.05257535609099245,0.005896771387319832,0.014765106243271865,0.0808647243334414,0.29591369901396125,0.05109088023616523,0.03179911679499338,0.005994298945735235,8.53944390854612e-05
476,MINERAL_005,MINERAL_005_0077,Obsidian_glass,0.0007987719379778826,0.0,0.0004986588113500682,0.0,0.0,0.00017926579679302524,0.0,0.00033750701301697337,13063.766767105993,3.210022843867075e+17,0.0,0.0,3.6247836740240484e-05,1.5944306741981487e-05,4.3311431362993576e-05,0.0,6.428964682517228e-06,3.994941568564103e-06,0.0,0.05346150197992826,0.0061530259091739665,0.0143682831511311,0.08922321914784748,0.25284302446361023,0.05739167387758084,0.030231835797389355,0.005860338739669416,4.616105192195043e-05
477,MINERAL_005,MINERAL_005_0078,Obsidian_glass,0.0006765038420713608,0.0,0.00034000174437077513,0.0,0.0,0.0001181706565986415,0.0,0.0003380266832899501,16754.106997889412,1.6801658345702624e+17,0.0,0.0,3.965191561530009e-05,1.6031367162533107e-05,5.114016240975897e-05,0.0,7.646067666890326e-06,2.8873370390865385e-06,0.0,0.045941996801439774,0.005622194423447897,0.014275809003575193,0.0813607916456442,0.2821983628134119,0.054168728799543146,0.03137547426096495,0.004681567517327214,2.0486029500277624e-05
478,MINERAL_005,MINERAL_005_0079,Obsidian_glass,0.0006474058400407282,0.0,0.0004653103945350233,0.0,0.0,0.00013642840214504037,0.0,0.00039211256381186765,11389.032499631256,9.262076442188974e+18,0.0,0.0,2.949300709714542e-05,1.8078269275939876e-05,6.918735395562512e-05,0.0,6.198751677891933e-06,4.281564422229535e-06,0.0,0.04595923602442438,0.0063041427230168335,0.013337853276934767,0.0874796968217269,0.29350849821365443,0.057754884464002704,0.030258183028211615,0.004877971288934534,7.110990135979615e-05
479,MINERAL_005,MINERAL_005_0080,Obsidian_glass,0.0007773041651237221,0.0,0.00043849420910143993,0.0,0.0,0.00015649104186012884,0.0,0.00025414112310727854,16130.05872388585,5.755072713306943e+17,0.0,0.0,2.756774812412673e-05,1.2732655723444799e-05,5.435263428780911e-05,0.0,6.4532387234678284e-06,4.779144291597862e-06,0.0,0.04619470604460377,0.005181901202900466,0.012909566768671644,0.08040276852787666,0.27507365347189633,0.05382737751352201,0.025014042002543806,0.004523216606970445,8.302434668793904e-05
480,MINERAL_005,MINERAL_005_0081,Obsidian_glass,0.0007930145220399605,0.0,0.0005380275230998423,0.0,0.0,0.0001562930276479451,0.0,0.0004880421612037173,10021.153795304972,1.4237111823950743e+18,0.0,0.0,2.938224588121412e-05,1.0826917503763936e-05,5.021639128437956e-05,0.0,6.459963755409119e-06,2.8295757873468527e-06,0.0,0.04606564912434497,0.0057345031535028426,0.012100246323697961,0.08541013591621485,0.27595543170213227,0.06680601831034738,0.025925783845979773,0.005510793380531719,8.473306017733736e-05
481,MINERAL_005,MINERAL_005_0082,Obsidian_glass,0.000652346690471886,0.0,0.0004999931806474566,0.0,0.0,0.00010596555722530844,0.0,0.0003323477084549052,13672.91906761827,7.857135964197251e+16,0.0,0.0,3.0038263413558702e-05,1.572266417120878e-05,5.4989940867940556e-05,0.0,7.5578067358691255e-06,3.4439792846384598e-06,0.0,0.050464957964652425,0.0061443423732662145,0.013837302742428743,0.08071653356048936,0.25153178838966916,0.06443670463180043,0.031099155418185663,0.00515500280281803,9.684604241409124e-05
482,MINERAL_005,MINERAL_005_0083,Obsidian_glass,0.0006953020908117326,0.0,0.0005249557560033734,0.0,0.0,0.0001968485330535913,0.0,0.00045067916064972686,11002.710899337873,5.57878328088026e+18,0.0,0.0,3.860807709765524e-05,1.843525326507686e-05,5.165786513264327e-05,0.0,7.600149800759797e-06,4.012135044058078e-06,0.0,0.0535126123337155,0.006621426706292421,0.01385373729364462,0.08919523703015522,0.2700132782265066,0.050344428277864194,0.02521115069373194,0.005345903787839585,2.1322563895583714e-05
483,MINERAL_005,MINERAL_005_0084,Obsidian_glass,0.0007798586643220697,0.0,0.0003097964232289487,0.0,0.0,0.00014241210402929957,0.0,0.0004579495991703513,16076.791034075846,4.360002689764005e+17,0.0,0.0,3.572145853361454e-05,1.615195339362574e-05,5.371847983395726e-05,0.0,6.091185476653912e-06,2.5842350570919287e-06,0.0,0.046998930871399426,0.0059331667610589755,0.014319490660267421,0.08698790535899857,0.2990359300117148,0.05129349015659181,0.029600800832663976,0.004209686625335803,7.906538525531618e-05
484,MINERAL_005,MINERAL_005_0085,Obsidian_glass,0.0006395671551415162,0.0,0.0005731691830971352,0.0,0.0,0.0001773048795214879,0.0,0.0002751077286580293,10822.070988513387,6.231362442714097e+17,0.0,0.0,2.8503649207012247e-05,1.826179268523108e-05,5.038923321983088e-05,0.0,6.435739167158411e-06,3.3669360575952606e-06,0.0,0.05391167704296227,0.006248583164082854,0.012628181622138048,0.08216181041652952,0.26630771724216334,0.05604243497676592,0.028254212899096097,0.005430344425321494,5.789277684146188e-05
485,MINERAL_005,MINERAL_005_0086,Obsidian_glass,0.0006186014085479227,0.0,0.0004926259109334528,0.0,0.0,0.00011530396047910963,0.0,0.00022115351674990952,13472.348050261458,3.463890922468704e+17,0.0,0.0,3.519638294244774e-05,1.3909149765656933e-05,6.484191377382325e-05,0.0,7.211984196754487e-06,4.938517287442068e-06,0.0,0.05090897788568276,0.006115335254181353,0.01247437445925308,0.0842924232924755,0.2660182536278253,0.05858610165149136,0.027973619458960042,0.004854498677307339,7.809501347172608e-05
486,MINERAL_005,MINERAL_005_0087,Obsidian_glass,0.000736439308970905,0.0,0.0003437261835849629,0.0,0.0,0.00016305834240759612,0.0,0.0004259659926191875,10095.430484677472,8.307050883846711e+17,0.0,0.0,2.8942114038011258e-05,1.5494742145573163e-05,4.8613709208558414e-05,0.0,7.651223339923494e-06,4.672231483132106e-06,0.0,0.047179941550613454,0.005664511014067395,0.014176856721158052,0.08199582826881999,0.2603015219217972,0.06132989264205643,0.02924538438070961,0.005262726004232685,9.898085212225114e-05
487,MINERAL_005,MINERAL_005_0088,Obsidian_glass,0.0006546745752964373,0.0,0.0004797234008417009,0.0,0.0,0.00012669119685296607,0.0,0.00022744116100231054,15144.00834225926,1.5227955074621484e+18,0.0,0.0,3.32910266583367e-05,1.701760886377931e-05,5.5163351311605844e-05,0.0,7.762805861352788e-06,2.938277544229967e-06,0.0,0.046661102085438326,0.00527443008952857,0.013871974261267326,0.08871575202890482,0.2804258056016692,0.05212748312385501,0.02985934419181876,0.005159351790659803,2.839519837331278e-05
488,MINERAL_005,MINERAL_005_0089,Obsidian_glass,0.0006503299809321908,0.0,0.0005857607720098589,0.0,0.0,0.00017690464973263624,0.0,0.00028789056647503806,18771.557002674657,4.512701556507838e+16,0.0,0.0,2.7740728470111512e-05,1.1296596756059744e-05,4.708232131022919e-05,0.0,5.659840822576279e-06,3.704475382971333e-06,0.0,0.04720337723027234,0.006808284056055934,0.012252068435415748,0.08808093300629122,0.26895503497230355,0.06689808099530684,0.025250735361109257,0.005229646414346307,6.290536924222558e-05
489,MINERAL_005,MINERAL_005_0090,Obsidian_glass,0.0006111851149705325,0.0,0.00040219462076999,0.0,0.0,0.0001870715908996439,0.0,0.0003515117698411421,17330.18730212121,1.4242599936701286e+16,0.0,0.0,3.8111987759319855e-05,1.2966175013225159e-05,5.485191456346733e-05,0.0,7.01439349191252e-06,3.39442212233042e-06,0.0,0.052245791546836264,0.005457539245336668,0.01356526266925438,0.08429718243948472,0.2768312516149371,0.05113003808097379,0.026291639725661963,0.005749338650812091,2.41187347897069e-05
490,MINERAL_005,MINERAL_005_0091,Obsidian_glass,0.0006471146006930287,0.0,0.00047194424138743713,0.0,0.0,0.00014687170744131812,0.0,0.0004736880007413936,10984.074323830906,4.426060131050827e+18,0.0,0.0,3.2448210843255566e-05,1.5419663183245857e-05,6.919758934473365e-05,0.0,5.525476081434675e-06,4.918749759436651e-06,0.0,0.04967951486830801,0.005424791279901677,0.014629987619044387,0.08803490484558907,0.25712546444316003,0.06420556221009686,0.027689834841395915,0.0043233470991565605,4.03202370490372e-06
491,MINERAL_005,MINERAL_005_0092,Obsidian_glass,0.00070277711770513,0.0,0.00034611147947291853,0.0,0.0,0.00010771671148155546,0.0,0.0003457135105188817,14124.355981209039,1.2765068013057978e+16,0.0,0.0,2.4495913847017263e-05,1.3861286467259224e-05,6.761897374663213e-05,0.0,5.335690804399025e-06,2.3185486509334206e-06,0.0,0.05295410528576698,0.005355567558637046,0.01202177804413023,0.0832990987970527,0.25973513645709545,0.05291805506024185,0.02813847072665307,0.0059852783756326935,9.615145452671288e-05
492,MINERAL_005,MINERAL_005_0093,Obsidian_glass,0.0006715574773827883,0.0,0.000413479267268985,0.0,0.0,0.00017124792392447918,0.0,0.00043614629585429494,13939.187890302048,5.00588374167646e+18,0.0,0.0,3.8290005749595937e-05,1.4942850637573594e-05,6.98786830445374e-05,0.0,5.229706621367741e-06,3.970730944583709e-06,0.0,0.04563887284505058,0.0063105217248207645,0.013032542143445843,0.08975475742592083,0.2756159202494631,0.0635991438271312,0.02833754531059942,0.00496683532770928,1.0703902479846052e-05
493,MINERAL_005,MINERAL_005_0094,Obsidian_glass,0.0007305149261254533,0.0,0.0005742126578879446,0.0,0.0,0.00015462594595486837,0.0,0.0002718582622155769,19261.70087392103,2.933328098517168e+16,0.0,0.0,2.0389837878640053e-05,1.4656069882347501e-05,4.238980077365624e-05,0.0,6.967837755544031e-06,2.6802016769611464e-06,0.0,0.04926921621047815,0.005102078697550964,0.01368347864741657,0.08013192435378798,0.2947893325602726,0.0592216055441529,0.028670662927944634,0.0046174203865993885,9.633798237843113e-05
494,MINERAL_005,MINERAL_005_0095,Obsidian_glass,0.0007410361936592496,0.0,0.00040123377277016836,0.0,0.0,0.0001409302820766162,0.0,0.00036680513115341224,10197.31410437234,2.1413856031341169e+18,0.0,0.0,2.912954522218201e-05,1.0235404497699905e-05,5.7378049203300226e-05,0.0,7.657682591506746e-06,4.141110507358372e-06,0.0,0.054400777802038294,0.005182959076090804,0.014289195572116884,0.08966947190323901,0.27089455482055574,0.05653161364303669,0.030868690061109514,0.005325381879803992,8.552921157958783e-05
495,MINERAL_005,MINERAL_005_0096,Obsidian_glass,0.0006565641451432579,0.0,0.0004933930999808013,0.0,0.0,0.00011907580395490251,0.0,0.00031296350868319206,12638.109897258753,1.3796502786723578e+16,0.0,0.0,3.1726079345348394e-05,1.602562566675005e-05,4.730623834463853e-05,0.0,5.445898389838474e-06,4.2412286722846285e-06,0.0,0.05271220920717821,0.0064037112549657675,0.012937476990477469,0.08015149103721775,0.25839484615967956,0.06559521484281314,0.025405814381616158,0.004807829786618383,8.818742087576752e-05
496,MINERAL_005,MINERAL_005_0097,Obsidian_glass,0.0007480116180414045,0.0,0.0005557305524226403,0.0,0.0,0.00012205080788491706,0.0,0.0002315223592996189,19965.836436564277,1.1144555701979784e+16,0.0,0.0,2.4032296615265084e-05,1.6553786766461946e-05,5.8038571550499734e-05,0.0,7.435233772494551e-06,3.109463256236002e-06,0.0,0.04967007149958336,0.00645006994329972,0.014303626638208328,0.08547350929393739,0.2749414906083542,0.05043288046045726,0.03166726186053895,0.00542365251111932,7.307265142490674e-05
497,MINERAL_005,MINERAL_005_0098,Obsidian_glass,0.0006941062795568368,0.0,0.0003574567088509723,0.0,0.0,0.00013702967185556531,0.0,0.0004926426756262544,16302.349769821698,2.619886326321548e+18,0.0,0.0,2.835436521608786e-05,1.8927094062602234e-05,6.564558191450348e-05,0.0,5.2697451661990835e-06,2.7813806474156547e-06,0.0,0.05153605279339115,0.006031372124143107,0.012772208262058993,0.08033163988957044,0.2751726109362696,0.06460296136240797,0.02930771680616147,0.004419306761980586,5.660066770012146e-05
498,MINERAL_005,MINERAL_005_0099,Obsidian_glass,0.0007038154349802137,0.0,0.0003591463391724295,0.0,0.0,0.00014466293019041633,0.0,0.0004772515609556469,11698.828945090785,1.3551936258373669e+17,0.0,0.0,3.7221684883611204e-05,1.3406319371939138e-05,6.70972478813779e-05,0.0,6.777484496178012e-06,2.2562230923496908e-06,0.0,0.05245435441944886,0.006318137172642181,0.012330576948819427,0.08596986585477219,0.28087781660824135,0.05098354569440933,0.02982412242206194,0.005866055221709872,7.966287880253978e-05
499,MINERAL_005,MINERAL_005_0100,Obsidian_glass,0.0007285664553814456,0.0,0.00043936599475724147,0.0,0.0,0.00018107143657572326,0.0,0.00048451592615914106,14403.488630032383,2.8531571494129236e+16,0.0,0.0,3.29261285107207e-05,1.6282196679170194e-05,6.315932794319044e-05,0.0,6.7339628784066525e-06,2.6997080236908606e-06,0.0,0.046397320391102524,0.005621010828427229,0.014465039592115408,0.08260602469811452,0.29340469829644217,0.05467717117992042,0.03072499151160727,0.004732534563778454,3.3961624354303876e-05
