row_index,element,Te,Ne
0,Ag,7000.0,1e+16
1,Al,7000.0,1e+16
2,Ar,7000.0,1e+16
3,As,7000.0,1e+16
4,Au,7000.0,1e+16
5,B,7000.0,1e+16
6,Ba,7000.0,1e+16
7,Be,7000.0,1e+16
8,C,7000.0,1e+16
9,Ca,7000.0,1e+16
10,Cd,7000.0,1e+16
11,Ce,7000.0,1e+16
12,Cl,7000.0,1e+16
13,Co,7000.0,1e+16
14,Cr,7000.0,1e+16
15,Cu,7000.0,1e+16
16,Dy,7000.0,1e+16
17,Er,7000.0,1e+16
18,F,7000.0,1e+16
19,Fe,7000.0,1e+16
20,Gd,7000.0,1e+16
21,He,7000.0,1e+16
22,Hg,7000.0,1e+16
23,Ho,7000.0,1e+16
24,K,7000.0,1e+16
25,La,7000.0,1e+16
26,Li,7000.0,1e+16
27,Lu,7000.0,1e+16
28,Mg,7000.0,1e+16
29,Mn,7000.0,1e+16
30,Mo,7000.0,1e+16
31,N,7000.0,1e+16
32,Na,7000.0,1e+16
33,Nd,7000.0,1e+16
34,Ni,7000.0,1e+16
35,O,7000.0,1e+16
36,P,7000.0,1e+16
37,Pb,7000.0,1e+16
38,Pr,7000.0,1e+16
39,Pt,7000.0,1e+16
40,S,7000.0,1e+16
41,Si,7000.0,1e+16
42,Sm,7000.0,1e+16
43,Sn,7000.0,1e+16
44,Sr,7000.0,1e+16
45,Ta,7000.0,1e+16
46,Tb,7000.0,1e+16
47,Ti,7000.0,1e+16
48,V,7000.0,1e+16
49,W,7000.0,1e+16
50,Y,7000.0,1e+16
51,Yb,7000.0,1e+16
52,Zn,7000.0,1e+16
53,Ag,7000.0,1.12e+18
54,Al,7000.0,1.12e+18
55,Ar,7000.0,1.12e+18
56,As,7000.0,1.12e+18
57,Au,7000.0,1.12e+18
58,B,7000.0,1.12e+18
59,Ba,7000.0,1.12e+18
60,Be,7000.0,1.12e+18
61,C,7000.0,1.12e+18
62,Ca,7000.0,1.12e+18
63,Cd,7000.0,1.12e+18
64,Ce,7000.0,1.12e+18
65,Cl,7000.0,1.12e+18
66,Co,7000.0,1.12e+18
67,Cr,7000.0,1.12e+18
68,Cu,7000.0,1.12e+18
69,Dy,7000.0,1.12e+18
70,Er,7000.0,1.12e+18
71,F,7000.0,1.12e+18
72,Fe,7000.0,1.12e+18
73,Gd,7000.0,1.12e+18
74,He,7000.0,1.12e+18
75,Hg,7000.0,1.12e+18
76,Ho,7000.0,1.12e+18
77,K,7000.0,1.12e+18
78,La,7000.0,1.12e+18
79,Li,7000.0,1.12e+18
80,Lu,7000.0,1.12e+18
81,Mg,7000.0,1.12e+18
82,Mn,7000.0,1.12e+18
83,Mo,7000.0,1.12e+18
84,N,7000.0,1.12e+18
85,Na,7000.0,1.12e+18
86,Nd,7000.0,1.12e+18
87,Ni,7000.0,1.12e+18
88,O,7000.0,1.12e+18
89,P,7000.0,1.12e+18
90,Pb,7000.0,1.12e+18
91,Pr,7000.0,1.12e+18
92,Pt,7000.0,1.12e+18
93,S,7000.0,1.12e+18
94,Si,7000.0,1.12e+18
95,Sm,7000.0,1.12e+18
96,Sn,7000.0,1.12e+18
97,Sr,7000.0,1.12e+18
98,Ta,7000.0,1.12e+18
99,Tb,7000.0,1.12e+18
100,Ti,7000.0,1.12e+18
101,V,7000.0,1.12e+18
102,W,7000.0,1.12e+18
103,Y,7000.0,1.12e+18
104,Yb,7000.0,1.12e+18
105,Zn,7000.0,1.12e+18
106,Ag,7000.0,2.23e+18
107,Al,7000.0,2.23e+18
108,Ar,7000.0,2.23e+18
109,As,7000.0,2.23e+18
110,Au,7000.0,2.23e+18
111,B,7000.0,2.23e+18
112,Ba,7000.0,2.23e+18
113,Be,7000.0,2.23e+18
114,C,7000.0,2.23e+18
115,Ca,7000.0,2.23e+18
116,Cd,7000.0,2.23e+18
117,Ce,7000.0,2.23e+18
118,Cl,7000.0,2.23e+18
119,Co,7000.0,2.23e+18
120,Cr,7000.0,2.23e+18
121,Cu,7000.0,2.23e+18
122,Dy,7000.0,2.23e+18
123,Er,7000.0,2.23e+18
124,F,7000.0,2.23e+18
125,Fe,7000.0,2.23e+18
126,Gd,7000.0,2.23e+18
127,He,7000.0,2.23e+18
128,Hg,7000.0,2.23e+18
129,Ho,7000.0,2.23e+18
130,K,7000.0,2.23e+18
131,La,7000.0,2.23e+18
132,Li,7000.0,2.23e+18
133,Lu,7000.0,2.23e+18
134,Mg,7000.0,2.23e+18
135,Mn,7000.0,2.23e+18
136,Mo,7000.0,2.23e+18
137,N,7000.0,2.23e+18
138,Na,7000.0,2.23e+18
139,Nd,7000.0,2.23e+18
140,Ni,7000.0,2.23e+18
141,O,7000.0,2.23e+18
142,P,7000.0,2.23e+18
143,Pb,7000.0,2.23e+18
144,Pr,7000.0,2.23e+18
145,Pt,7000.0,2.23e+18
146,S,7000.0,2.23e+18
147,Si,7000.0,2.23e+18
148,Sm,7000.0,2.23e+18
149,Sn,7000.0,2.23e+18
150,Sr,7000.0,2.23e+18
151,Ta,7000.0,2.23e+18
152,Tb,7000.0,2.23e+18
153,Ti,7000.0,2.23e+18
154,V,7000.0,2.23e+18
155,W,7000.0,2.23e+18
156,Y,7000.0,2.23e+18
157,Yb,7000.0,2.23e+18
158,Zn,7000.0,2.23e+18
159,Ag,7000.0,3.34e+18
160,Al,7000.0,3.34e+18
161,Ar,7000.0,3.34e+18
162,As,7000.0,3.34e+18
163,Au,7000.0,3.34e+18
164,B,7000.0,3.34e+18
165,Ba,7000.0,3.34e+18
166,Be,7000.0,3.34e+18
167,C,7000.0,3.34e+18
168,Ca,7000.0,3.34e+18
169,Cd,7000.0,3.34e+18
170,Ce,7000.0,3.34e+18
171,Cl,7000.0,3.34e+18
172,Co,7000.0,3.34e+18
173,Cr,7000.0,3.34e+18
174,Cu,7000.0,3.34e+18
175,Dy,7000.0,3.34e+18
176,Er,7000.0,3.34e+18
177,F,7000.0,3.34e+18
178,Fe,7000.0,3.34e+18
179,Gd,7000.0,3.34e+18
180,He,7000.0,3.34e+18
181,Hg,7000.0,3.34e+18
182,Ho,7000.0,3.34e+18
183,K,7000.0,3.34e+18
184,La,7000.0,3.34e+18
185,Li,7000.0,3.34e+18
186,Lu,7000.0,3.34e+18
187,Mg,7000.0,3.34e+18
188,Mn,7000.0,3.34e+18
189,Mo,7000.0,3.34e+18
190,N,7000.0,3.34e+18
191,Na,7000.0,3.34e+18
192,Nd,7000.0,3.34e+18
193,Ni,7000.0,3.34e+18
194,O,7000.0,3.34e+18
195,P,7000.0,3.34e+18
196,Pb,7000.0,3.34e+18
197,Pr,7000.0,3.34e+18
198,Pt,7000.0,3.34e+18
199,S,7000.0,3.34e+18
200,Si,7000.0,3.34e+18
201,Sm,7000.0,3.34e+18
202,Sn,7000.0,3.34e+18
203,Sr,7000.0,3.34e+18
204,Ta,7000.0,3.34e+18
205,Tb,7000.0,3.34e+18
206,Ti,7000.0,3.34e+18
207,V,7000.0,3.34e+18
208,W,7000.0,3.34e+18
209,Y,7000.0,3.34e+18
210,Yb,7000.0,3.34e+18
211,Zn,7000.0,3.34e+18
212,Ag,7000.0,4.45e+18
213,Al,7000.0,4.45e+18
214,Ar,7000.0,4.45e+18
215,As,7000.0,4.45e+18
216,Au,7000.0,4.45e+18
217,B,7000.0,4.45e+18
218,Ba,7000.0,4.45e+18
219,Be,7000.0,4.45e+18
220,C,7000.0,4.45e+18
221,Ca,7000.0,4.45e+18
222,Cd,7000.0,4.45e+18
223,Ce,7000.0,4.45e+18
224,Cl,7000.0,4.45e+18
225,Co,7000.0,4.45e+18
226,Cr,7000.0,4.45e+18
227,Cu,7000.0,4.45e+18
228,Dy,7000.0,4.45e+18
229,Er,7000.0,4.45e+18
230,F,7000.0,4.45e+18
231,Fe,7000.0,4.45e+18
232,Gd,7000.0,4.45e+18
233,He,7000.0,4.45e+18
234,Hg,7000.0,4.45e+18
235,Ho,7000.0,4.45e+18
236,K,7000.0,4.45e+18
237,La,7000.0,4.45e+18
238,Li,7000.0,4.45e+18
239,Lu,7000.0,4.45e+18
240,Mg,7000.0,4.45e+18
241,Mn,7000.0,4.45e+18
242,Mo,7000.0,4.45e+18
243,N,7000.0,4.45e+18
244,Na,7000.0,4.45e+18
245,Nd,7000.0,4.45e+18
246,Ni,7000.0,4.45e+18
247,O,7000.0,4.45e+18
248,P,7000.0,4.45e+18
249,Pb,7000.0,4.45e+18
250,Pr,7000.0,4.45e+18
251,Pt,7000.0,4.45e+18
252,S,7000.0,4.45e+18
253,Si,7000.0,4.45e+18
254,Sm,7000.0,4.45e+18
255,Sn,7000.0,4.45e+18
256,Sr,7000.0,4.45e+18
257,Ta,7000.0,4.45e+18
258,Tb,7000.0,4.45e+18
259,Ti,7000.0,4.45e+18
260,V,7000.0,4.45e+18
261,W,7000.0,4.45e+18
262,Y,7000.0,4.45e+18
263,Yb,7000.0,4.45e+18
264,Zn,7000.0,4.45e+18
265,Ag,7000.0,5.56e+18
266,Al,7000.0,5.56e+18
267,Ar,7000.0,5.56e+18
268,As,7000.0,5.56e+18
269,Au,7000.0,5.56e+18
270,B,7000.0,5.56e+18
271,Ba,7000.0,5.56e+18
272,Be,7000.0,5.56e+18
273,C,7000.0,5.56e+18
274,Ca,7000.0,5.56e+18
275,Cd,7000.0,5.56e+18
276,Ce,7000.0,5.56e+18
277,Cl,7000.0,5.56e+18
278,Co,7000.0,5.56e+18
279,Cr,7000.0,5.56e+18
280,Cu,7000.0,5.56e+18
281,Dy,7000.0,5.56e+18
282,Er,7000.0,5.56e+18
283,F,7000.0,5.56e+18
284,Fe,7000.0,5.56e+18
285,Gd,7000.0,5.56e+18
286,He,7000.0,5.56e+18
287,Hg,7000.0,5.56e+18
288,Ho,7000.0,5.56e+18
289,K,7000.0,5.56e+18
290,La,7000.0,5.56e+18
291,Li,7000.0,5.56e+18
292,Lu,7000.0,5.56e+18
293,Mg,7000.0,5.56e+18
294,Mn,7000.0,5.56e+18
295,Mo,7000.0,5.56e+18
296,N,7000.0,5.56e+18
297,Na,7000.0,5.56e+18
298,Nd,7000.0,5.56e+18
299,Ni,7000.0,5.56e+18
300,O,7000.0,5.56e+18
301,P,7000.0,5.56e+18
302,Pb,7000.0,5.56e+18
303,Pr,7000.0,5.56e+18
304,Pt,7000.0,5.56e+18
305,S,7000.0,5.56e+18
306,Si,7000.0,5.56e+18
307,Sm,7000.0,5.56e+18
308,Sn,7000.0,5.56e+18
309,Sr,7000.0,5.56e+18
310,Ta,7000.0,5.56e+18
311,Tb,7000.0,5.56e+18
312,Ti,7000.0,5.56e+18
313,V,7000.0,5.56e+18
314,W,7000.0,5.56e+18
315,Y,7000.0,5.56e+18
316,Yb,7000.0,5.56e+18
317,Zn,7000.0,5.56e+18
318,Ag,7000.0,6.67e+18
319,Al,7000.0,6.67e+18
320,Ar,7000.0,6.67e+18
321,As,7000.0,6.67e+18
322,Au,7000.0,6.67e+18
323,B,7000.0,6.67e+18
324,Ba,7000.0,6.67e+18
325,Be,7000.0,6.67e+18
326,C,7000.0,6.67e+18
327,Ca,7000.0,6.67e+18
328,Cd,7000.0,6.67e+18
329,Ce,7000.0,6.67e+18
330,Cl,7000.0,6.67e+18
331,Co,7000.0,6.67e+18
332,Cr,7000.0,6.67e+18
333,Cu,7000.0,6.67e+18
334,Dy,7000.0,6.67e+18
335,Er,7000.0,6.67e+18
336,F,7000.0,6.67e+18
337,Fe,7000.0,6.67e+18
338,Gd,7000.0,6.67e+18
339,He,7000.0,6.67e+18
340,Hg,7000.0,6.67e+18
341,Ho,7000.0,6.67e+18
342,K,7000.0,6.67e+18
343,La,7000.0,6.67e+18
344,Li,7000.0,6.67e+18
345,Lu,7000.0,6.67e+18
346,Mg,7000.0,6.67e+18
347,Mn,7000.0,6.67e+18
348,Mo,7000.0,6.67e+18
349,N,7000.0,6.67e+18
350,Na,7000.0,6.67e+18
351,Nd,7000.0,6.67e+18
352,Ni,7000.0,6.67e+18
353,O,7000.0,6.67e+18
354,P,7000.0,6.67e+18
355,Pb,7000.0,6.67e+18
356,Pr,7000.0,6.67e+18
357,Pt,7000.0,6.67e+18
358,S,7000.0,6.67e+18
359,Si,7000.0,6.67e+18
360,Sm,7000.0,6.67e+18
361,Sn,7000.0,6.67e+18
362,Sr,7000.0,6.67e+18
363,Ta,7000.0,6.67e+18
364,Tb,7000.0,6.67e+18
365,Ti,7000.0,6.67e+18
366,V,7000.0,6.67e+18
367,W,7000.0,6.67e+18
368,Y,7000.0,6.67e+18
369,Yb,7000.0,6.67e+18
370,Zn,7000.0,6.67e+18
371,Ag,7000.0,7.78e+18
372,Al,7000.0,7.78e+18
373,Ar,7000.0,7.78e+18
374,As,7000.0,7.78e+18
375,Au,7000.0,7.78e+18
376,B,7000.0,7.78e+18
377,Ba,7000.0,7.78e+18
378,Be,7000.0,7.78e+18
379,C,7000.0,7.78e+18
380,Ca,7000.0,7.78e+18
381,Cd,7000.0,7.78e+18
382,Ce,7000.0,7.78e+18
383,Cl,7000.0,7.78e+18
384,Co,7000.0,7.78e+18
385,Cr,7000.0,7.78e+18
386,Cu,7000.0,7.78e+18
387,Dy,7000.0,7.78e+18
388,Er,7000.0,7.78e+18
389,F,7000.0,7.78e+18
390,Fe,7000.0,7.78e+18
391,Gd,7000.0,7.78e+18
392,He,7000.0,7.78e+18
393,Hg,7000.0,7.78e+18
394,Ho,7000.0,7.78e+18
395,K,7000.0,7.78e+18
396,La,7000.0,7.78e+18
397,Li,7000.0,7.78e+18
398,Lu,7000.0,7.78e+18
399,Mg,7000.0,7.78e+18
400,Mn,7000.0,7.78e+18
401,Mo,7000.0,7.78e+18
402,N,7000.0,7.78e+18
403,Na,7000.0,7.78e+18
404,Nd,7000.0,7.78e+18
405,Ni,7000.0,7.78e+18
406,O,7000.0,7.78e+18
407,P,7000.0,7.78e+18
408,Pb,7000.0,7.78e+18
409,Pr,7000.0,7.78e+18
410,Pt,7000.0,7.78e+18
411,S,7000.0,7.78e+18
412,Si,7000.0,7.78e+18
413,Sm,7000.0,7.78e+18
414,Sn,7000.0,7.78e+18
415,Sr,7000.0,7.78e+18
416,Ta,7000.0,7.78e+18
417,Tb,7000.0,7.78e+18
418,Ti,7000.0,7.78e+18
419,V,7000.0,7.78e+18
420,W,7000.0,7.78e+18
421,Y,7000.0,7.78e+18
422,Yb,7000.0,7.78e+18
423,Zn,7000.0,7.78e+18
424,Ag,7000.0,8.89e+18
425,Al,7000.0,8.89e+18
426,Ar,7000.0,8.89e+18
427,As,7000.0,8.89e+18
428,Au,7000.0,8.89e+18
429,B,7000.0,8.89e+18
430,Ba,7000.0,8.89e+18
431,Be,7000.0,8.89e+18
432,C,7000.0,8.89e+18
433,Ca,7000.0,8.89e+18
434,Cd,7000.0,8.89e+18
435,Ce,7000.0,8.89e+18
436,Cl,7000.0,8.89e+18
437,Co,7000.0,8.89e+18
438,Cr,7000.0,8.89e+18
439,Cu,7000.0,8.89e+18
440,Dy,7000.0,8.89e+18
441,Er,7000.0,8.89e+18
442,F,7000.0,8.89e+18
443,Fe,7000.0,8.89e+18
444,Gd,7000.0,8.89e+18
445,He,7000.0,8.89e+18
446,Hg,7000.0,8.89e+18
447,Ho,7000.0,8.89e+18
448,K,7000.0,8.89e+18
449,La,7000.0,8.89e+18
450,Li,7000.0,8.89e+18
451,Lu,7000.0,8.89e+18
452,Mg,7000.0,8.89e+18
453,Mn,7000.0,8.89e+18
454,Mo,7000.0,8.89e+18
455,N,7000.0,8.89e+18
456,Na,7000.0,8.89e+18
457,Nd,7000.0,8.89e+18
458,Ni,7000.0,8.89e+18
459,O,7000.0,8.89e+18
460,P,7000.0,8.89e+18
461,Pb,7000.0,8.89e+18
462,Pr,7000.0,8.89e+18
463,Pt,7000.0,8.89e+18
464,S,7000.0,8.89e+18
465,Si,7000.0,8.89e+18
466,Sm,7000.0,8.89e+18
467,Sn,7000.0,8.89e+18
468,Sr,7000.0,8.89e+18
469,Ta,7000.0,8.89e+18
470,Tb,7000.0,8.89e+18
471,Ti,7000.0,8.89e+18
472,V,7000.0,8.89e+18
473,W,7000.0,8.89e+18
474,Y,7000.0,8.89e+18
475,Yb,7000.0,8.89e+18
476,Zn,7000.0,8.89e+18
477,Ag,7000.0,1e+19
478,Al,7000.0,1e+19
479,Ar,7000.0,1e+19
480,As,7000.0,1e+19
481,Au,7000.0,1e+19
482,B,7000.0,1e+19
483,Ba,7000.0,1e+19
484,Be,7000.0,1e+19
485,C,7000.0,1e+19
486,Ca,7000.0,1e+19
487,Cd,7000.0,1e+19
488,Ce,7000.0,1e+19
489,Cl,7000.0,1e+19
490,Co,7000.0,1e+19
491,Cr,7000.0,1e+19
492,Cu,7000.0,1e+19
493,Dy,7000.0,1e+19
494,Er,7000.0,1e+19
495,F,7000.0,1e+19
496,Fe,7000.0,1e+19
497,Gd,7000.0,1e+19
498,He,7000.0,1e+19
499,Hg,7000.0,1e+19
500,Ho,7000.0,1e+19
501,K,7000.0,1e+19
502,La,7000.0,1e+19
503,Li,7000.0,1e+19
504,Lu,7000.0,1e+19
505,Mg,7000.0,1e+19
506,Mn,7000.0,1e+19
507,Mo,7000.0,1e+19
508,N,7000.0,1e+19
509,Na,7000.0,1e+19
510,Nd,7000.0,1e+19
511,Ni,7000.0,1e+19
512,O,7000.0,1e+19
513,P,7000.0,1e+19
514,Pb,7000.0,1e+19
515,Pr,7000.0,1e+19
516,Pt,7000.0,1e+19
517,S,7000.0,1e+19
518,Si,7000.0,1e+19
519,Sm,7000.0,1e+19
520,Sn,7000.0,1e+19
521,Sr,7000.0,1e+19
522,Ta,7000.0,1e+19
523,Tb,7000.0,1e+19
524,Ti,7000.0,1e+19
525,V,7000.0,1e+19
526,W,7000.0,1e+19
527,Y,7000.0,1e+19
528,Yb,7000.0,1e+19
529,Zn,7000.0,1e+19
530,Ag,7888.888888888889,1e+16
531,Al,7888.888888888889,1e+16
532,Ar,7888.888888888889,1e+16
533,As,7888.888888888889,1e+16
534,Au,7888.888888888889,1e+16
535,B,7888.888888888889,1e+16
536,Ba,7888.888888888889,1e+16
537,Be,7888.888888888889,1e+16
538,C,7888.888888888889,1e+16
539,Ca,7888.888888888889,1e+16
540,Cd,7888.888888888889,1e+16
541,Ce,7888.888888888889,1e+16
542,Cl,7888.888888888889,1e+16
543,Co,7888.888888888889,1e+16
544,Cr,7888.888888888889,1e+16
545,Cu,7888.888888888889,1e+16
546,Dy,7888.888888888889,1e+16
547,Er,7888.888888888889,1e+16
548,F,7888.888888888889,1e+16
549,Fe,7888.888888888889,1e+16
550,Gd,7888.888888888889,1e+16
551,He,7888.888888888889,1e+16
552,Hg,7888.888888888889,1e+16
553,Ho,7888.888888888889,1e+16
554,K,7888.888888888889,1e+16
555,La,7888.888888888889,1e+16
556,Li,7888.888888888889,1e+16
557,Lu,7888.888888888889,1e+16
558,Mg,7888.888888888889,1e+16
559,Mn,7888.888888888889,1e+16
560,Mo,7888.888888888889,1e+16
561,N,7888.888888888889,1e+16
562,Na,7888.888888888889,1e+16
563,Nd,7888.888888888889,1e+16
564,Ni,7888.888888888889,1e+16
565,O,7888.888888888889,1e+16
566,P,7888.888888888889,1e+16
567,Pb,7888.888888888889,1e+16
568,Pr,7888.888888888889,1e+16
569,Pt,7888.888888888889,1e+16
570,S,7888.888888888889,1e+16
571,Si,7888.888888888889,1e+16
572,Sm,7888.888888888889,1e+16
573,Sn,7888.888888888889,1e+16
574,Sr,7888.888888888889,1e+16
575,Ta,7888.888888888889,1e+16
576,Tb,7888.888888888889,1e+16
577,Ti,7888.888888888889,1e+16
578,V,7888.888888888889,1e+16
579,W,7888.888888888889,1e+16
580,Y,7888.888888888889,1e+16
581,Yb,7888.888888888889,1e+16
582,Zn,7888.888888888889,1e+16
583,Ag,7888.888888888889,1.12e+18
584,Al,7888.888888888889,1.12e+18
585,Ar,7888.888888888889,1.12e+18
586,As,7888.888888888889,1.12e+18
587,Au,7888.888888888889,1.12e+18
588,B,7888.888888888889,1.12e+18
589,Ba,7888.888888888889,1.12e+18
590,Be,7888.888888888889,1.12e+18
591,C,7888.888888888889,1.12e+18
592,Ca,7888.888888888889,1.12e+18
593,Cd,7888.888888888889,1.12e+18
594,Ce,7888.888888888889,1.12e+18
595,Cl,7888.888888888889,1.12e+18
596,Co,7888.888888888889,1.12e+18
597,Cr,7888.888888888889,1.12e+18
598,Cu,7888.888888888889,1.12e+18
599,Dy,7888.888888888889,1.12e+18
600,Er,7888.888888888889,1.12e+18
601,F,7888.888888888889,1.12e+18
602,Fe,7888.888888888889,1.12e+18
603,Gd,7888.888888888889,1.12e+18
604,He,7888.888888888889,1.12e+18
605,Hg,7888.888888888889,1.12e+18
606,Ho,7888.888888888889,1.12e+18
607,K,7888.888888888889,1.12e+18
608,La,7888.888888888889,1.12e+18
609,Li,7888.888888888889,1.12e+18
610,Lu,7888.888888888889,1.12e+18
611,Mg,7888.888888888889,1.12e+18
612,Mn,7888.888888888889,1.12e+18
613,Mo,7888.888888888889,1.12e+18
614,N,7888.888888888889,1.12e+18
615,Na,7888.888888888889,1.12e+18
616,Nd,7888.888888888889,1.12e+18
617,Ni,7888.888888888889,1.12e+18
618,O,7888.888888888889,1.12e+18
619,P,7888.888888888889,1.12e+18
620,Pb,7888.888888888889,1.12e+18
621,Pr,7888.888888888889,1.12e+18
622,Pt,7888.888888888889,1.12e+18
623,S,7888.888888888889,1.12e+18
624,Si,7888.888888888889,1.12e+18
625,Sm,7888.888888888889,1.12e+18
626,Sn,7888.888888888889,1.12e+18
627,Sr,7888.888888888889,1.12e+18
628,Ta,7888.888888888889,1.12e+18
629,Tb,7888.888888888889,1.12e+18
630,Ti,7888.888888888889,1.12e+18
631,V,7888.888888888889,1.12e+18
632,W,7888.888888888889,1.12e+18
633,Y,7888.888888888889,1.12e+18
634,Yb,7888.888888888889,1.12e+18
635,Zn,7888.888888888889,1.12e+18
636,Ag,7888.888888888889,2.23e+18
637,Al,7888.888888888889,2.23e+18
638,Ar,7888.888888888889,2.23e+18
639,As,7888.888888888889,2.23e+18
640,Au,7888.888888888889,2.23e+18
641,B,7888.888888888889,2.23e+18
642,Ba,7888.888888888889,2.23e+18
643,Be,7888.888888888889,2.23e+18
644,C,7888.888888888889,2.23e+18
645,Ca,7888.888888888889,2.23e+18
646,Cd,7888.888888888889,2.23e+18
647,Ce,7888.888888888889,2.23e+18
648,Cl,7888.888888888889,2.23e+18
649,Co,7888.888888888889,2.23e+18
650,Cr,7888.888888888889,2.23e+18
651,Cu,7888.888888888889,2.23e+18
652,Dy,7888.888888888889,2.23e+18
653,Er,7888.888888888889,2.23e+18
654,F,7888.888888888889,2.23e+18
655,Fe,7888.888888888889,2.23e+18
656,Gd,7888.888888888889,2.23e+18
657,He,7888.888888888889,2.23e+18
658,Hg,7888.888888888889,2.23e+18
659,Ho,7888.888888888889,2.23e+18
660,K,7888.888888888889,2.23e+18
661,La,7888.888888888889,2.23e+18
662,Li,7888.888888888889,2.23e+18
663,Lu,7888.888888888889,2.23e+18
664,Mg,7888.888888888889,2.23e+18
665,Mn,7888.888888888889,2.23e+18
666,Mo,7888.888888888889,2.23e+18
667,N,7888.888888888889,2.23e+18
668,Na,7888.888888888889,2.23e+18
669,Nd,7888.888888888889,2.23e+18
670,Ni,7888.888888888889,2.23e+18
671,O,7888.888888888889,2.23e+18
672,P,7888.888888888889,2.23e+18
673,Pb,7888.888888888889,2.23e+18
674,Pr,7888.888888888889,2.23e+18
675,Pt,7888.888888888889,2.23e+18
676,S,7888.888888888889,2.23e+18
677,Si,7888.888888888889,2.23e+18
678,Sm,7888.888888888889,2.23e+18
679,Sn,7888.888888888889,2.23e+18
680,Sr,7888.888888888889,2.23e+18
681,Ta,7888.888888888889,2.23e+18
682,Tb,7888.888888888889,2.23e+18
683,Ti,7888.888888888889,2.23e+18
684,V,7888.888888888889,2.23e+18
685,W,7888.888888888889,2.23e+18
686,Y,7888.888888888889,2.23e+18
687,Yb,7888.888888888889,2.23e+18
688,Zn,7888.888888888889,2.23e+18
689,Ag,7888.888888888889,3.34e+18
690,Al,7888.888888888889,3.34e+18
691,Ar,7888.888888888889,3.34e+18
692,As,7888.888888888889,3.34e+18
693,Au,7888.888888888889,3.34e+18
694,B,7888.888888888889,3.34e+18
695,Ba,7888.888888888889,3.34e+18
696,Be,7888.888888888889,3.34e+18
697,C,7888.888888888889,3.34e+18
698,Ca,7888.888888888889,3.34e+18
699,Cd,7888.888888888889,3.34e+18
700,Ce,7888.888888888889,3.34e+18
701,Cl,7888.888888888889,3.34e+18
702,Co,7888.888888888889,3.34e+18
703,Cr,7888.888888888889,3.34e+18
704,Cu,7888.888888888889,3.34e+18
705,Dy,7888.888888888889,3.34e+18
706,Er,7888.888888888889,3.34e+18
707,F,7888.888888888889,3.34e+18
708,Fe,7888.888888888889,3.34e+18
709,Gd,7888.888888888889,3.34e+18
710,He,7888.888888888889,3.34e+18
711,Hg,7888.888888888889,3.34e+18
712,Ho,7888.888888888889,3.34e+18
713,K,7888.888888888889,3.34e+18
714,La,7888.888888888889,3.34e+18
715,Li,7888.888888888889,3.34e+18
716,Lu,7888.888888888889,3.34e+18
717,Mg,7888.888888888889,3.34e+18
718,Mn,7888.888888888889,3.34e+18
719,Mo,7888.888888888889,3.34e+18
720,N,7888.888888888889,3.34e+18
721,Na,7888.888888888889,3.34e+18
722,Nd,7888.888888888889,3.34e+18
723,Ni,7888.888888888889,3.34e+18
724,O,7888.888888888889,3.34e+18
725,P,7888.888888888889,3.34e+18
726,Pb,7888.888888888889,3.34e+18
727,Pr,7888.888888888889,3.34e+18
728,Pt,7888.888888888889,3.34e+18
729,S,7888.888888888889,3.34e+18
730,Si,7888.888888888889,3.34e+18
731,Sm,7888.888888888889,3.34e+18
732,Sn,7888.888888888889,3.34e+18
733,Sr,7888.888888888889,3.34e+18
734,Ta,7888.888888888889,3.34e+18
735,Tb,7888.888888888889,3.34e+18
736,Ti,7888.888888888889,3.34e+18
737,V,7888.888888888889,3.34e+18
738,W,7888.888888888889,3.34e+18
739,Y,7888.888888888889,3.34e+18
740,Yb,7888.888888888889,3.34e+18
741,Zn,7888.888888888889,3.34e+18
742,Ag,7888.888888888889,4.45e+18
743,Al,7888.888888888889,4.45e+18
744,Ar,7888.888888888889,4.45e+18
745,As,7888.888888888889,4.45e+18
746,Au,7888.888888888889,4.45e+18
747,B,7888.888888888889,4.45e+18
748,Ba,7888.888888888889,4.45e+18
749,Be,7888.888888888889,4.45e+18
750,C,7888.888888888889,4.45e+18
751,Ca,7888.888888888889,4.45e+18
752,Cd,7888.888888888889,4.45e+18
753,Ce,7888.888888888889,4.45e+18
754,Cl,7888.888888888889,4.45e+18
755,Co,7888.888888888889,4.45e+18
756,Cr,7888.888888888889,4.45e+18
757,Cu,7888.888888888889,4.45e+18
758,Dy,7888.888888888889,4.45e+18
759,Er,7888.888888888889,4.45e+18
760,F,7888.888888888889,4.45e+18
761,Fe,7888.888888888889,4.45e+18
762,Gd,7888.888888888889,4.45e+18
763,He,7888.888888888889,4.45e+18
764,Hg,7888.888888888889,4.45e+18
765,Ho,7888.888888888889,4.45e+18
766,K,7888.888888888889,4.45e+18
767,La,7888.888888888889,4.45e+18
768,Li,7888.888888888889,4.45e+18
769,Lu,7888.888888888889,4.45e+18
770,Mg,7888.888888888889,4.45e+18
771,Mn,7888.888888888889,4.45e+18
772,Mo,7888.888888888889,4.45e+18
773,N,7888.888888888889,4.45e+18
774,Na,7888.888888888889,4.45e+18
775,Nd,7888.888888888889,4.45e+18
776,Ni,7888.888888888889,4.45e+18
777,O,7888.888888888889,4.45e+18
778,P,7888.888888888889,4.45e+18
779,Pb,7888.888888888889,4.45e+18
780,Pr,7888.888888888889,4.45e+18
781,Pt,7888.888888888889,4.45e+18
782,S,7888.888888888889,4.45e+18
783,Si,7888.888888888889,4.45e+18
784,Sm,7888.888888888889,4.45e+18
785,Sn,7888.888888888889,4.45e+18
786,Sr,7888.888888888889,4.45e+18
787,Ta,7888.888888888889,4.45e+18
788,Tb,7888.888888888889,4.45e+18
789,Ti,7888.888888888889,4.45e+18
790,V,7888.888888888889,4.45e+18
791,W,7888.888888888889,4.45e+18
792,Y,7888.888888888889,4.45e+18
793,Yb,7888.888888888889,4.45e+18
794,Zn,7888.888888888889,4.45e+18
795,Ag,7888.888888888889,5.56e+18
796,Al,7888.888888888889,5.56e+18
797,Ar,7888.888888888889,5.56e+18
798,As,7888.888888888889,5.56e+18
799,Au,7888.888888888889,5.56e+18
800,B,7888.888888888889,5.56e+18
801,Ba,7888.888888888889,5.56e+18
802,Be,7888.888888888889,5.56e+18
803,C,7888.888888888889,5.56e+18
804,Ca,7888.888888888889,5.56e+18
805,Cd,7888.888888888889,5.56e+18
806,Ce,7888.888888888889,5.56e+18
807,Cl,7888.888888888889,5.56e+18
808,Co,7888.888888888889,5.56e+18
809,Cr,7888.888888888889,5.56e+18
810,Cu,7888.888888888889,5.56e+18
811,Dy,7888.888888888889,5.56e+18
812,Er,7888.888888888889,5.56e+18
813,F,7888.888888888889,5.56e+18
814,Fe,7888.888888888889,5.56e+18
815,Gd,7888.888888888889,5.56e+18
816,He,7888.888888888889,5.56e+18
817,Hg,7888.888888888889,5.56e+18
818,Ho,7888.888888888889,5.56e+18
819,K,7888.888888888889,5.56e+18
820,La,7888.888888888889,5.56e+18
821,Li,7888.888888888889,5.56e+18
822,Lu,7888.888888888889,5.56e+18
823,Mg,7888.888888888889,5.56e+18
824,Mn,7888.888888888889,5.56e+18
825,Mo,7888.888888888889,5.56e+18
826,N,7888.888888888889,5.56e+18
827,Na,7888.888888888889,5.56e+18
828,Nd,7888.888888888889,5.56e+18
829,Ni,7888.888888888889,5.56e+18
830,O,7888.888888888889,5.56e+18
831,P,7888.888888888889,5.56e+18
832,Pb,7888.888888888889,5.56e+18
833,Pr,7888.888888888889,5.56e+18
834,Pt,7888.888888888889,5.56e+18
835,S,7888.888888888889,5.56e+18
836,Si,7888.888888888889,5.56e+18
837,Sm,7888.888888888889,5.56e+18
838,Sn,7888.888888888889,5.56e+18
839,Sr,7888.888888888889,5.56e+18
840,Ta,7888.888888888889,5.56e+18
841,Tb,7888.888888888889,5.56e+18
842,Ti,7888.888888888889,5.56e+18
843,V,7888.888888888889,5.56e+18
844,W,7888.888888888889,5.56e+18
845,Y,7888.888888888889,5.56e+18
846,Yb,7888.888888888889,5.56e+18
847,Zn,7888.888888888889,5.56e+18
848,Ag,7888.888888888889,6.67e+18
849,Al,7888.888888888889,6.67e+18
850,Ar,7888.888888888889,6.67e+18
851,As,7888.888888888889,6.67e+18
852,Au,7888.888888888889,6.67e+18
853,B,7888.888888888889,6.67e+18
854,Ba,7888.888888888889,6.67e+18
855,Be,7888.888888888889,6.67e+18
856,C,7888.888888888889,6.67e+18
857,Ca,7888.888888888889,6.67e+18
858,Cd,7888.888888888889,6.67e+18
859,Ce,7888.888888888889,6.67e+18
860,Cl,7888.888888888889,6.67e+18
861,Co,7888.888888888889,6.67e+18
862,Cr,7888.888888888889,6.67e+18
863,Cu,7888.888888888889,6.67e+18
864,Dy,7888.888888888889,6.67e+18
865,Er,7888.888888888889,6.67e+18
866,F,7888.888888888889,6.67e+18
867,Fe,7888.888888888889,6.67e+18
868,Gd,7888.888888888889,6.67e+18
869,He,7888.888888888889,6.67e+18
870,Hg,7888.888888888889,6.67e+18
871,Ho,7888.888888888889,6.67e+18
872,K,7888.888888888889,6.67e+18
873,La,7888.888888888889,6.67e+18
874,Li,7888.888888888889,6.67e+18
875,Lu,7888.888888888889,6.67e+18
876,Mg,7888.888888888889,6.67e+18
877,Mn,7888.888888888889,6.67e+18
878,Mo,7888.888888888889,6.67e+18
879,N,7888.888888888889,6.67e+18
880,Na,7888.888888888889,6.67e+18
881,Nd,7888.888888888889,6.67e+18
882,Ni,7888.888888888889,6.67e+18
883,O,7888.888888888889,6.67e+18
884,P,7888.888888888889,6.67e+18
885,Pb,7888.888888888889,6.67e+18
886,Pr,7888.888888888889,6.67e+18
887,Pt,7888.888888888889,6.67e+18
888,S,7888.888888888889,6.67e+18
889,Si,7888.888888888889,6.67e+18
890,Sm,7888.888888888889,6.67e+18
891,Sn,7888.888888888889,6.67e+18
892,Sr,7888.888888888889,6.67e+18
893,Ta,7888.888888888889,6.67e+18
894,Tb,7888.888888888889,6.67e+18
895,Ti,7888.888888888889,6.67e+18
896,V,7888.888888888889,6.67e+18
897,W,7888.888888888889,6.67e+18
898,Y,7888.888888888889,6.67e+18
899,Yb,7888.888888888889,6.67e+18
900,Zn,7888.888888888889,6.67e+18
901,Ag,7888.888888888889,7.78e+18
902,Al,7888.888888888889,7.78e+18
903,Ar,7888.888888888889,7.78e+18
904,As,7888.888888888889,7.78e+18
905,Au,7888.888888888889,7.78e+18
906,B,7888.888888888889,7.78e+18
907,Ba,7888.888888888889,7.78e+18
908,Be,7888.888888888889,7.78e+18
909,C,7888.888888888889,7.78e+18
910,Ca,7888.888888888889,7.78e+18
911,Cd,7888.888888888889,7.78e+18
912,Ce,7888.888888888889,7.78e+18
913,Cl,7888.888888888889,7.78e+18
914,Co,7888.888888888889,7.78e+18
915,Cr,7888.888888888889,7.78e+18
916,Cu,7888.888888888889,7.78e+18
917,Dy,7888.888888888889,7.78e+18
918,Er,7888.888888888889,7.78e+18
919,F,7888.888888888889,7.78e+18
920,Fe,7888.888888888889,7.78e+18
921,Gd,7888.888888888889,7.78e+18
922,He,7888.888888888889,7.78e+18
923,Hg,7888.888888888889,7.78e+18
924,Ho,7888.888888888889,7.78e+18
925,K,7888.888888888889,7.78e+18
926,La,7888.888888888889,7.78e+18
927,Li,7888.888888888889,7.78e+18
928,Lu,7888.888888888889,7.78e+18
929,Mg,7888.888888888889,7.78e+18
930,Mn,7888.888888888889,7.78e+18
931,Mo,7888.888888888889,7.78e+18
932,N,7888.888888888889,7.78e+18
933,Na,7888.888888888889,7.78e+18
934,Nd,7888.888888888889,7.78e+18
935,Ni,7888.888888888889,7.78e+18
936,O,7888.888888888889,7.78e+18
937,P,7888.888888888889,7.78e+18
938,Pb,7888.888888888889,7.78e+18
939,Pr,7888.888888888889,7.78e+18
940,Pt,7888.888888888889,7.78e+18
941,S,7888.888888888889,7.78e+18
942,Si,7888.888888888889,7.78e+18
943,Sm,7888.888888888889,7.78e+18
944,Sn,7888.888888888889,7.78e+18
945,Sr,7888.888888888889,7.78e+18
946,Ta,7888.888888888889,7.78e+18
947,Tb,7888.888888888889,7.78e+18
948,Ti,7888.888888888889,7.78e+18
949,V,7888.888888888889,7.78e+18
950,W,7888.888888888889,7.78e+18
951,Y,7888.888888888889,7.78e+18
952,Yb,7888.888888888889,7.78e+18
953,Zn,7888.888888888889,7.78e+18
954,Ag,7888.888888888889,8.89e+18
955,Al,7888.888888888889,8.89e+18
956,Ar,7888.888888888889,8.89e+18
957,As,7888.888888888889,8.89e+18
958,Au,7888.888888888889,8.89e+18
959,B,7888.888888888889,8.89e+18
960,Ba,7888.888888888889,8.89e+18
961,Be,7888.888888888889,8.89e+18
962,C,7888.888888888889,8.89e+18
963,Ca,7888.888888888889,8.89e+18
964,Cd,7888.888888888889,8.89e+18
965,Ce,7888.888888888889,8.89e+18
966,Cl,7888.888888888889,8.89e+18
967,Co,7888.888888888889,8.89e+18
968,Cr,7888.888888888889,8.89e+18
969,Cu,7888.888888888889,8.89e+18
970,Dy,7888.888888888889,8.89e+18
971,Er,7888.888888888889,8.89e+18
972,F,7888.888888888889,8.89e+18
973,Fe,7888.888888888889,8.89e+18
974,Gd,7888.888888888889,8.89e+18
975,He,7888.888888888889,8.89e+18
976,Hg,7888.888888888889,8.89e+18
977,Ho,7888.888888888889,8.89e+18
978,K,7888.888888888889,8.89e+18
979,La,7888.888888888889,8.89e+18
980,Li,7888.888888888889,8.89e+18
981,Lu,7888.888888888889,8.89e+18
982,Mg,7888.888888888889,8.89e+18
983,Mn,7888.888888888889,8.89e+18
984,Mo,7888.888888888889,8.89e+18
985,N,7888.888888888889,8.89e+18
986,Na,7888.888888888889,8.89e+18
987,Nd,7888.888888888889,8.89e+18
988,Ni,7888.888888888889,8.89e+18
989,O,7888.888888888889,8.89e+18
990,P,7888.888888888889,8.89e+18
991,Pb,7888.888888888889,8.89e+18
992,Pr,7888.888888888889,8.89e+18
993,Pt,7888.888888888889,8.89e+18
994,S,7888.888888888889,8.89e+18
995,Si,7888.888888888889,8.89e+18
996,Sm,7888.888888888889,8.89e+18
997,Sn,7888.888888888889,8.89e+18
998,Sr,7888.888888888889,8.89e+18
999,Ta,7888.888888888889,8.89e+18
1000,Tb,7888.888888888889,8.89e+18
1001,Ti,7888.888888888889,8.89e+18
1002,V,7888.888888888889,8.89e+18
1003,W,7888.888888888889,8.89e+18
1004,Y,7888.888888888889,8.89e+18
1005,Yb,7888.888888888889,8.89e+18
1006,Zn,7888.888888888889,8.89e+18
1007,Ag,7888.888888888889,1e+19
1008,Al,7888.888888888889,1e+19
1009,Ar,7888.888888888889,1e+19
1010,As,7888.888888888889,1e+19
1011,Au,7888.888888888889,1e+19
1012,B,7888.888888888889,1e+19
1013,Ba,7888.888888888889,1e+19
1014,Be,7888.888888888889,1e+19
1015,C,7888.888888888889,1e+19
1016,Ca,7888.888888888889,1e+19
1017,Cd,7888.888888888889,1e+19
1018,Ce,7888.888888888889,1e+19
1019,Cl,7888.888888888889,1e+19
1020,Co,7888.888888888889,1e+19
1021,Cr,7888.888888888889,1e+19
1022,Cu,7888.888888888889,1e+19
1023,Dy,7888.888888888889,1e+19
1024,Er,7888.888888888889,1e+19
1025,F,7888.888888888889,1e+19
1026,Fe,7888.888888888889,1e+19
1027,Gd,7888.888888888889,1e+19
1028,He,7888.888888888889,1e+19
1029,Hg,7888.888888888889,1e+19
1030,Ho,7888.888888888889,1e+19
1031,K,7888.888888888889,1e+19
1032,La,7888.888888888889,1e+19
1033,Li,7888.888888888889,1e+19
1034,Lu,7888.888888888889,1e+19
1035,Mg,7888.888888888889,1e+19
1036,Mn,7888.888888888889,1e+19
1037,Mo,7888.888888888889,1e+19
1038,N,7888.888888888889,1e+19
1039,Na,7888.888888888889,1e+19
1040,Nd,7888.888888888889,1e+19
1041,Ni,7888.888888888889,1e+19
1042,O,7888.888888888889,1e+19
1043,P,7888.888888888889,1e+19
1044,Pb,7888.888888888889,1e+19
1045,Pr,7888.888888888889,1e+19
1046,Pt,7888.888888888889,1e+19
1047,S,7888.888888888889,1e+19
1048,Si,7888.888888888889,1e+19
1049,Sm,7888.888888888889,1e+19
1050,Sn,7888.888888888889,1e+19
1051,Sr,7888.888888888889,1e+19
1052,Ta,7888.888888888889,1e+19
1053,Tb,7888.888888888889,1e+19
1054,Ti,7888.888888888889,1e+19
1055,V,7888.888888888889,1e+19
1056,W,7888.888888888889,1e+19
1057,Y,7888.888888888889,1e+19
1058,Yb,7888.888888888889,1e+19
1059,Zn,7888.888888888889,1e+19
1060,Ag,8777.777777777777,1e+16
1061,Al,8777.777777777777,1e+16
1062,Ar,8777.777777777777,1e+16
1063,As,8777.777777777777,1e+16
1064,Au,8777.777777777777,1e+16
1065,B,8777.777777777777,1e+16
1066,Ba,8777.777777777777,1e+16
1067,Be,8777.777777777777,1e+16
1068,C,8777.777777777777,1e+16
1069,Ca,8777.777777777777,1e+16
1070,Cd,8777.777777777777,1e+16
1071,Ce,8777.777777777777,1e+16
1072,Cl,8777.777777777777,1e+16
1073,Co,8777.777777777777,1e+16
1074,Cr,8777.777777777777,1e+16
1075,Cu,8777.777777777777,1e+16
1076,Dy,8777.777777777777,1e+16
1077,Er,8777.777777777777,1e+16
1078,F,8777.777777777777,1e+16
1079,Fe,8777.777777777777,1e+16
1080,Gd,8777.777777777777,1e+16
1081,He,8777.777777777777,1e+16
1082,Hg,8777.777777777777,1e+16
1083,Ho,8777.777777777777,1e+16
1084,K,8777.777777777777,1e+16
1085,La,8777.777777777777,1e+16
1086,Li,8777.777777777777,1e+16
1087,Lu,8777.777777777777,1e+16
1088,Mg,8777.777777777777,1e+16
1089,Mn,8777.777777777777,1e+16
1090,Mo,8777.777777777777,1e+16
1091,N,8777.777777777777,1e+16
1092,Na,8777.777777777777,1e+16
1093,Nd,8777.777777777777,1e+16
1094,Ni,8777.777777777777,1e+16
1095,O,8777.777777777777,1e+16
1096,P,8777.777777777777,1e+16
1097,Pb,8777.777777777777,1e+16
1098,Pr,8777.777777777777,1e+16
1099,Pt,8777.777777777777,1e+16
1100,S,8777.777777777777,1e+16
1101,Si,8777.777777777777,1e+16
1102,Sm,8777.777777777777,1e+16
1103,Sn,8777.777777777777,1e+16
1104,Sr,8777.777777777777,1e+16
1105,Ta,8777.777777777777,1e+16
1106,Tb,8777.777777777777,1e+16
1107,Ti,8777.777777777777,1e+16
1108,V,8777.777777777777,1e+16
1109,W,8777.777777777777,1e+16
1110,Y,8777.777777777777,1e+16
1111,Yb,8777.777777777777,1e+16
1112,Zn,8777.777777777777,1e+16
1113,Ag,8777.777777777777,1.12e+18
1114,Al,8777.777777777777,1.12e+18
1115,Ar,8777.777777777777,1.12e+18
1116,As,8777.777777777777,1.12e+18
1117,Au,8777.777777777777,1.12e+18
1118,B,8777.777777777777,1.12e+18
1119,Ba,8777.777777777777,1.12e+18
1120,Be,8777.777777777777,1.12e+18
1121,C,8777.777777777777,1.12e+18
1122,Ca,8777.777777777777,1.12e+18
1123,Cd,8777.777777777777,1.12e+18
1124,Ce,8777.777777777777,1.12e+18
1125,Cl,8777.777777777777,1.12e+18
1126,Co,8777.777777777777,1.12e+18
1127,Cr,8777.777777777777,1.12e+18
1128,Cu,8777.777777777777,1.12e+18
1129,Dy,8777.777777777777,1.12e+18
1130,Er,8777.777777777777,1.12e+18
1131,F,8777.777777777777,1.12e+18
1132,Fe,8777.777777777777,1.12e+18
1133,Gd,8777.777777777777,1.12e+18
1134,He,8777.777777777777,1.12e+18
1135,Hg,8777.777777777777,1.12e+18
1136,Ho,8777.777777777777,1.12e+18
1137,K,8777.777777777777,1.12e+18
1138,La,8777.777777777777,1.12e+18
1139,Li,8777.777777777777,1.12e+18
1140,Lu,8777.777777777777,1.12e+18
1141,Mg,8777.777777777777,1.12e+18
1142,Mn,8777.777777777777,1.12e+18
1143,Mo,8777.777777777777,1.12e+18
1144,N,8777.777777777777,1.12e+18
1145,Na,8777.777777777777,1.12e+18
1146,Nd,8777.777777777777,1.12e+18
1147,Ni,8777.777777777777,1.12e+18
1148,O,8777.777777777777,1.12e+18
1149,P,8777.777777777777,1.12e+18
1150,Pb,8777.777777777777,1.12e+18
1151,Pr,8777.777777777777,1.12e+18
1152,Pt,8777.777777777777,1.12e+18
1153,S,8777.777777777777,1.12e+18
1154,Si,8777.777777777777,1.12e+18
1155,Sm,8777.777777777777,1.12e+18
1156,Sn,8777.777777777777,1.12e+18
1157,Sr,8777.777777777777,1.12e+18
1158,Ta,8777.777777777777,1.12e+18
1159,Tb,8777.777777777777,1.12e+18
1160,Ti,8777.777777777777,1.12e+18
1161,V,8777.777777777777,1.12e+18
1162,W,8777.777777777777,1.12e+18
1163,Y,8777.777777777777,1.12e+18
1164,Yb,8777.777777777777,1.12e+18
1165,Zn,8777.777777777777,1.12e+18
1166,Ag,8777.777777777777,2.23e+18
1167,Al,8777.777777777777,2.23e+18
1168,Ar,8777.777777777777,2.23e+18
1169,As,8777.777777777777,2.23e+18
1170,Au,8777.777777777777,2.23e+18
1171,B,8777.777777777777,2.23e+18
1172,Ba,8777.777777777777,2.23e+18
1173,Be,8777.777777777777,2.23e+18
1174,C,8777.777777777777,2.23e+18
1175,Ca,8777.777777777777,2.23e+18
1176,Cd,8777.777777777777,2.23e+18
1177,Ce,8777.777777777777,2.23e+18
1178,Cl,8777.777777777777,2.23e+18
1179,Co,8777.777777777777,2.23e+18
1180,Cr,8777.777777777777,2.23e+18
1181,Cu,8777.777777777777,2.23e+18
1182,Dy,8777.777777777777,2.23e+18
1183,Er,8777.777777777777,2.23e+18
1184,F,8777.777777777777,2.23e+18
1185,Fe,8777.777777777777,2.23e+18
1186,Gd,8777.777777777777,2.23e+18
1187,He,8777.777777777777,2.23e+18
1188,Hg,8777.777777777777,2.23e+18
1189,Ho,8777.777777777777,2.23e+18
1190,K,8777.777777777777,2.23e+18
1191,La,8777.777777777777,2.23e+18
1192,Li,8777.777777777777,2.23e+18
1193,Lu,8777.777777777777,2.23e+18
1194,Mg,8777.777777777777,2.23e+18
1195,Mn,8777.777777777777,2.23e+18
1196,Mo,8777.777777777777,2.23e+18
1197,N,8777.777777777777,2.23e+18
1198,Na,8777.777777777777,2.23e+18
1199,Nd,8777.777777777777,2.23e+18
1200,Ni,8777.777777777777,2.23e+18
1201,O,8777.777777777777,2.23e+18
1202,P,8777.777777777777,2.23e+18
1203,Pb,8777.777777777777,2.23e+18
1204,Pr,8777.777777777777,2.23e+18
1205,Pt,8777.777777777777,2.23e+18
1206,S,8777.777777777777,2.23e+18
1207,Si,8777.777777777777,2.23e+18
1208,Sm,8777.777777777777,2.23e+18
1209,Sn,8777.777777777777,2.23e+18
1210,Sr,8777.777777777777,2.23e+18
1211,Ta,8777.777777777777,2.23e+18
1212,Tb,8777.777777777777,2.23e+18
1213,Ti,8777.777777777777,2.23e+18
1214,V,8777.777777777777,2.23e+18
1215,W,8777.777777777777,2.23e+18
1216,Y,8777.777777777777,2.23e+18
1217,Yb,8777.777777777777,2.23e+18
1218,Zn,8777.777777777777,2.23e+18
1219,Ag,8777.777777777777,3.34e+18
1220,Al,8777.777777777777,3.34e+18
1221,Ar,8777.777777777777,3.34e+18
1222,As,8777.777777777777,3.34e+18
1223,Au,8777.777777777777,3.34e+18
1224,B,8777.777777777777,3.34e+18
1225,Ba,8777.777777777777,3.34e+18
1226,Be,8777.777777777777,3.34e+18
1227,C,8777.777777777777,3.34e+18
1228,Ca,8777.777777777777,3.34e+18
1229,Cd,8777.777777777777,3.34e+18
1230,Ce,8777.777777777777,3.34e+18
1231,Cl,8777.777777777777,3.34e+18
1232,Co,8777.777777777777,3.34e+18
1233,Cr,8777.777777777777,3.34e+18
1234,Cu,8777.777777777777,3.34e+18
1235,Dy,8777.777777777777,3.34e+18
1236,Er,8777.777777777777,3.34e+18
1237,F,8777.777777777777,3.34e+18
1238,Fe,8777.777777777777,3.34e+18
1239,Gd,8777.777777777777,3.34e+18
1240,He,8777.777777777777,3.34e+18
1241,Hg,8777.777777777777,3.34e+18
1242,Ho,8777.777777777777,3.34e+18
1243,K,8777.777777777777,3.34e+18
1244,La,8777.777777777777,3.34e+18
1245,Li,8777.777777777777,3.34e+18
1246,Lu,8777.777777777777,3.34e+18
1247,Mg,8777.777777777777,3.34e+18
1248,Mn,8777.777777777777,3.34e+18
1249,Mo,8777.777777777777,3.34e+18
1250,N,8777.777777777777,3.34e+18
1251,Na,8777.777777777777,3.34e+18
1252,Nd,8777.777777777777,3.34e+18
1253,Ni,8777.777777777777,3.34e+18
1254,O,8777.777777777777,3.34e+18
1255,P,8777.777777777777,3.34e+18
1256,Pb,8777.777777777777,3.34e+18
1257,Pr,8777.777777777777,3.34e+18
1258,Pt,8777.777777777777,3.34e+18
1259,S,8777.777777777777,3.34e+18
1260,Si,8777.777777777777,3.34e+18
1261,Sm,8777.777777777777,3.34e+18
1262,Sn,8777.777777777777,3.34e+18
1263,Sr,8777.777777777777,3.34e+18
1264,Ta,8777.777777777777,3.34e+18
1265,Tb,8777.777777777777,3.34e+18
1266,Ti,8777.777777777777,3.34e+18
1267,V,8777.777777777777,3.34e+18
1268,W,8777.777777777777,3.34e+18
1269,Y,8777.777777777777,3.34e+18
1270,Yb,8777.777777777777,3.34e+18
1271,Zn,8777.777777777777,3.34e+18
1272,Ag,8777.777777777777,4.45e+18
1273,Al,8777.777777777777,4.45e+18
1274,Ar,8777.777777777777,4.45e+18
1275,As,8777.777777777777,4.45e+18
1276,Au,8777.777777777777,4.45e+18
1277,B,8777.777777777777,4.45e+18
1278,Ba,8777.777777777777,4.45e+18
1279,Be,8777.777777777777,4.45e+18
1280,C,8777.777777777777,4.45e+18
1281,Ca,8777.777777777777,4.45e+18
1282,Cd,8777.777777777777,4.45e+18
1283,Ce,8777.777777777777,4.45e+18
1284,Cl,8777.777777777777,4.45e+18
1285,Co,8777.777777777777,4.45e+18
1286,Cr,8777.777777777777,4.45e+18
1287,Cu,8777.777777777777,4.45e+18
1288,Dy,8777.777777777777,4.45e+18
1289,Er,8777.777777777777,4.45e+18
1290,F,8777.777777777777,4.45e+18
1291,Fe,8777.777777777777,4.45e+18
1292,Gd,8777.777777777777,4.45e+18
1293,He,8777.777777777777,4.45e+18
1294,Hg,8777.777777777777,4.45e+18
1295,Ho,8777.777777777777,4.45e+18
1296,K,8777.777777777777,4.45e+18
1297,La,8777.777777777777,4.45e+18
1298,Li,8777.777777777777,4.45e+18
1299,Lu,8777.777777777777,4.45e+18
1300,Mg,8777.777777777777,4.45e+18
1301,Mn,8777.777777777777,4.45e+18
1302,Mo,8777.777777777777,4.45e+18
1303,N,8777.777777777777,4.45e+18
1304,Na,8777.777777777777,4.45e+18
1305,Nd,8777.777777777777,4.45e+18
1306,Ni,8777.777777777777,4.45e+18
1307,O,8777.777777777777,4.45e+18
1308,P,8777.777777777777,4.45e+18
1309,Pb,8777.777777777777,4.45e+18
1310,Pr,8777.777777777777,4.45e+18
1311,Pt,8777.777777777777,4.45e+18
1312,S,8777.777777777777,4.45e+18
1313,Si,8777.777777777777,4.45e+18
1314,Sm,8777.777777777777,4.45e+18
1315,Sn,8777.777777777777,4.45e+18
1316,Sr,8777.777777777777,4.45e+18
1317,Ta,8777.777777777777,4.45e+18
1318,Tb,8777.777777777777,4.45e+18
1319,Ti,8777.777777777777,4.45e+18
1320,V,8777.777777777777,4.45e+18
1321,W,8777.777777777777,4.45e+18
1322,Y,8777.777777777777,4.45e+18
1323,Yb,8777.777777777777,4.45e+18
1324,Zn,8777.777777777777,4.45e+18
1325,Ag,8777.777777777777,5.56e+18
1326,Al,8777.777777777777,5.56e+18
1327,Ar,8777.777777777777,5.56e+18
1328,As,8777.777777777777,5.56e+18
1329,Au,8777.777777777777,5.56e+18
1330,B,8777.777777777777,5.56e+18
1331,Ba,8777.777777777777,5.56e+18
1332,Be,8777.777777777777,5.56e+18
1333,C,8777.777777777777,5.56e+18
1334,Ca,8777.777777777777,5.56e+18
1335,Cd,8777.777777777777,5.56e+18
1336,Ce,8777.777777777777,5.56e+18
1337,Cl,8777.777777777777,5.56e+18
1338,Co,8777.777777777777,5.56e+18
1339,Cr,8777.777777777777,5.56e+18
1340,Cu,8777.777777777777,5.56e+18
1341,Dy,8777.777777777777,5.56e+18
1342,Er,8777.777777777777,5.56e+18
1343,F,8777.777777777777,5.56e+18
1344,Fe,8777.777777777777,5.56e+18
1345,Gd,8777.777777777777,5.56e+18
1346,He,8777.777777777777,5.56e+18
1347,Hg,8777.777777777777,5.56e+18
1348,Ho,8777.777777777777,5.56e+18
1349,K,8777.777777777777,5.56e+18
1350,La,8777.777777777777,5.56e+18
1351,Li,8777.777777777777,5.56e+18
1352,Lu,8777.777777777777,5.56e+18
1353,Mg,8777.777777777777,5.56e+18
1354,Mn,8777.777777777777,5.56e+18
1355,Mo,8777.777777777777,5.56e+18
1356,N,8777.777777777777,5.56e+18
1357,Na,8777.777777777777,5.56e+18
1358,Nd,8777.777777777777,5.56e+18
1359,Ni,8777.777777777777,5.56e+18
1360,O,8777.777777777777,5.56e+18
1361,P,8777.777777777777,5.56e+18
1362,Pb,8777.777777777777,5.56e+18
1363,Pr,8777.777777777777,5.56e+18
1364,Pt,8777.777777777777,5.56e+18
1365,S,8777.777777777777,5.56e+18
1366,Si,8777.777777777777,5.56e+18
1367,Sm,8777.777777777777,5.56e+18
1368,Sn,8777.777777777777,5.56e+18
1369,Sr,8777.777777777777,5.56e+18
1370,Ta,8777.777777777777,5.56e+18
1371,Tb,8777.777777777777,5.56e+18
1372,Ti,8777.777777777777,5.56e+18
1373,V,8777.777777777777,5.56e+18
1374,W,8777.777777777777,5.56e+18
1375,Y,8777.777777777777,5.56e+18
1376,Yb,8777.777777777777,5.56e+18
1377,Zn,8777.777777777777,5.56e+18
1378,Ag,8777.777777777777,6.67e+18
1379,Al,8777.777777777777,6.67e+18
1380,Ar,8777.777777777777,6.67e+18
1381,As,8777.777777777777,6.67e+18
1382,Au,8777.777777777777,6.67e+18
1383,B,8777.777777777777,6.67e+18
1384,Ba,8777.777777777777,6.67e+18
1385,Be,8777.777777777777,6.67e+18
1386,C,8777.777777777777,6.67e+18
1387,Ca,8777.777777777777,6.67e+18
1388,Cd,8777.777777777777,6.67e+18
1389,Ce,8777.777777777777,6.67e+18
1390,Cl,8777.777777777777,6.67e+18
1391,Co,8777.777777777777,6.67e+18
1392,Cr,8777.777777777777,6.67e+18
1393,Cu,8777.777777777777,6.67e+18
1394,Dy,8777.777777777777,6.67e+18
1395,Er,8777.777777777777,6.67e+18
1396,F,8777.777777777777,6.67e+18
1397,Fe,8777.777777777777,6.67e+18
1398,Gd,8777.777777777777,6.67e+18
1399,He,8777.777777777777,6.67e+18
1400,Hg,8777.777777777777,6.67e+18
1401,Ho,8777.777777777777,6.67e+18
1402,K,8777.777777777777,6.67e+18
1403,La,8777.777777777777,6.67e+18
1404,Li,8777.777777777777,6.67e+18
1405,Lu,8777.777777777777,6.67e+18
1406,Mg,8777.777777777777,6.67e+18
1407,Mn,8777.777777777777,6.67e+18
1408,Mo,8777.777777777777,6.67e+18
1409,N,8777.777777777777,6.67e+18
1410,Na,8777.777777777777,6.67e+18
1411,Nd,8777.777777777777,6.67e+18
1412,Ni,8777.777777777777,6.67e+18
1413,O,8777.777777777777,6.67e+18
1414,P,8777.777777777777,6.67e+18
1415,Pb,8777.777777777777,6.67e+18
1416,Pr,8777.777777777777,6.67e+18
1417,Pt,8777.777777777777,6.67e+18
1418,S,8777.777777777777,6.67e+18
1419,Si,8777.777777777777,6.67e+18
1420,Sm,8777.777777777777,6.67e+18
1421,Sn,8777.777777777777,6.67e+18
1422,Sr,8777.777777777777,6.67e+18
1423,Ta,8777.777777777777,6.67e+18
1424,Tb,8777.777777777777,6.67e+18
1425,Ti,8777.777777777777,6.67e+18
1426,V,8777.777777777777,6.67e+18
1427,W,8777.777777777777,6.67e+18
1428,Y,8777.777777777777,6.67e+18
1429,Yb,8777.777777777777,6.67e+18
1430,Zn,8777.777777777777,6.67e+18
1431,Ag,8777.777777777777,7.78e+18
1432,Al,8777.777777777777,7.78e+18
1433,Ar,8777.777777777777,7.78e+18
1434,As,8777.777777777777,7.78e+18
1435,Au,8777.777777777777,7.78e+18
1436,B,8777.777777777777,7.78e+18
1437,Ba,8777.777777777777,7.78e+18
1438,Be,8777.777777777777,7.78e+18
1439,C,8777.777777777777,7.78e+18
1440,Ca,8777.777777777777,7.78e+18
1441,Cd,8777.777777777777,7.78e+18
1442,Ce,8777.777777777777,7.78e+18
1443,Cl,8777.777777777777,7.78e+18
1444,Co,8777.777777777777,7.78e+18
1445,Cr,8777.777777777777,7.78e+18
1446,Cu,8777.777777777777,7.78e+18
1447,Dy,8777.777777777777,7.78e+18
1448,Er,8777.777777777777,7.78e+18
1449,F,8777.777777777777,7.78e+18
1450,Fe,8777.777777777777,7.78e+18
1451,Gd,8777.777777777777,7.78e+18
1452,He,8777.777777777777,7.78e+18
1453,Hg,8777.777777777777,7.78e+18
1454,Ho,8777.777777777777,7.78e+18
1455,K,8777.777777777777,7.78e+18
1456,La,8777.777777777777,7.78e+18
1457,Li,8777.777777777777,7.78e+18
1458,Lu,8777.777777777777,7.78e+18
1459,Mg,8777.777777777777,7.78e+18
1460,Mn,8777.777777777777,7.78e+18
1461,Mo,8777.777777777777,7.78e+18
1462,N,8777.777777777777,7.78e+18
1463,Na,8777.777777777777,7.78e+18
1464,Nd,8777.777777777777,7.78e+18
1465,Ni,8777.777777777777,7.78e+18
1466,O,8777.777777777777,7.78e+18
1467,P,8777.777777777777,7.78e+18
1468,Pb,8777.777777777777,7.78e+18
1469,Pr,8777.777777777777,7.78e+18
1470,Pt,8777.777777777777,7.78e+18
1471,S,8777.777777777777,7.78e+18
1472,Si,8777.777777777777,7.78e+18
1473,Sm,8777.777777777777,7.78e+18
1474,Sn,8777.777777777777,7.78e+18
1475,Sr,8777.777777777777,7.78e+18
1476,Ta,8777.777777777777,7.78e+18
1477,Tb,8777.777777777777,7.78e+18
1478,Ti,8777.777777777777,7.78e+18
1479,V,8777.777777777777,7.78e+18
1480,W,8777.777777777777,7.78e+18
1481,Y,8777.777777777777,7.78e+18
1482,Yb,8777.777777777777,7.78e+18
1483,Zn,8777.777777777777,7.78e+18
1484,Ag,8777.777777777777,8.89e+18
1485,Al,8777.777777777777,8.89e+18
1486,Ar,8777.777777777777,8.89e+18
1487,As,8777.777777777777,8.89e+18
1488,Au,8777.777777777777,8.89e+18
1489,B,8777.777777777777,8.89e+18
1490,Ba,8777.777777777777,8.89e+18
1491,Be,8777.777777777777,8.89e+18
1492,C,8777.777777777777,8.89e+18
1493,Ca,8777.777777777777,8.89e+18
1494,Cd,8777.777777777777,8.89e+18
1495,Ce,8777.777777777777,8.89e+18
1496,Cl,8777.777777777777,8.89e+18
1497,Co,8777.777777777777,8.89e+18
1498,Cr,8777.777777777777,8.89e+18
1499,Cu,8777.777777777777,8.89e+18
1500,Dy,8777.777777777777,8.89e+18
1501,Er,8777.777777777777,8.89e+18
1502,F,8777.777777777777,8.89e+18
1503,Fe,8777.777777777777,8.89e+18
1504,Gd,8777.777777777777,8.89e+18
1505,He,8777.777777777777,8.89e+18
1506,Hg,8777.777777777777,8.89e+18
1507,Ho,8777.777777777777,8.89e+18
1508,K,8777.777777777777,8.89e+18
1509,La,8777.777777777777,8.89e+18
1510,Li,8777.777777777777,8.89e+18
1511,Lu,8777.777777777777,8.89e+18
1512,Mg,8777.777777777777,8.89e+18
1513,Mn,8777.777777777777,8.89e+18
1514,Mo,8777.777777777777,8.89e+18
1515,N,8777.777777777777,8.89e+18
1516,Na,8777.777777777777,8.89e+18
1517,Nd,8777.777777777777,8.89e+18
1518,Ni,8777.777777777777,8.89e+18
1519,O,8777.777777777777,8.89e+18
1520,P,8777.777777777777,8.89e+18
1521,Pb,8777.777777777777,8.89e+18
1522,Pr,8777.777777777777,8.89e+18
1523,Pt,8777.777777777777,8.89e+18
1524,S,8777.777777777777,8.89e+18
1525,Si,8777.777777777777,8.89e+18
1526,Sm,8777.777777777777,8.89e+18
1527,Sn,8777.777777777777,8.89e+18
1528,Sr,8777.777777777777,8.89e+18
1529,Ta,8777.777777777777,8.89e+18
1530,Tb,8777.777777777777,8.89e+18
1531,Ti,8777.777777777777,8.89e+18
1532,V,8777.777777777777,8.89e+18
1533,W,8777.777777777777,8.89e+18
1534,Y,8777.777777777777,8.89e+18
1535,Yb,8777.777777777777,8.89e+18
1536,Zn,8777.777777777777,8.89e+18
1537,Ag,8777.777777777777,1e+19
1538,Al,8777.777777777777,1e+19
1539,Ar,8777.777777777777,1e+19
1540,As,8777.777777777777,1e+19
1541,Au,8777.777777777777,1e+19
1542,B,8777.777777777777,1e+19
1543,Ba,8777.777777777777,1e+19
1544,Be,8777.777777777777,1e+19
1545,C,8777.777777777777,1e+19
1546,Ca,8777.777777777777,1e+19
1547,Cd,8777.777777777777,1e+19
1548,Ce,8777.777777777777,1e+19
1549,Cl,8777.777777777777,1e+19
1550,Co,8777.777777777777,1e+19
1551,Cr,8777.777777777777,1e+19
1552,Cu,8777.777777777777,1e+19
1553,Dy,8777.777777777777,1e+19
1554,Er,8777.777777777777,1e+19
1555,F,8777.777777777777,1e+19
1556,Fe,8777.777777777777,1e+19
1557,Gd,8777.777777777777,1e+19
1558,He,8777.777777777777,1e+19
1559,Hg,8777.777777777777,1e+19
1560,Ho,8777.777777777777,1e+19
1561,K,8777.777777777777,1e+19
1562,La,8777.777777777777,1e+19
1563,Li,8777.777777777777,1e+19
1564,Lu,8777.777777777777,1e+19
1565,Mg,8777.777777777777,1e+19
1566,Mn,8777.777777777777,1e+19
1567,Mo,8777.777777777777,1e+19
1568,N,8777.777777777777,1e+19
1569,Na,8777.777777777777,1e+19
1570,Nd,8777.777777777777,1e+19
1571,Ni,8777.777777777777,1e+19
1572,O,8777.777777777777,1e+19
1573,P,8777.777777777777,1e+19
1574,Pb,8777.777777777777,1e+19
1575,Pr,8777.777777777777,1e+19
1576,Pt,8777.777777777777,1e+19
1577,S,8777.777777777777,1e+19
1578,Si,8777.777777777777,1e+19
1579,Sm,8777.777777777777,1e+19
1580,Sn,8777.777777777777,1e+19
1581,Sr,8777.777777777777,1e+19
1582,Ta,8777.777777777777,1e+19
1583,Tb,8777.777777777777,1e+19
1584,Ti,8777.777777777777,1e+19
1585,V,8777.777777777777,1e+19
1586,W,8777.777777777777,1e+19
1587,Y,8777.777777777777,1e+19
1588,Yb,8777.777777777777,1e+19
1589,Zn,8777.777777777777,1e+19
1590,Ag,9666.666666666668,1e+16
1591,Al,9666.666666666668,1e+16
1592,Ar,9666.666666666668,1e+16
1593,As,9666.666666666668,1e+16
1594,Au,9666.666666666668,1e+16
1595,B,9666.666666666668,1e+16
1596,Ba,9666.666666666668,1e+16
1597,Be,9666.666666666668,1e+16
1598,C,9666.666666666668,1e+16
1599,Ca,9666.666666666668,1e+16
1600,Cd,9666.666666666668,1e+16
1601,Ce,9666.666666666668,1e+16
1602,Cl,9666.666666666668,1e+16
1603,Co,9666.666666666668,1e+16
1604,Cr,9666.666666666668,1e+16
1605,Cu,9666.666666666668,1e+16
1606,Dy,9666.666666666668,1e+16
1607,Er,9666.666666666668,1e+16
1608,F,9666.666666666668,1e+16
1609,Fe,9666.666666666668,1e+16
1610,Gd,9666.666666666668,1e+16
1611,He,9666.666666666668,1e+16
1612,Hg,9666.666666666668,1e+16
1613,Ho,9666.666666666668,1e+16
1614,K,9666.666666666668,1e+16
1615,La,9666.666666666668,1e+16
1616,Li,9666.666666666668,1e+16
1617,Lu,9666.666666666668,1e+16
1618,Mg,9666.666666666668,1e+16
1619,Mn,9666.666666666668,1e+16
1620,Mo,9666.666666666668,1e+16
1621,N,9666.666666666668,1e+16
1622,Na,9666.666666666668,1e+16
1623,Nd,9666.666666666668,1e+16
1624,Ni,9666.666666666668,1e+16
1625,O,9666.666666666668,1e+16
1626,P,9666.666666666668,1e+16
1627,Pb,9666.666666666668,1e+16
1628,Pr,9666.666666666668,1e+16
1629,Pt,9666.666666666668,1e+16
1630,S,9666.666666666668,1e+16
1631,Si,9666.666666666668,1e+16
1632,Sm,9666.666666666668,1e+16
1633,Sn,9666.666666666668,1e+16
1634,Sr,9666.666666666668,1e+16
1635,Ta,9666.666666666668,1e+16
1636,Tb,9666.666666666668,1e+16
1637,Ti,9666.666666666668,1e+16
1638,V,9666.666666666668,1e+16
1639,W,9666.666666666668,1e+16
1640,Y,9666.666666666668,1e+16
1641,Yb,9666.666666666668,1e+16
1642,Zn,9666.666666666668,1e+16
1643,Ag,9666.666666666668,1.12e+18
1644,Al,9666.666666666668,1.12e+18
1645,Ar,9666.666666666668,1.12e+18
1646,As,9666.666666666668,1.12e+18
1647,Au,9666.666666666668,1.12e+18
1648,B,9666.666666666668,1.12e+18
1649,Ba,9666.666666666668,1.12e+18
1650,Be,9666.666666666668,1.12e+18
1651,C,9666.666666666668,1.12e+18
1652,Ca,9666.666666666668,1.12e+18
1653,Cd,9666.666666666668,1.12e+18
1654,Ce,9666.666666666668,1.12e+18
1655,Cl,9666.666666666668,1.12e+18
1656,Co,9666.666666666668,1.12e+18
1657,Cr,9666.666666666668,1.12e+18
1658,Cu,9666.666666666668,1.12e+18
1659,Dy,9666.666666666668,1.12e+18
1660,Er,9666.666666666668,1.12e+18
1661,F,9666.666666666668,1.12e+18
1662,Fe,9666.666666666668,1.12e+18
1663,Gd,9666.666666666668,1.12e+18
1664,He,9666.666666666668,1.12e+18
1665,Hg,9666.666666666668,1.12e+18
1666,Ho,9666.666666666668,1.12e+18
1667,K,9666.666666666668,1.12e+18
1668,La,9666.666666666668,1.12e+18
1669,Li,9666.666666666668,1.12e+18
1670,Lu,9666.666666666668,1.12e+18
1671,Mg,9666.666666666668,1.12e+18
1672,Mn,9666.666666666668,1.12e+18
1673,Mo,9666.666666666668,1.12e+18
1674,N,9666.666666666668,1.12e+18
1675,Na,9666.666666666668,1.12e+18
1676,Nd,9666.666666666668,1.12e+18
1677,Ni,9666.666666666668,1.12e+18
1678,O,9666.666666666668,1.12e+18
1679,P,9666.666666666668,1.12e+18
1680,Pb,9666.666666666668,1.12e+18
1681,Pr,9666.666666666668,1.12e+18
1682,Pt,9666.666666666668,1.12e+18
1683,S,9666.666666666668,1.12e+18
1684,Si,9666.666666666668,1.12e+18
1685,Sm,9666.666666666668,1.12e+18
1686,Sn,9666.666666666668,1.12e+18
1687,Sr,9666.666666666668,1.12e+18
1688,Ta,9666.666666666668,1.12e+18
1689,Tb,9666.666666666668,1.12e+18
1690,Ti,9666.666666666668,1.12e+18
1691,V,9666.666666666668,1.12e+18
1692,W,9666.666666666668,1.12e+18
1693,Y,9666.666666666668,1.12e+18
1694,Yb,9666.666666666668,1.12e+18
1695,Zn,9666.666666666668,1.12e+18
1696,Ag,9666.666666666668,2.23e+18
1697,Al,9666.666666666668,2.23e+18
1698,Ar,9666.666666666668,2.23e+18
1699,As,9666.666666666668,2.23e+18
1700,Au,9666.666666666668,2.23e+18
1701,B,9666.666666666668,2.23e+18
1702,Ba,9666.666666666668,2.23e+18
1703,Be,9666.666666666668,2.23e+18
1704,C,9666.666666666668,2.23e+18
1705,Ca,9666.666666666668,2.23e+18
1706,Cd,9666.666666666668,2.23e+18
1707,Ce,9666.666666666668,2.23e+18
1708,Cl,9666.666666666668,2.23e+18
1709,Co,9666.666666666668,2.23e+18
1710,Cr,9666.666666666668,2.23e+18
1711,Cu,9666.666666666668,2.23e+18
1712,Dy,9666.666666666668,2.23e+18
1713,Er,9666.666666666668,2.23e+18
1714,F,9666.666666666668,2.23e+18
1715,Fe,9666.666666666668,2.23e+18
1716,Gd,9666.666666666668,2.23e+18
1717,He,9666.666666666668,2.23e+18
1718,Hg,9666.666666666668,2.23e+18
1719,Ho,9666.666666666668,2.23e+18
1720,K,9666.666666666668,2.23e+18
1721,La,9666.666666666668,2.23e+18
1722,Li,9666.666666666668,2.23e+18
1723,Lu,9666.666666666668,2.23e+18
1724,Mg,9666.666666666668,2.23e+18
1725,Mn,9666.666666666668,2.23e+18
1726,Mo,9666.666666666668,2.23e+18
1727,N,9666.666666666668,2.23e+18
1728,Na,9666.666666666668,2.23e+18
1729,Nd,9666.666666666668,2.23e+18
1730,Ni,9666.666666666668,2.23e+18
1731,O,9666.666666666668,2.23e+18
1732,P,9666.666666666668,2.23e+18
1733,Pb,9666.666666666668,2.23e+18
1734,Pr,9666.666666666668,2.23e+18
1735,Pt,9666.666666666668,2.23e+18
1736,S,9666.666666666668,2.23e+18
1737,Si,9666.666666666668,2.23e+18
1738,Sm,9666.666666666668,2.23e+18
1739,Sn,9666.666666666668,2.23e+18
1740,Sr,9666.666666666668,2.23e+18
1741,Ta,9666.666666666668,2.23e+18
1742,Tb,9666.666666666668,2.23e+18
1743,Ti,9666.666666666668,2.23e+18
1744,V,9666.666666666668,2.23e+18
1745,W,9666.666666666668,2.23e+18
1746,Y,9666.666666666668,2.23e+18
1747,Yb,9666.666666666668,2.23e+18
1748,Zn,9666.666666666668,2.23e+18
1749,Ag,9666.666666666668,3.34e+18
1750,Al,9666.666666666668,3.34e+18
1751,Ar,9666.666666666668,3.34e+18
1752,As,9666.666666666668,3.34e+18
1753,Au,9666.666666666668,3.34e+18
1754,B,9666.666666666668,3.34e+18
1755,Ba,9666.666666666668,3.34e+18
1756,Be,9666.666666666668,3.34e+18
1757,C,9666.666666666668,3.34e+18
1758,Ca,9666.666666666668,3.34e+18
1759,Cd,9666.666666666668,3.34e+18
1760,Ce,9666.666666666668,3.34e+18
1761,Cl,9666.666666666668,3.34e+18
1762,Co,9666.666666666668,3.34e+18
1763,Cr,9666.666666666668,3.34e+18
1764,Cu,9666.666666666668,3.34e+18
1765,Dy,9666.666666666668,3.34e+18
1766,Er,9666.666666666668,3.34e+18
1767,F,9666.666666666668,3.34e+18
1768,Fe,9666.666666666668,3.34e+18
1769,Gd,9666.666666666668,3.34e+18
1770,He,9666.666666666668,3.34e+18
1771,Hg,9666.666666666668,3.34e+18
1772,Ho,9666.666666666668,3.34e+18
1773,K,9666.666666666668,3.34e+18
1774,La,9666.666666666668,3.34e+18
1775,Li,9666.666666666668,3.34e+18
1776,Lu,9666.666666666668,3.34e+18
1777,Mg,9666.666666666668,3.34e+18
1778,Mn,9666.666666666668,3.34e+18
1779,Mo,9666.666666666668,3.34e+18
1780,N,9666.666666666668,3.34e+18
1781,Na,9666.666666666668,3.34e+18
1782,Nd,9666.666666666668,3.34e+18
1783,Ni,9666.666666666668,3.34e+18
1784,O,9666.666666666668,3.34e+18
1785,P,9666.666666666668,3.34e+18
1786,Pb,9666.666666666668,3.34e+18
1787,Pr,9666.666666666668,3.34e+18
1788,Pt,9666.666666666668,3.34e+18
1789,S,9666.666666666668,3.34e+18
1790,Si,9666.666666666668,3.34e+18
1791,Sm,9666.666666666668,3.34e+18
1792,Sn,9666.666666666668,3.34e+18
1793,Sr,9666.666666666668,3.34e+18
1794,Ta,9666.666666666668,3.34e+18
1795,Tb,9666.666666666668,3.34e+18
1796,Ti,9666.666666666668,3.34e+18
1797,V,9666.666666666668,3.34e+18
1798,W,9666.666666666668,3.34e+18
1799,Y,9666.666666666668,3.34e+18
1800,Yb,9666.666666666668,3.34e+18
1801,Zn,9666.666666666668,3.34e+18
1802,Ag,9666.666666666668,4.45e+18
1803,Al,9666.666666666668,4.45e+18
1804,Ar,9666.666666666668,4.45e+18
1805,As,9666.666666666668,4.45e+18
1806,Au,9666.666666666668,4.45e+18
1807,B,9666.666666666668,4.45e+18
1808,Ba,9666.666666666668,4.45e+18
1809,Be,9666.666666666668,4.45e+18
1810,C,9666.666666666668,4.45e+18
1811,Ca,9666.666666666668,4.45e+18
1812,Cd,9666.666666666668,4.45e+18
1813,Ce,9666.666666666668,4.45e+18
1814,Cl,9666.666666666668,4.45e+18
1815,Co,9666.666666666668,4.45e+18
1816,Cr,9666.666666666668,4.45e+18
1817,Cu,9666.666666666668,4.45e+18
1818,Dy,9666.666666666668,4.45e+18
1819,Er,9666.666666666668,4.45e+18
1820,F,9666.666666666668,4.45e+18
1821,Fe,9666.666666666668,4.45e+18
1822,Gd,9666.666666666668,4.45e+18
1823,He,9666.666666666668,4.45e+18
1824,Hg,9666.666666666668,4.45e+18
1825,Ho,9666.666666666668,4.45e+18
1826,K,9666.666666666668,4.45e+18
1827,La,9666.666666666668,4.45e+18
1828,Li,9666.666666666668,4.45e+18
1829,Lu,9666.666666666668,4.45e+18
1830,Mg,9666.666666666668,4.45e+18
1831,Mn,9666.666666666668,4.45e+18
1832,Mo,9666.666666666668,4.45e+18
1833,N,9666.666666666668,4.45e+18
1834,Na,9666.666666666668,4.45e+18
1835,Nd,9666.666666666668,4.45e+18
1836,Ni,9666.666666666668,4.45e+18
1837,O,9666.666666666668,4.45e+18
1838,P,9666.666666666668,4.45e+18
1839,Pb,9666.666666666668,4.45e+18
1840,Pr,9666.666666666668,4.45e+18
1841,Pt,9666.666666666668,4.45e+18
1842,S,9666.666666666668,4.45e+18
1843,Si,9666.666666666668,4.45e+18
1844,Sm,9666.666666666668,4.45e+18
1845,Sn,9666.666666666668,4.45e+18
1846,Sr,9666.666666666668,4.45e+18
1847,Ta,9666.666666666668,4.45e+18
1848,Tb,9666.666666666668,4.45e+18
1849,Ti,9666.666666666668,4.45e+18
1850,V,9666.666666666668,4.45e+18
1851,W,9666.666666666668,4.45e+18
1852,Y,9666.666666666668,4.45e+18
1853,Yb,9666.666666666668,4.45e+18
1854,Zn,9666.666666666668,4.45e+18
1855,Ag,9666.666666666668,5.56e+18
1856,Al,9666.666666666668,5.56e+18
1857,Ar,9666.666666666668,5.56e+18
1858,As,9666.666666666668,5.56e+18
1859,Au,9666.666666666668,5.56e+18
1860,B,9666.666666666668,5.56e+18
1861,Ba,9666.666666666668,5.56e+18
1862,Be,9666.666666666668,5.56e+18
1863,C,9666.666666666668,5.56e+18
1864,Ca,9666.666666666668,5.56e+18
1865,Cd,9666.666666666668,5.56e+18
1866,Ce,9666.666666666668,5.56e+18
1867,Cl,9666.666666666668,5.56e+18
1868,Co,9666.666666666668,5.56e+18
1869,Cr,9666.666666666668,5.56e+18
1870,Cu,9666.666666666668,5.56e+18
1871,Dy,9666.666666666668,5.56e+18
1872,Er,9666.666666666668,5.56e+18
1873,F,9666.666666666668,5.56e+18
1874,Fe,9666.666666666668,5.56e+18
1875,Gd,9666.666666666668,5.56e+18
1876,He,9666.666666666668,5.56e+18
1877,Hg,9666.666666666668,5.56e+18
1878,Ho,9666.666666666668,5.56e+18
1879,K,9666.666666666668,5.56e+18
1880,La,9666.666666666668,5.56e+18
1881,Li,9666.666666666668,5.56e+18
1882,Lu,9666.666666666668,5.56e+18
1883,Mg,9666.666666666668,5.56e+18
1884,Mn,9666.666666666668,5.56e+18
1885,Mo,9666.666666666668,5.56e+18
1886,N,9666.666666666668,5.56e+18
1887,Na,9666.666666666668,5.56e+18
1888,Nd,9666.666666666668,5.56e+18
1889,Ni,9666.666666666668,5.56e+18
1890,O,9666.666666666668,5.56e+18
1891,P,9666.666666666668,5.56e+18
1892,Pb,9666.666666666668,5.56e+18
1893,Pr,9666.666666666668,5.56e+18
1894,Pt,9666.666666666668,5.56e+18
1895,S,9666.666666666668,5.56e+18
1896,Si,9666.666666666668,5.56e+18
1897,Sm,9666.666666666668,5.56e+18
1898,Sn,9666.666666666668,5.56e+18
1899,Sr,9666.666666666668,5.56e+18
1900,Ta,9666.666666666668,5.56e+18
1901,Tb,9666.666666666668,5.56e+18
1902,Ti,9666.666666666668,5.56e+18
1903,V,9666.666666666668,5.56e+18
1904,W,9666.666666666668,5.56e+18
1905,Y,9666.666666666668,5.56e+18
1906,Yb,9666.666666666668,5.56e+18
1907,Zn,9666.666666666668,5.56e+18
1908,Ag,9666.666666666668,6.67e+18
1909,Al,9666.666666666668,6.67e+18
1910,Ar,9666.666666666668,6.67e+18
1911,As,9666.666666666668,6.67e+18
1912,Au,9666.666666666668,6.67e+18
1913,B,9666.666666666668,6.67e+18
1914,Ba,9666.666666666668,6.67e+18
1915,Be,9666.666666666668,6.67e+18
1916,C,9666.666666666668,6.67e+18
1917,Ca,9666.666666666668,6.67e+18
1918,Cd,9666.666666666668,6.67e+18
1919,Ce,9666.666666666668,6.67e+18
1920,Cl,9666.666666666668,6.67e+18
1921,Co,9666.666666666668,6.67e+18
1922,Cr,9666.666666666668,6.67e+18
1923,Cu,9666.666666666668,6.67e+18
1924,Dy,9666.666666666668,6.67e+18
1925,Er,9666.666666666668,6.67e+18
1926,F,9666.666666666668,6.67e+18
1927,Fe,9666.666666666668,6.67e+18
1928,Gd,9666.666666666668,6.67e+18
1929,He,9666.666666666668,6.67e+18
1930,Hg,9666.666666666668,6.67e+18
1931,Ho,9666.666666666668,6.67e+18
1932,K,9666.666666666668,6.67e+18
1933,La,9666.666666666668,6.67e+18
1934,Li,9666.666666666668,6.67e+18
1935,Lu,9666.666666666668,6.67e+18
1936,Mg,9666.666666666668,6.67e+18
1937,Mn,9666.666666666668,6.67e+18
1938,Mo,9666.666666666668,6.67e+18
1939,N,9666.666666666668,6.67e+18
1940,Na,9666.666666666668,6.67e+18
1941,Nd,9666.666666666668,6.67e+18
1942,Ni,9666.666666666668,6.67e+18
1943,O,9666.666666666668,6.67e+18
1944,P,9666.666666666668,6.67e+18
1945,Pb,9666.666666666668,6.67e+18
1946,Pr,9666.666666666668,6.67e+18
1947,Pt,9666.666666666668,6.67e+18
1948,S,9666.666666666668,6.67e+18
1949,Si,9666.666666666668,6.67e+18
1950,Sm,9666.666666666668,6.67e+18
1951,Sn,9666.666666666668,6.67e+18
1952,Sr,9666.666666666668,6.67e+18
1953,Ta,9666.666666666668,6.67e+18
1954,Tb,9666.666666666668,6.67e+18
1955,Ti,9666.666666666668,6.67e+18
1956,V,9666.666666666668,6.67e+18
1957,W,9666.666666666668,6.67e+18
1958,Y,9666.666666666668,6.67e+18
1959,Yb,9666.666666666668,6.67e+18
1960,Zn,9666.666666666668,6.67e+18
1961,Ag,9666.666666666668,7.78e+18
1962,Al,9666.666666666668,7.78e+18
1963,Ar,9666.666666666668,7.78e+18
1964,As,9666.666666666668,7.78e+18
1965,Au,9666.666666666668,7.78e+18
1966,B,9666.666666666668,7.78e+18
1967,Ba,9666.666666666668,7.78e+18
1968,Be,9666.666666666668,7.78e+18
1969,C,9666.666666666668,7.78e+18
1970,Ca,9666.666666666668,7.78e+18
1971,Cd,9666.666666666668,7.78e+18
1972,Ce,9666.666666666668,7.78e+18
1973,Cl,9666.666666666668,7.78e+18
1974,Co,9666.666666666668,7.78e+18
1975,Cr,9666.666666666668,7.78e+18
1976,Cu,9666.666666666668,7.78e+18
1977,Dy,9666.666666666668,7.78e+18
1978,Er,9666.666666666668,7.78e+18
1979,F,9666.666666666668,7.78e+18
1980,Fe,9666.666666666668,7.78e+18
1981,Gd,9666.666666666668,7.78e+18
1982,He,9666.666666666668,7.78e+18
1983,Hg,9666.666666666668,7.78e+18
1984,Ho,9666.666666666668,7.78e+18
1985,K,9666.666666666668,7.78e+18
1986,La,9666.666666666668,7.78e+18
1987,Li,9666.666666666668,7.78e+18
1988,Lu,9666.666666666668,7.78e+18
1989,Mg,9666.666666666668,7.78e+18
1990,Mn,9666.666666666668,7.78e+18
1991,Mo,9666.666666666668,7.78e+18
1992,N,9666.666666666668,7.78e+18
1993,Na,9666.666666666668,7.78e+18
1994,Nd,9666.666666666668,7.78e+18
1995,Ni,9666.666666666668,7.78e+18
1996,O,9666.666666666668,7.78e+18
1997,P,9666.666666666668,7.78e+18
1998,Pb,9666.666666666668,7.78e+18
1999,Pr,9666.666666666668,7.78e+18
2000,Pt,9666.666666666668,7.78e+18
2001,S,9666.666666666668,7.78e+18
2002,Si,9666.666666666668,7.78e+18
2003,Sm,9666.666666666668,7.78e+18
2004,Sn,9666.666666666668,7.78e+18
2005,Sr,9666.666666666668,7.78e+18
2006,Ta,9666.666666666668,7.78e+18
2007,Tb,9666.666666666668,7.78e+18
2008,Ti,9666.666666666668,7.78e+18
2009,V,9666.666666666668,7.78e+18
2010,W,9666.666666666668,7.78e+18
2011,Y,9666.666666666668,7.78e+18
2012,Yb,9666.666666666668,7.78e+18
2013,Zn,9666.666666666668,7.78e+18
2014,Ag,9666.666666666668,8.89e+18
2015,Al,9666.666666666668,8.89e+18
2016,Ar,9666.666666666668,8.89e+18
2017,As,9666.666666666668,8.89e+18
2018,Au,9666.666666666668,8.89e+18
2019,B,9666.666666666668,8.89e+18
2020,Ba,9666.666666666668,8.89e+18
2021,Be,9666.666666666668,8.89e+18
2022,C,9666.666666666668,8.89e+18
2023,Ca,9666.666666666668,8.89e+18
2024,Cd,9666.666666666668,8.89e+18
2025,Ce,9666.666666666668,8.89e+18
2026,Cl,9666.666666666668,8.89e+18
2027,Co,9666.666666666668,8.89e+18
2028,Cr,9666.666666666668,8.89e+18
2029,Cu,9666.666666666668,8.89e+18
2030,Dy,9666.666666666668,8.89e+18
2031,Er,9666.666666666668,8.89e+18
2032,F,9666.666666666668,8.89e+18
2033,Fe,9666.666666666668,8.89e+18
2034,Gd,9666.666666666668,8.89e+18
2035,He,9666.666666666668,8.89e+18
2036,Hg,9666.666666666668,8.89e+18
2037,Ho,9666.666666666668,8.89e+18
2038,K,9666.666666666668,8.89e+18
2039,La,9666.666666666668,8.89e+18
2040,Li,9666.666666666668,8.89e+18
2041,Lu,9666.666666666668,8.89e+18
2042,Mg,9666.666666666668,8.89e+18
2043,Mn,9666.666666666668,8.89e+18
2044,Mo,9666.666666666668,8.89e+18
2045,N,9666.666666666668,8.89e+18
2046,Na,9666.666666666668,8.89e+18
2047,Nd,9666.666666666668,8.89e+18
2048,Ni,9666.666666666668,8.89e+18
2049,O,9666.666666666668,8.89e+18
2050,P,9666.666666666668,8.89e+18
2051,Pb,9666.666666666668,8.89e+18
2052,Pr,9666.666666666668,8.89e+18
2053,Pt,9666.666666666668,8.89e+18
2054,S,9666.666666666668,8.89e+18
2055,Si,9666.666666666668,8.89e+18
2056,Sm,9666.666666666668,8.89e+18
2057,Sn,9666.666666666668,8.89e+18
2058,Sr,9666.666666666668,8.89e+18
2059,Ta,9666.666666666668,8.89e+18
2060,Tb,9666.666666666668,8.89e+18
2061,Ti,9666.666666666668,8.89e+18
2062,V,9666.666666666668,8.89e+18
2063,W,9666.666666666668,8.89e+18
2064,Y,9666.666666666668,8.89e+18
2065,Yb,9666.666666666668,8.89e+18
2066,Zn,9666.666666666668,8.89e+18
2067,Ag,9666.666666666668,1e+19
2068,Al,9666.666666666668,1e+19
2069,Ar,9666.666666666668,1e+19
2070,As,9666.666666666668,1e+19
2071,Au,9666.666666666668,1e+19
2072,B,9666.666666666668,1e+19
2073,Ba,9666.666666666668,1e+19
2074,Be,9666.666666666668,1e+19
2075,C,9666.666666666668,1e+19
2076,Ca,9666.666666666668,1e+19
2077,Cd,9666.666666666668,1e+19
2078,Ce,9666.666666666668,1e+19
2079,Cl,9666.666666666668,1e+19
2080,Co,9666.666666666668,1e+19
2081,Cr,9666.666666666668,1e+19
2082,Cu,9666.666666666668,1e+19
2083,Dy,9666.666666666668,1e+19
2084,Er,9666.666666666668,1e+19
2085,F,9666.666666666668,1e+19
2086,Fe,9666.666666666668,1e+19
2087,Gd,9666.666666666668,1e+19
2088,He,9666.666666666668,1e+19
2089,Hg,9666.666666666668,1e+19
2090,Ho,9666.666666666668,1e+19
2091,K,9666.666666666668,1e+19
2092,La,9666.666666666668,1e+19
2093,Li,9666.666666666668,1e+19
2094,Lu,9666.666666666668,1e+19
2095,Mg,9666.666666666668,1e+19
2096,Mn,9666.666666666668,1e+19
2097,Mo,9666.666666666668,1e+19
2098,N,9666.666666666668,1e+19
2099,Na,9666.666666666668,1e+19
2100,Nd,9666.666666666668,1e+19
2101,Ni,9666.666666666668,1e+19
2102,O,9666.666666666668,1e+19
2103,P,9666.666666666668,1e+19
2104,Pb,9666.666666666668,1e+19
2105,Pr,9666.666666666668,1e+19
2106,Pt,9666.666666666668,1e+19
2107,S,9666.666666666668,1e+19
2108,Si,9666.666666666668,1e+19
2109,Sm,9666.666666666668,1e+19
2110,Sn,9666.666666666668,1e+19
2111,Sr,9666.666666666668,1e+19
2112,Ta,9666.666666666668,1e+19
2113,Tb,9666.666666666668,1e+19
2114,Ti,9666.666666666668,1e+19
2115,V,9666.666666666668,1e+19
2116,W,9666.666666666668,1e+19
2117,Y,9666.666666666668,1e+19
2118,Yb,9666.666666666668,1e+19
2119,Zn,9666.666666666668,1e+19
2120,Ag,10555.555555555555,1e+16
2121,Al,10555.555555555555,1e+16
2122,Ar,10555.555555555555,1e+16
2123,As,10555.555555555555,1e+16
2124,Au,10555.555555555555,1e+16
2125,B,10555.555555555555,1e+16
2126,Ba,10555.555555555555,1e+16
2127,Be,10555.555555555555,1e+16
2128,C,10555.555555555555,1e+16
2129,Ca,10555.555555555555,1e+16
2130,Cd,10555.555555555555,1e+16
2131,Ce,10555.555555555555,1e+16
2132,Cl,10555.555555555555,1e+16
2133,Co,10555.555555555555,1e+16
2134,Cr,10555.555555555555,1e+16
2135,Cu,10555.555555555555,1e+16
2136,Dy,10555.555555555555,1e+16
2137,Er,10555.555555555555,1e+16
2138,F,10555.555555555555,1e+16
2139,Fe,10555.555555555555,1e+16
2140,Gd,10555.555555555555,1e+16
2141,He,10555.555555555555,1e+16
2142,Hg,10555.555555555555,1e+16
2143,Ho,10555.555555555555,1e+16
2144,K,10555.555555555555,1e+16
2145,La,10555.555555555555,1e+16
2146,Li,10555.555555555555,1e+16
2147,Lu,10555.555555555555,1e+16
2148,Mg,10555.555555555555,1e+16
2149,Mn,10555.555555555555,1e+16
2150,Mo,10555.555555555555,1e+16
2151,N,10555.555555555555,1e+16
2152,Na,10555.555555555555,1e+16
2153,Nd,10555.555555555555,1e+16
2154,Ni,10555.555555555555,1e+16
2155,O,10555.555555555555,1e+16
2156,P,10555.555555555555,1e+16
2157,Pb,10555.555555555555,1e+16
2158,Pr,10555.555555555555,1e+16
2159,Pt,10555.555555555555,1e+16
2160,S,10555.555555555555,1e+16
2161,Si,10555.555555555555,1e+16
2162,Sm,10555.555555555555,1e+16
2163,Sn,10555.555555555555,1e+16
2164,Sr,10555.555555555555,1e+16
2165,Ta,10555.555555555555,1e+16
2166,Tb,10555.555555555555,1e+16
2167,Ti,10555.555555555555,1e+16
2168,V,10555.555555555555,1e+16
2169,W,10555.555555555555,1e+16
2170,Y,10555.555555555555,1e+16
2171,Yb,10555.555555555555,1e+16
2172,Zn,10555.555555555555,1e+16
2173,Ag,10555.555555555555,1.12e+18
2174,Al,10555.555555555555,1.12e+18
2175,Ar,10555.555555555555,1.12e+18
2176,As,10555.555555555555,1.12e+18
2177,Au,10555.555555555555,1.12e+18
2178,B,10555.555555555555,1.12e+18
2179,Ba,10555.555555555555,1.12e+18
2180,Be,10555.555555555555,1.12e+18
2181,C,10555.555555555555,1.12e+18
2182,Ca,10555.555555555555,1.12e+18
2183,Cd,10555.555555555555,1.12e+18
2184,Ce,10555.555555555555,1.12e+18
2185,Cl,10555.555555555555,1.12e+18
2186,Co,10555.555555555555,1.12e+18
2187,Cr,10555.555555555555,1.12e+18
2188,Cu,10555.555555555555,1.12e+18
2189,Dy,10555.555555555555,1.12e+18
2190,Er,10555.555555555555,1.12e+18
2191,F,10555.555555555555,1.12e+18
2192,Fe,10555.555555555555,1.12e+18
2193,Gd,10555.555555555555,1.12e+18
2194,He,10555.555555555555,1.12e+18
2195,Hg,10555.555555555555,1.12e+18
2196,Ho,10555.555555555555,1.12e+18
2197,K,10555.555555555555,1.12e+18
2198,La,10555.555555555555,1.12e+18
2199,Li,10555.555555555555,1.12e+18
2200,Lu,10555.555555555555,1.12e+18
2201,Mg,10555.555555555555,1.12e+18
2202,Mn,10555.555555555555,1.12e+18
2203,Mo,10555.555555555555,1.12e+18
2204,N,10555.555555555555,1.12e+18
2205,Na,10555.555555555555,1.12e+18
2206,Nd,10555.555555555555,1.12e+18
2207,Ni,10555.555555555555,1.12e+18
2208,O,10555.555555555555,1.12e+18
2209,P,10555.555555555555,1.12e+18
2210,Pb,10555.555555555555,1.12e+18
2211,Pr,10555.555555555555,1.12e+18
2212,Pt,10555.555555555555,1.12e+18
2213,S,10555.555555555555,1.12e+18
2214,Si,10555.555555555555,1.12e+18
2215,Sm,10555.555555555555,1.12e+18
2216,Sn,10555.555555555555,1.12e+18
2217,Sr,10555.555555555555,1.12e+18
2218,Ta,10555.555555555555,1.12e+18
2219,Tb,10555.555555555555,1.12e+18
2220,Ti,10555.555555555555,1.12e+18
2221,V,10555.555555555555,1.12e+18
2222,W,10555.555555555555,1.12e+18
2223,Y,10555.555555555555,1.12e+18
2224,Yb,10555.555555555555,1.12e+18
2225,Zn,10555.555555555555,1.12e+18
2226,Ag,10555.555555555555,2.23e+18
2227,Al,10555.555555555555,2.23e+18
2228,Ar,10555.555555555555,2.23e+18
2229,As,10555.555555555555,2.23e+18
2230,Au,10555.555555555555,2.23e+18
2231,B,10555.555555555555,2.23e+18
2232,Ba,10555.555555555555,2.23e+18
2233,Be,10555.555555555555,2.23e+18
2234,C,10555.555555555555,2.23e+18
2235,Ca,10555.555555555555,2.23e+18
2236,Cd,10555.555555555555,2.23e+18
2237,Ce,10555.555555555555,2.23e+18
2238,Cl,10555.555555555555,2.23e+18
2239,Co,10555.555555555555,2.23e+18
2240,Cr,10555.555555555555,2.23e+18
2241,Cu,10555.555555555555,2.23e+18
2242,Dy,10555.555555555555,2.23e+18
2243,Er,10555.555555555555,2.23e+18
2244,F,10555.555555555555,2.23e+18
2245,Fe,10555.555555555555,2.23e+18
2246,Gd,10555.555555555555,2.23e+18
2247,He,10555.555555555555,2.23e+18
2248,Hg,10555.555555555555,2.23e+18
2249,Ho,10555.555555555555,2.23e+18
2250,K,10555.555555555555,2.23e+18
2251,La,10555.555555555555,2.23e+18
2252,Li,10555.555555555555,2.23e+18
2253,Lu,10555.555555555555,2.23e+18
2254,Mg,10555.555555555555,2.23e+18
2255,Mn,10555.555555555555,2.23e+18
2256,Mo,10555.555555555555,2.23e+18
2257,N,10555.555555555555,2.23e+18
2258,Na,10555.555555555555,2.23e+18
2259,Nd,10555.555555555555,2.23e+18
2260,Ni,10555.555555555555,2.23e+18
2261,O,10555.555555555555,2.23e+18
2262,P,10555.555555555555,2.23e+18
2263,Pb,10555.555555555555,2.23e+18
2264,Pr,10555.555555555555,2.23e+18
2265,Pt,10555.555555555555,2.23e+18
2266,S,10555.555555555555,2.23e+18
2267,Si,10555.555555555555,2.23e+18
2268,Sm,10555.555555555555,2.23e+18
2269,Sn,10555.555555555555,2.23e+18
2270,Sr,10555.555555555555,2.23e+18
2271,Ta,10555.555555555555,2.23e+18
2272,Tb,10555.555555555555,2.23e+18
2273,Ti,10555.555555555555,2.23e+18
2274,V,10555.555555555555,2.23e+18
2275,W,10555.555555555555,2.23e+18
2276,Y,10555.555555555555,2.23e+18
2277,Yb,10555.555555555555,2.23e+18
2278,Zn,10555.555555555555,2.23e+18
2279,Ag,10555.555555555555,3.34e+18
2280,Al,10555.555555555555,3.34e+18
2281,Ar,10555.555555555555,3.34e+18
2282,As,10555.555555555555,3.34e+18
2283,Au,10555.555555555555,3.34e+18
2284,B,10555.555555555555,3.34e+18
2285,Ba,10555.555555555555,3.34e+18
2286,Be,10555.555555555555,3.34e+18
2287,C,10555.555555555555,3.34e+18
2288,Ca,10555.555555555555,3.34e+18
2289,Cd,10555.555555555555,3.34e+18
2290,Ce,10555.555555555555,3.34e+18
2291,Cl,10555.555555555555,3.34e+18
2292,Co,10555.555555555555,3.34e+18
2293,Cr,10555.555555555555,3.34e+18
2294,Cu,10555.555555555555,3.34e+18
2295,Dy,10555.555555555555,3.34e+18
2296,Er,10555.555555555555,3.34e+18
2297,F,10555.555555555555,3.34e+18
2298,Fe,10555.555555555555,3.34e+18
2299,Gd,10555.555555555555,3.34e+18
2300,He,10555.555555555555,3.34e+18
2301,Hg,10555.555555555555,3.34e+18
2302,Ho,10555.555555555555,3.34e+18
2303,K,10555.555555555555,3.34e+18
2304,La,10555.555555555555,3.34e+18
2305,Li,10555.555555555555,3.34e+18
2306,Lu,10555.555555555555,3.34e+18
2307,Mg,10555.555555555555,3.34e+18
2308,Mn,10555.555555555555,3.34e+18
2309,Mo,10555.555555555555,3.34e+18
2310,N,10555.555555555555,3.34e+18
2311,Na,10555.555555555555,3.34e+18
2312,Nd,10555.555555555555,3.34e+18
2313,Ni,10555.555555555555,3.34e+18
2314,O,10555.555555555555,3.34e+18
2315,P,10555.555555555555,3.34e+18
2316,Pb,10555.555555555555,3.34e+18
2317,Pr,10555.555555555555,3.34e+18
2318,Pt,10555.555555555555,3.34e+18
2319,S,10555.555555555555,3.34e+18
2320,Si,10555.555555555555,3.34e+18
2321,Sm,10555.555555555555,3.34e+18
2322,Sn,10555.555555555555,3.34e+18
2323,Sr,10555.555555555555,3.34e+18
2324,Ta,10555.555555555555,3.34e+18
2325,Tb,10555.555555555555,3.34e+18
2326,Ti,10555.555555555555,3.34e+18
2327,V,10555.555555555555,3.34e+18
2328,W,10555.555555555555,3.34e+18
2329,Y,10555.555555555555,3.34e+18
2330,Yb,10555.555555555555,3.34e+18
2331,Zn,10555.555555555555,3.34e+18
2332,Ag,10555.555555555555,4.45e+18
2333,Al,10555.555555555555,4.45e+18
2334,Ar,10555.555555555555,4.45e+18
2335,As,10555.555555555555,4.45e+18
2336,Au,10555.555555555555,4.45e+18
2337,B,10555.555555555555,4.45e+18
2338,Ba,10555.555555555555,4.45e+18
2339,Be,10555.555555555555,4.45e+18
2340,C,10555.555555555555,4.45e+18
2341,Ca,10555.555555555555,4.45e+18
2342,Cd,10555.555555555555,4.45e+18
2343,Ce,10555.555555555555,4.45e+18
2344,Cl,10555.555555555555,4.45e+18
2345,Co,10555.555555555555,4.45e+18
2346,Cr,10555.555555555555,4.45e+18
2347,Cu,10555.555555555555,4.45e+18
2348,Dy,10555.555555555555,4.45e+18
2349,Er,10555.555555555555,4.45e+18
2350,F,10555.555555555555,4.45e+18
2351,Fe,10555.555555555555,4.45e+18
2352,Gd,10555.555555555555,4.45e+18
2353,He,10555.555555555555,4.45e+18
2354,Hg,10555.555555555555,4.45e+18
2355,Ho,10555.555555555555,4.45e+18
2356,K,10555.555555555555,4.45e+18
2357,La,10555.555555555555,4.45e+18
2358,Li,10555.555555555555,4.45e+18
2359,Lu,10555.555555555555,4.45e+18
2360,Mg,10555.555555555555,4.45e+18
2361,Mn,10555.555555555555,4.45e+18
2362,Mo,10555.555555555555,4.45e+18
2363,N,10555.555555555555,4.45e+18
2364,Na,10555.555555555555,4.45e+18
2365,Nd,10555.555555555555,4.45e+18
2366,Ni,10555.555555555555,4.45e+18
2367,O,10555.555555555555,4.45e+18
2368,P,10555.555555555555,4.45e+18
2369,Pb,10555.555555555555,4.45e+18
2370,Pr,10555.555555555555,4.45e+18
2371,Pt,10555.555555555555,4.45e+18
2372,S,10555.555555555555,4.45e+18
2373,Si,10555.555555555555,4.45e+18
2374,Sm,10555.555555555555,4.45e+18
2375,Sn,10555.555555555555,4.45e+18
2376,Sr,10555.555555555555,4.45e+18
2377,Ta,10555.555555555555,4.45e+18
2378,Tb,10555.555555555555,4.45e+18
2379,Ti,10555.555555555555,4.45e+18
2380,V,10555.555555555555,4.45e+18
2381,W,10555.555555555555,4.45e+18
2382,Y,10555.555555555555,4.45e+18
2383,Yb,10555.555555555555,4.45e+18
2384,Zn,10555.555555555555,4.45e+18
2385,Ag,10555.555555555555,5.56e+18
2386,Al,10555.555555555555,5.56e+18
2387,Ar,10555.555555555555,5.56e+18
2388,As,10555.555555555555,5.56e+18
2389,Au,10555.555555555555,5.56e+18
2390,B,10555.555555555555,5.56e+18
2391,Ba,10555.555555555555,5.56e+18
2392,Be,10555.555555555555,5.56e+18
2393,C,10555.555555555555,5.56e+18
2394,Ca,10555.555555555555,5.56e+18
2395,Cd,10555.555555555555,5.56e+18
2396,Ce,10555.555555555555,5.56e+18
2397,Cl,10555.555555555555,5.56e+18
2398,Co,10555.555555555555,5.56e+18
2399,Cr,10555.555555555555,5.56e+18
2400,Cu,10555.555555555555,5.56e+18
2401,Dy,10555.555555555555,5.56e+18
2402,Er,10555.555555555555,5.56e+18
2403,F,10555.555555555555,5.56e+18
2404,Fe,10555.555555555555,5.56e+18
2405,Gd,10555.555555555555,5.56e+18
2406,He,10555.555555555555,5.56e+18
2407,Hg,10555.555555555555,5.56e+18
2408,Ho,10555.555555555555,5.56e+18
2409,K,10555.555555555555,5.56e+18
2410,La,10555.555555555555,5.56e+18
2411,Li,10555.555555555555,5.56e+18
2412,Lu,10555.555555555555,5.56e+18
2413,Mg,10555.555555555555,5.56e+18
2414,Mn,10555.555555555555,5.56e+18
2415,Mo,10555.555555555555,5.56e+18
2416,N,10555.555555555555,5.56e+18
2417,Na,10555.555555555555,5.56e+18
2418,Nd,10555.555555555555,5.56e+18
2419,Ni,10555.555555555555,5.56e+18
2420,O,10555.555555555555,5.56e+18
2421,P,10555.555555555555,5.56e+18
2422,Pb,10555.555555555555,5.56e+18
2423,Pr,10555.555555555555,5.56e+18
2424,Pt,10555.555555555555,5.56e+18
2425,S,10555.555555555555,5.56e+18
2426,Si,10555.555555555555,5.56e+18
2427,Sm,10555.555555555555,5.56e+18
2428,Sn,10555.555555555555,5.56e+18
2429,Sr,10555.555555555555,5.56e+18
2430,Ta,10555.555555555555,5.56e+18
2431,Tb,10555.555555555555,5.56e+18
2432,Ti,10555.555555555555,5.56e+18
2433,V,10555.555555555555,5.56e+18
2434,W,10555.555555555555,5.56e+18
2435,Y,10555.555555555555,5.56e+18
2436,Yb,10555.555555555555,5.56e+18
2437,Zn,10555.555555555555,5.56e+18
2438,Ag,10555.555555555555,6.67e+18
2439,Al,10555.555555555555,6.67e+18
2440,Ar,10555.555555555555,6.67e+18
2441,As,10555.555555555555,6.67e+18
2442,Au,10555.555555555555,6.67e+18
2443,B,10555.555555555555,6.67e+18
2444,Ba,10555.555555555555,6.67e+18
2445,Be,10555.555555555555,6.67e+18
2446,C,10555.555555555555,6.67e+18
2447,Ca,10555.555555555555,6.67e+18
2448,Cd,10555.555555555555,6.67e+18
2449,Ce,10555.555555555555,6.67e+18
2450,Cl,10555.555555555555,6.67e+18
2451,Co,10555.555555555555,6.67e+18
2452,Cr,10555.555555555555,6.67e+18
2453,Cu,10555.555555555555,6.67e+18
2454,Dy,10555.555555555555,6.67e+18
2455,Er,10555.555555555555,6.67e+18
2456,F,10555.555555555555,6.67e+18
2457,Fe,10555.555555555555,6.67e+18
2458,Gd,10555.555555555555,6.67e+18
2459,He,10555.555555555555,6.67e+18
2460,Hg,10555.555555555555,6.67e+18
2461,Ho,10555.555555555555,6.67e+18
2462,K,10555.555555555555,6.67e+18
2463,La,10555.555555555555,6.67e+18
2464,Li,10555.555555555555,6.67e+18
2465,Lu,10555.555555555555,6.67e+18
2466,Mg,10555.555555555555,6.67e+18
2467,Mn,10555.555555555555,6.67e+18
2468,Mo,10555.555555555555,6.67e+18
2469,N,10555.555555555555,6.67e+18
2470,Na,10555.555555555555,6.67e+18
2471,Nd,10555.555555555555,6.67e+18
2472,Ni,10555.555555555555,6.67e+18
2473,O,10555.555555555555,6.67e+18
2474,P,10555.555555555555,6.67e+18
2475,Pb,10555.555555555555,6.67e+18
2476,Pr,10555.555555555555,6.67e+18
2477,Pt,10555.555555555555,6.67e+18
2478,S,10555.555555555555,6.67e+18
2479,Si,10555.555555555555,6.67e+18
2480,Sm,10555.555555555555,6.67e+18
2481,Sn,10555.555555555555,6.67e+18
2482,Sr,10555.555555555555,6.67e+18
2483,Ta,10555.555555555555,6.67e+18
2484,Tb,10555.555555555555,6.67e+18
2485,Ti,10555.555555555555,6.67e+18
2486,V,10555.555555555555,6.67e+18
2487,W,10555.555555555555,6.67e+18
2488,Y,10555.555555555555,6.67e+18
2489,Yb,10555.555555555555,6.67e+18
2490,Zn,10555.555555555555,6.67e+18
2491,Ag,10555.555555555555,7.78e+18
2492,Al,10555.555555555555,7.78e+18
2493,Ar,10555.555555555555,7.78e+18
2494,As,10555.555555555555,7.78e+18
2495,Au,10555.555555555555,7.78e+18
2496,B,10555.555555555555,7.78e+18
2497,Ba,10555.555555555555,7.78e+18
2498,Be,10555.555555555555,7.78e+18
2499,C,10555.555555555555,7.78e+18
2500,Ca,10555.555555555555,7.78e+18
2501,Cd,10555.555555555555,7.78e+18
2502,Ce,10555.555555555555,7.78e+18
2503,Cl,10555.555555555555,7.78e+18
2504,Co,10555.555555555555,7.78e+18
2505,Cr,10555.555555555555,7.78e+18
2506,Cu,10555.555555555555,7.78e+18
2507,Dy,10555.555555555555,7.78e+18
2508,Er,10555.555555555555,7.78e+18
2509,F,10555.555555555555,7.78e+18
2510,Fe,10555.555555555555,7.78e+18
2511,Gd,10555.555555555555,7.78e+18
2512,He,10555.555555555555,7.78e+18
2513,Hg,10555.555555555555,7.78e+18
2514,Ho,10555.555555555555,7.78e+18
2515,K,10555.555555555555,7.78e+18
2516,La,10555.555555555555,7.78e+18
2517,Li,10555.555555555555,7.78e+18
2518,Lu,10555.555555555555,7.78e+18
2519,Mg,10555.555555555555,7.78e+18
2520,Mn,10555.555555555555,7.78e+18
2521,Mo,10555.555555555555,7.78e+18
2522,N,10555.555555555555,7.78e+18
2523,Na,10555.555555555555,7.78e+18
2524,Nd,10555.555555555555,7.78e+18
2525,Ni,10555.555555555555,7.78e+18
2526,O,10555.555555555555,7.78e+18
2527,P,10555.555555555555,7.78e+18
2528,Pb,10555.555555555555,7.78e+18
2529,Pr,10555.555555555555,7.78e+18
2530,Pt,10555.555555555555,7.78e+18
2531,S,10555.555555555555,7.78e+18
2532,Si,10555.555555555555,7.78e+18
2533,Sm,10555.555555555555,7.78e+18
2534,Sn,10555.555555555555,7.78e+18
2535,Sr,10555.555555555555,7.78e+18
2536,Ta,10555.555555555555,7.78e+18
2537,Tb,10555.555555555555,7.78e+18
2538,Ti,10555.555555555555,7.78e+18
2539,V,10555.555555555555,7.78e+18
2540,W,10555.555555555555,7.78e+18
2541,Y,10555.555555555555,7.78e+18
2542,Yb,10555.555555555555,7.78e+18
2543,Zn,10555.555555555555,7.78e+18
2544,Ag,10555.555555555555,8.89e+18
2545,Al,10555.555555555555,8.89e+18
2546,Ar,10555.555555555555,8.89e+18
2547,As,10555.555555555555,8.89e+18
2548,Au,10555.555555555555,8.89e+18
2549,B,10555.555555555555,8.89e+18
2550,Ba,10555.555555555555,8.89e+18
2551,Be,10555.555555555555,8.89e+18
2552,C,10555.555555555555,8.89e+18
2553,Ca,10555.555555555555,8.89e+18
2554,Cd,10555.555555555555,8.89e+18
2555,Ce,10555.555555555555,8.89e+18
2556,Cl,10555.555555555555,8.89e+18
2557,Co,10555.555555555555,8.89e+18
2558,Cr,10555.555555555555,8.89e+18
2559,Cu,10555.555555555555,8.89e+18
2560,Dy,10555.555555555555,8.89e+18
2561,Er,10555.555555555555,8.89e+18
2562,F,10555.555555555555,8.89e+18
2563,Fe,10555.555555555555,8.89e+18
2564,Gd,10555.555555555555,8.89e+18
2565,He,10555.555555555555,8.89e+18
2566,Hg,10555.555555555555,8.89e+18
2567,Ho,10555.555555555555,8.89e+18
2568,K,10555.555555555555,8.89e+18
2569,La,10555.555555555555,8.89e+18
2570,Li,10555.555555555555,8.89e+18
2571,Lu,10555.555555555555,8.89e+18
2572,Mg,10555.555555555555,8.89e+18
2573,Mn,10555.555555555555,8.89e+18
2574,Mo,10555.555555555555,8.89e+18
2575,N,10555.555555555555,8.89e+18
2576,Na,10555.555555555555,8.89e+18
2577,Nd,10555.555555555555,8.89e+18
2578,Ni,10555.555555555555,8.89e+18
2579,O,10555.555555555555,8.89e+18
2580,P,10555.555555555555,8.89e+18
2581,Pb,10555.555555555555,8.89e+18
2582,Pr,10555.555555555555,8.89e+18
2583,Pt,10555.555555555555,8.89e+18
2584,S,10555.555555555555,8.89e+18
2585,Si,10555.555555555555,8.89e+18
2586,Sm,10555.555555555555,8.89e+18
2587,Sn,10555.555555555555,8.89e+18
2588,Sr,10555.555555555555,8.89e+18
2589,Ta,10555.555555555555,8.89e+18
2590,Tb,10555.555555555555,8.89e+18
2591,Ti,10555.555555555555,8.89e+18
2592,V,10555.555555555555,8.89e+18
2593,W,10555.555555555555,8.89e+18
2594,Y,10555.555555555555,8.89e+18
2595,Yb,10555.555555555555,8.89e+18
2596,Zn,10555.555555555555,8.89e+18
2597,Ag,10555.555555555555,1e+19
2598,Al,10555.555555555555,1e+19
2599,Ar,10555.555555555555,1e+19
2600,As,10555.555555555555,1e+19
2601,Au,10555.555555555555,1e+19
2602,B,10555.555555555555,1e+19
2603,Ba,10555.555555555555,1e+19
2604,Be,10555.555555555555,1e+19
2605,C,10555.555555555555,1e+19
2606,Ca,10555.555555555555,1e+19
2607,Cd,10555.555555555555,1e+19
2608,Ce,10555.555555555555,1e+19
2609,Cl,10555.555555555555,1e+19
2610,Co,10555.555555555555,1e+19
2611,Cr,10555.555555555555,1e+19
2612,Cu,10555.555555555555,1e+19
2613,Dy,10555.555555555555,1e+19
2614,Er,10555.555555555555,1e+19
2615,F,10555.555555555555,1e+19
2616,Fe,10555.555555555555,1e+19
2617,Gd,10555.555555555555,1e+19
2618,He,10555.555555555555,1e+19
2619,Hg,10555.555555555555,1e+19
2620,Ho,10555.555555555555,1e+19
2621,K,10555.555555555555,1e+19
2622,La,10555.555555555555,1e+19
2623,Li,10555.555555555555,1e+19
2624,Lu,10555.555555555555,1e+19
2625,Mg,10555.555555555555,1e+19
2626,Mn,10555.555555555555,1e+19
2627,Mo,10555.555555555555,1e+19
2628,N,10555.555555555555,1e+19
2629,Na,10555.555555555555,1e+19
2630,Nd,10555.555555555555,1e+19
2631,Ni,10555.555555555555,1e+19
2632,O,10555.555555555555,1e+19
2633,P,10555.555555555555,1e+19
2634,Pb,10555.555555555555,1e+19
2635,Pr,10555.555555555555,1e+19
2636,Pt,10555.555555555555,1e+19
2637,S,10555.555555555555,1e+19
2638,Si,10555.555555555555,1e+19
2639,Sm,10555.555555555555,1e+19
2640,Sn,10555.555555555555,1e+19
2641,Sr,10555.555555555555,1e+19
2642,Ta,10555.555555555555,1e+19
2643,Tb,10555.555555555555,1e+19
2644,Ti,10555.555555555555,1e+19
2645,V,10555.555555555555,1e+19
2646,W,10555.555555555555,1e+19
2647,Y,10555.555555555555,1e+19
2648,Yb,10555.555555555555,1e+19
2649,Zn,10555.555555555555,1e+19
2650,Ag,11444.444444444445,1e+16
2651,Al,11444.444444444445,1e+16
2652,Ar,11444.444444444445,1e+16
2653,As,11444.444444444445,1e+16
2654,Au,11444.444444444445,1e+16
2655,B,11444.444444444445,1e+16
2656,Ba,11444.444444444445,1e+16
2657,Be,11444.444444444445,1e+16
2658,C,11444.444444444445,1e+16
2659,Ca,11444.444444444445,1e+16
2660,Cd,11444.444444444445,1e+16
2661,Ce,11444.444444444445,1e+16
2662,Cl,11444.444444444445,1e+16
2663,Co,11444.444444444445,1e+16
2664,Cr,11444.444444444445,1e+16
2665,Cu,11444.444444444445,1e+16
2666,Dy,11444.444444444445,1e+16
2667,Er,11444.444444444445,1e+16
2668,F,11444.444444444445,1e+16
2669,Fe,11444.444444444445,1e+16
2670,Gd,11444.444444444445,1e+16
2671,He,11444.444444444445,1e+16
2672,Hg,11444.444444444445,1e+16
2673,Ho,11444.444444444445,1e+16
2674,K,11444.444444444445,1e+16
2675,La,11444.444444444445,1e+16
2676,Li,11444.444444444445,1e+16
2677,Lu,11444.444444444445,1e+16
2678,Mg,11444.444444444445,1e+16
2679,Mn,11444.444444444445,1e+16
2680,Mo,11444.444444444445,1e+16
2681,N,11444.444444444445,1e+16
2682,Na,11444.444444444445,1e+16
2683,Nd,11444.444444444445,1e+16
2684,Ni,11444.444444444445,1e+16
2685,O,11444.444444444445,1e+16
2686,P,11444.444444444445,1e+16
2687,Pb,11444.444444444445,1e+16
2688,Pr,11444.444444444445,1e+16
2689,Pt,11444.444444444445,1e+16
2690,S,11444.444444444445,1e+16
2691,Si,11444.444444444445,1e+16
2692,Sm,11444.444444444445,1e+16
2693,Sn,11444.444444444445,1e+16
2694,Sr,11444.444444444445,1e+16
2695,Ta,11444.444444444445,1e+16
2696,Tb,11444.444444444445,1e+16
2697,Ti,11444.444444444445,1e+16
2698,V,11444.444444444445,1e+16
2699,W,11444.444444444445,1e+16
2700,Y,11444.444444444445,1e+16
2701,Yb,11444.444444444445,1e+16
2702,Zn,11444.444444444445,1e+16
2703,Ag,11444.444444444445,1.12e+18
2704,Al,11444.444444444445,1.12e+18
2705,Ar,11444.444444444445,1.12e+18
2706,As,11444.444444444445,1.12e+18
2707,Au,11444.444444444445,1.12e+18
2708,B,11444.444444444445,1.12e+18
2709,Ba,11444.444444444445,1.12e+18
2710,Be,11444.444444444445,1.12e+18
2711,C,11444.444444444445,1.12e+18
2712,Ca,11444.444444444445,1.12e+18
2713,Cd,11444.444444444445,1.12e+18
2714,Ce,11444.444444444445,1.12e+18
2715,Cl,11444.444444444445,1.12e+18
2716,Co,11444.444444444445,1.12e+18
2717,Cr,11444.444444444445,1.12e+18
2718,Cu,11444.444444444445,1.12e+18
2719,Dy,11444.444444444445,1.12e+18
2720,Er,11444.444444444445,1.12e+18
2721,F,11444.444444444445,1.12e+18
2722,Fe,11444.444444444445,1.12e+18
2723,Gd,11444.444444444445,1.12e+18
2724,He,11444.444444444445,1.12e+18
2725,Hg,11444.444444444445,1.12e+18
2726,Ho,11444.444444444445,1.12e+18
2727,K,11444.444444444445,1.12e+18
2728,La,11444.444444444445,1.12e+18
2729,Li,11444.444444444445,1.12e+18
2730,Lu,11444.444444444445,1.12e+18
2731,Mg,11444.444444444445,1.12e+18
2732,Mn,11444.444444444445,1.12e+18
2733,Mo,11444.444444444445,1.12e+18
2734,N,11444.444444444445,1.12e+18
2735,Na,11444.444444444445,1.12e+18
2736,Nd,11444.444444444445,1.12e+18
2737,Ni,11444.444444444445,1.12e+18
2738,O,11444.444444444445,1.12e+18
2739,P,11444.444444444445,1.12e+18
2740,Pb,11444.444444444445,1.12e+18
2741,Pr,11444.444444444445,1.12e+18
2742,Pt,11444.444444444445,1.12e+18
2743,S,11444.444444444445,1.12e+18
2744,Si,11444.444444444445,1.12e+18
2745,Sm,11444.444444444445,1.12e+18
2746,Sn,11444.444444444445,1.12e+18
2747,Sr,11444.444444444445,1.12e+18
2748,Ta,11444.444444444445,1.12e+18
2749,Tb,11444.444444444445,1.12e+18
2750,Ti,11444.444444444445,1.12e+18
2751,V,11444.444444444445,1.12e+18
2752,W,11444.444444444445,1.12e+18
2753,Y,11444.444444444445,1.12e+18
2754,Yb,11444.444444444445,1.12e+18
2755,Zn,11444.444444444445,1.12e+18
2756,Ag,11444.444444444445,2.23e+18
2757,Al,11444.444444444445,2.23e+18
2758,Ar,11444.444444444445,2.23e+18
2759,As,11444.444444444445,2.23e+18
2760,Au,11444.444444444445,2.23e+18
2761,B,11444.444444444445,2.23e+18
2762,Ba,11444.444444444445,2.23e+18
2763,Be,11444.444444444445,2.23e+18
2764,C,11444.444444444445,2.23e+18
2765,Ca,11444.444444444445,2.23e+18
2766,Cd,11444.444444444445,2.23e+18
2767,Ce,11444.444444444445,2.23e+18
2768,Cl,11444.444444444445,2.23e+18
2769,Co,11444.444444444445,2.23e+18
2770,Cr,11444.444444444445,2.23e+18
2771,Cu,11444.444444444445,2.23e+18
2772,Dy,11444.444444444445,2.23e+18
2773,Er,11444.444444444445,2.23e+18
2774,F,11444.444444444445,2.23e+18
2775,Fe,11444.444444444445,2.23e+18
2776,Gd,11444.444444444445,2.23e+18
2777,He,11444.444444444445,2.23e+18
2778,Hg,11444.444444444445,2.23e+18
2779,Ho,11444.444444444445,2.23e+18
2780,K,11444.444444444445,2.23e+18
2781,La,11444.444444444445,2.23e+18
2782,Li,11444.444444444445,2.23e+18
2783,Lu,11444.444444444445,2.23e+18
2784,Mg,11444.444444444445,2.23e+18
2785,Mn,11444.444444444445,2.23e+18
2786,Mo,11444.444444444445,2.23e+18
2787,N,11444.444444444445,2.23e+18
2788,Na,11444.444444444445,2.23e+18
2789,Nd,11444.444444444445,2.23e+18
2790,Ni,11444.444444444445,2.23e+18
2791,O,11444.444444444445,2.23e+18
2792,P,11444.444444444445,2.23e+18
2793,Pb,11444.444444444445,2.23e+18
2794,Pr,11444.444444444445,2.23e+18
2795,Pt,11444.444444444445,2.23e+18
2796,S,11444.444444444445,2.23e+18
2797,Si,11444.444444444445,2.23e+18
2798,Sm,11444.444444444445,2.23e+18
2799,Sn,11444.444444444445,2.23e+18
2800,Sr,11444.444444444445,2.23e+18
2801,Ta,11444.444444444445,2.23e+18
2802,Tb,11444.444444444445,2.23e+18
2803,Ti,11444.444444444445,2.23e+18
2804,V,11444.444444444445,2.23e+18
2805,W,11444.444444444445,2.23e+18
2806,Y,11444.444444444445,2.23e+18
2807,Yb,11444.444444444445,2.23e+18
2808,Zn,11444.444444444445,2.23e+18
2809,Ag,11444.444444444445,3.34e+18
2810,Al,11444.444444444445,3.34e+18
2811,Ar,11444.444444444445,3.34e+18
2812,As,11444.444444444445,3.34e+18
2813,Au,11444.444444444445,3.34e+18
2814,B,11444.444444444445,3.34e+18
2815,Ba,11444.444444444445,3.34e+18
2816,Be,11444.444444444445,3.34e+18
2817,C,11444.444444444445,3.34e+18
2818,Ca,11444.444444444445,3.34e+18
2819,Cd,11444.444444444445,3.34e+18
2820,Ce,11444.444444444445,3.34e+18
2821,Cl,11444.444444444445,3.34e+18
2822,Co,11444.444444444445,3.34e+18
2823,Cr,11444.444444444445,3.34e+18
2824,Cu,11444.444444444445,3.34e+18
2825,Dy,11444.444444444445,3.34e+18
2826,Er,11444.444444444445,3.34e+18
2827,F,11444.444444444445,3.34e+18
2828,Fe,11444.444444444445,3.34e+18
2829,Gd,11444.444444444445,3.34e+18
2830,He,11444.444444444445,3.34e+18
2831,Hg,11444.444444444445,3.34e+18
2832,Ho,11444.444444444445,3.34e+18
2833,K,11444.444444444445,3.34e+18
2834,La,11444.444444444445,3.34e+18
2835,Li,11444.444444444445,3.34e+18
2836,Lu,11444.444444444445,3.34e+18
2837,Mg,11444.444444444445,3.34e+18
2838,Mn,11444.444444444445,3.34e+18
2839,Mo,11444.444444444445,3.34e+18
2840,N,11444.444444444445,3.34e+18
2841,Na,11444.444444444445,3.34e+18
2842,Nd,11444.444444444445,3.34e+18
2843,Ni,11444.444444444445,3.34e+18
2844,O,11444.444444444445,3.34e+18
2845,P,11444.444444444445,3.34e+18
2846,Pb,11444.444444444445,3.34e+18
2847,Pr,11444.444444444445,3.34e+18
2848,Pt,11444.444444444445,3.34e+18
2849,S,11444.444444444445,3.34e+18
2850,Si,11444.444444444445,3.34e+18
2851,Sm,11444.444444444445,3.34e+18
2852,Sn,11444.444444444445,3.34e+18
2853,Sr,11444.444444444445,3.34e+18
2854,Ta,11444.444444444445,3.34e+18
2855,Tb,11444.444444444445,3.34e+18
2856,Ti,11444.444444444445,3.34e+18
2857,V,11444.444444444445,3.34e+18
2858,W,11444.444444444445,3.34e+18
2859,Y,11444.444444444445,3.34e+18
2860,Yb,11444.444444444445,3.34e+18
2861,Zn,11444.444444444445,3.34e+18
2862,Ag,11444.444444444445,4.45e+18
2863,Al,11444.444444444445,4.45e+18
2864,Ar,11444.444444444445,4.45e+18
2865,As,11444.444444444445,4.45e+18
2866,Au,11444.444444444445,4.45e+18
2867,B,11444.444444444445,4.45e+18
2868,Ba,11444.444444444445,4.45e+18
2869,Be,11444.444444444445,4.45e+18
2870,C,11444.444444444445,4.45e+18
2871,Ca,11444.444444444445,4.45e+18
2872,Cd,11444.444444444445,4.45e+18
2873,Ce,11444.444444444445,4.45e+18
2874,Cl,11444.444444444445,4.45e+18
2875,Co,11444.444444444445,4.45e+18
2876,Cr,11444.444444444445,4.45e+18
2877,Cu,11444.444444444445,4.45e+18
2878,Dy,11444.444444444445,4.45e+18
2879,Er,11444.444444444445,4.45e+18
2880,F,11444.444444444445,4.45e+18
2881,Fe,11444.444444444445,4.45e+18
2882,Gd,11444.444444444445,4.45e+18
2883,He,11444.444444444445,4.45e+18
2884,Hg,11444.444444444445,4.45e+18
2885,Ho,11444.444444444445,4.45e+18
2886,K,11444.444444444445,4.45e+18
2887,La,11444.444444444445,4.45e+18
2888,Li,11444.444444444445,4.45e+18
2889,Lu,11444.444444444445,4.45e+18
2890,Mg,11444.444444444445,4.45e+18
2891,Mn,11444.444444444445,4.45e+18
2892,Mo,11444.444444444445,4.45e+18
2893,N,11444.444444444445,4.45e+18
2894,Na,11444.444444444445,4.45e+18
2895,Nd,11444.444444444445,4.45e+18
2896,Ni,11444.444444444445,4.45e+18
2897,O,11444.444444444445,4.45e+18
2898,P,11444.444444444445,4.45e+18
2899,Pb,11444.444444444445,4.45e+18
2900,Pr,11444.444444444445,4.45e+18
2901,Pt,11444.444444444445,4.45e+18
2902,S,11444.444444444445,4.45e+18
2903,Si,11444.444444444445,4.45e+18
2904,Sm,11444.444444444445,4.45e+18
2905,Sn,11444.444444444445,4.45e+18
2906,Sr,11444.444444444445,4.45e+18
2907,Ta,11444.444444444445,4.45e+18
2908,Tb,11444.444444444445,4.45e+18
2909,Ti,11444.444444444445,4.45e+18
2910,V,11444.444444444445,4.45e+18
2911,W,11444.444444444445,4.45e+18
2912,Y,11444.444444444445,4.45e+18
2913,Yb,11444.444444444445,4.45e+18
2914,Zn,11444.444444444445,4.45e+18
2915,Ag,11444.444444444445,5.56e+18
2916,Al,11444.444444444445,5.56e+18
2917,Ar,11444.444444444445,5.56e+18
2918,As,11444.444444444445,5.56e+18
2919,Au,11444.444444444445,5.56e+18
2920,B,11444.444444444445,5.56e+18
2921,Ba,11444.444444444445,5.56e+18
2922,Be,11444.444444444445,5.56e+18
2923,C,11444.444444444445,5.56e+18
2924,Ca,11444.444444444445,5.56e+18
2925,Cd,11444.444444444445,5.56e+18
2926,Ce,11444.444444444445,5.56e+18
2927,Cl,11444.444444444445,5.56e+18
2928,Co,11444.444444444445,5.56e+18
2929,Cr,11444.444444444445,5.56e+18
2930,Cu,11444.444444444445,5.56e+18
2931,Dy,11444.444444444445,5.56e+18
2932,Er,11444.444444444445,5.56e+18
2933,F,11444.444444444445,5.56e+18
2934,Fe,11444.444444444445,5.56e+18
2935,Gd,11444.444444444445,5.56e+18
2936,He,11444.444444444445,5.56e+18
2937,Hg,11444.444444444445,5.56e+18
2938,Ho,11444.444444444445,5.56e+18
2939,K,11444.444444444445,5.56e+18
2940,La,11444.444444444445,5.56e+18
2941,Li,11444.444444444445,5.56e+18
2942,Lu,11444.444444444445,5.56e+18
2943,Mg,11444.444444444445,5.56e+18
2944,Mn,11444.444444444445,5.56e+18
2945,Mo,11444.444444444445,5.56e+18
2946,N,11444.444444444445,5.56e+18
2947,Na,11444.444444444445,5.56e+18
2948,Nd,11444.444444444445,5.56e+18
2949,Ni,11444.444444444445,5.56e+18
2950,O,11444.444444444445,5.56e+18
2951,P,11444.444444444445,5.56e+18
2952,Pb,11444.444444444445,5.56e+18
2953,Pr,11444.444444444445,5.56e+18
2954,Pt,11444.444444444445,5.56e+18
2955,S,11444.444444444445,5.56e+18
2956,Si,11444.444444444445,5.56e+18
2957,Sm,11444.444444444445,5.56e+18
2958,Sn,11444.444444444445,5.56e+18
2959,Sr,11444.444444444445,5.56e+18
2960,Ta,11444.444444444445,5.56e+18
2961,Tb,11444.444444444445,5.56e+18
2962,Ti,11444.444444444445,5.56e+18
2963,V,11444.444444444445,5.56e+18
2964,W,11444.444444444445,5.56e+18
2965,Y,11444.444444444445,5.56e+18
2966,Yb,11444.444444444445,5.56e+18
2967,Zn,11444.444444444445,5.56e+18
2968,Ag,11444.444444444445,6.67e+18
2969,Al,11444.444444444445,6.67e+18
2970,Ar,11444.444444444445,6.67e+18
2971,As,11444.444444444445,6.67e+18
2972,Au,11444.444444444445,6.67e+18
2973,B,11444.444444444445,6.67e+18
2974,Ba,11444.444444444445,6.67e+18
2975,Be,11444.444444444445,6.67e+18
2976,C,11444.444444444445,6.67e+18
2977,Ca,11444.444444444445,6.67e+18
2978,Cd,11444.444444444445,6.67e+18
2979,Ce,11444.444444444445,6.67e+18
2980,Cl,11444.444444444445,6.67e+18
2981,Co,11444.444444444445,6.67e+18
2982,Cr,11444.444444444445,6.67e+18
2983,Cu,11444.444444444445,6.67e+18
2984,Dy,11444.444444444445,6.67e+18
2985,Er,11444.444444444445,6.67e+18
2986,F,11444.444444444445,6.67e+18
2987,Fe,11444.444444444445,6.67e+18
2988,Gd,11444.444444444445,6.67e+18
2989,He,11444.444444444445,6.67e+18
2990,Hg,11444.444444444445,6.67e+18
2991,Ho,11444.444444444445,6.67e+18
2992,K,11444.444444444445,6.67e+18
2993,La,11444.444444444445,6.67e+18
2994,Li,11444.444444444445,6.67e+18
2995,Lu,11444.444444444445,6.67e+18
2996,Mg,11444.444444444445,6.67e+18
2997,Mn,11444.444444444445,6.67e+18
2998,Mo,11444.444444444445,6.67e+18
2999,N,11444.444444444445,6.67e+18
3000,Na,11444.444444444445,6.67e+18
3001,Nd,11444.444444444445,6.67e+18
3002,Ni,11444.444444444445,6.67e+18
3003,O,11444.444444444445,6.67e+18
3004,P,11444.444444444445,6.67e+18
3005,Pb,11444.444444444445,6.67e+18
3006,Pr,11444.444444444445,6.67e+18
3007,Pt,11444.444444444445,6.67e+18
3008,S,11444.444444444445,6.67e+18
3009,Si,11444.444444444445,6.67e+18
3010,Sm,11444.444444444445,6.67e+18
3011,Sn,11444.444444444445,6.67e+18
3012,Sr,11444.444444444445,6.67e+18
3013,Ta,11444.444444444445,6.67e+18
3014,Tb,11444.444444444445,6.67e+18
3015,Ti,11444.444444444445,6.67e+18
3016,V,11444.444444444445,6.67e+18
3017,W,11444.444444444445,6.67e+18
3018,Y,11444.444444444445,6.67e+18
3019,Yb,11444.444444444445,6.67e+18
3020,Zn,11444.444444444445,6.67e+18
3021,Ag,11444.444444444445,7.78e+18
3022,Al,11444.444444444445,7.78e+18
3023,Ar,11444.444444444445,7.78e+18
3024,As,11444.444444444445,7.78e+18
3025,Au,11444.444444444445,7.78e+18
3026,B,11444.444444444445,7.78e+18
3027,Ba,11444.444444444445,7.78e+18
3028,Be,11444.444444444445,7.78e+18
3029,C,11444.444444444445,7.78e+18
3030,Ca,11444.444444444445,7.78e+18
3031,Cd,11444.444444444445,7.78e+18
3032,Ce,11444.444444444445,7.78e+18
3033,Cl,11444.444444444445,7.78e+18
3034,Co,11444.444444444445,7.78e+18
3035,Cr,11444.444444444445,7.78e+18
3036,Cu,11444.444444444445,7.78e+18
3037,Dy,11444.444444444445,7.78e+18
3038,Er,11444.444444444445,7.78e+18
3039,F,11444.444444444445,7.78e+18
3040,Fe,11444.444444444445,7.78e+18
3041,Gd,11444.444444444445,7.78e+18
3042,He,11444.444444444445,7.78e+18
3043,Hg,11444.444444444445,7.78e+18
3044,Ho,11444.444444444445,7.78e+18
3045,K,11444.444444444445,7.78e+18
3046,La,11444.444444444445,7.78e+18
3047,Li,11444.444444444445,7.78e+18
3048,Lu,11444.444444444445,7.78e+18
3049,Mg,11444.444444444445,7.78e+18
3050,Mn,11444.444444444445,7.78e+18
3051,Mo,11444.444444444445,7.78e+18
3052,N,11444.444444444445,7.78e+18
3053,Na,11444.444444444445,7.78e+18
3054,Nd,11444.444444444445,7.78e+18
3055,Ni,11444.444444444445,7.78e+18
3056,O,11444.444444444445,7.78e+18
3057,P,11444.444444444445,7.78e+18
3058,Pb,11444.444444444445,7.78e+18
3059,Pr,11444.444444444445,7.78e+18
3060,Pt,11444.444444444445,7.78e+18
3061,S,11444.444444444445,7.78e+18
3062,Si,11444.444444444445,7.78e+18
3063,Sm,11444.444444444445,7.78e+18
3064,Sn,11444.444444444445,7.78e+18
3065,Sr,11444.444444444445,7.78e+18
3066,Ta,11444.444444444445,7.78e+18
3067,Tb,11444.444444444445,7.78e+18
3068,Ti,11444.444444444445,7.78e+18
3069,V,11444.444444444445,7.78e+18
3070,W,11444.444444444445,7.78e+18
3071,Y,11444.444444444445,7.78e+18
3072,Yb,11444.444444444445,7.78e+18
3073,Zn,11444.444444444445,7.78e+18
3074,Ag,11444.444444444445,8.89e+18
3075,Al,11444.444444444445,8.89e+18
3076,Ar,11444.444444444445,8.89e+18
3077,As,11444.444444444445,8.89e+18
3078,Au,11444.444444444445,8.89e+18
3079,B,11444.444444444445,8.89e+18
3080,Ba,11444.444444444445,8.89e+18
3081,Be,11444.444444444445,8.89e+18
3082,C,11444.444444444445,8.89e+18
3083,Ca,11444.444444444445,8.89e+18
3084,Cd,11444.444444444445,8.89e+18
3085,Ce,11444.444444444445,8.89e+18
3086,Cl,11444.444444444445,8.89e+18
3087,Co,11444.444444444445,8.89e+18
3088,Cr,11444.444444444445,8.89e+18
3089,Cu,11444.444444444445,8.89e+18
3090,Dy,11444.444444444445,8.89e+18
3091,Er,11444.444444444445,8.89e+18
3092,F,11444.444444444445,8.89e+18
3093,Fe,11444.444444444445,8.89e+18
3094,Gd,11444.444444444445,8.89e+18
3095,He,11444.444444444445,8.89e+18
3096,Hg,11444.444444444445,8.89e+18
3097,Ho,11444.444444444445,8.89e+18
3098,K,11444.444444444445,8.89e+18
3099,La,11444.444444444445,8.89e+18
3100,Li,11444.444444444445,8.89e+18
3101,Lu,11444.444444444445,8.89e+18
3102,Mg,11444.444444444445,8.89e+18
3103,Mn,11444.444444444445,8.89e+18
3104,Mo,11444.444444444445,8.89e+18
3105,N,11444.444444444445,8.89e+18
3106,Na,11444.444444444445,8.89e+18
3107,Nd,11444.444444444445,8.89e+18
3108,Ni,11444.444444444445,8.89e+18
3109,O,11444.444444444445,8.89e+18
3110,P,11444.444444444445,8.89e+18
3111,Pb,11444.444444444445,8.89e+18
3112,Pr,11444.444444444445,8.89e+18
3113,Pt,11444.444444444445,8.89e+18
3114,S,11444.444444444445,8.89e+18
3115,Si,11444.444444444445,8.89e+18
3116,Sm,11444.444444444445,8.89e+18
3117,Sn,11444.444444444445,8.89e+18
3118,Sr,11444.444444444445,8.89e+18
3119,Ta,11444.444444444445,8.89e+18
3120,Tb,11444.444444444445,8.89e+18
3121,Ti,11444.444444444445,8.89e+18
3122,V,11444.444444444445,8.89e+18
3123,W,11444.444444444445,8.89e+18
3124,Y,11444.444444444445,8.89e+18
3125,Yb,11444.444444444445,8.89e+18
3126,Zn,11444.444444444445,8.89e+18
3127,Ag,11444.444444444445,1e+19
3128,Al,11444.444444444445,1e+19
3129,Ar,11444.444444444445,1e+19
3130,As,11444.444444444445,1e+19
3131,Au,11444.444444444445,1e+19
3132,B,11444.444444444445,1e+19
3133,Ba,11444.444444444445,1e+19
3134,Be,11444.444444444445,1e+19
3135,C,11444.444444444445,1e+19
3136,Ca,11444.444444444445,1e+19
3137,Cd,11444.444444444445,1e+19
3138,Ce,11444.444444444445,1e+19
3139,Cl,11444.444444444445,1e+19
3140,Co,11444.444444444445,1e+19
3141,Cr,11444.444444444445,1e+19
3142,Cu,11444.444444444445,1e+19
3143,Dy,11444.444444444445,1e+19
3144,Er,11444.444444444445,1e+19
3145,F,11444.444444444445,1e+19
3146,Fe,11444.444444444445,1e+19
3147,Gd,11444.444444444445,1e+19
3148,He,11444.444444444445,1e+19
3149,Hg,11444.444444444445,1e+19
3150,Ho,11444.444444444445,1e+19
3151,K,11444.444444444445,1e+19
3152,La,11444.444444444445,1e+19
3153,Li,11444.444444444445,1e+19
3154,Lu,11444.444444444445,1e+19
3155,Mg,11444.444444444445,1e+19
3156,Mn,11444.444444444445,1e+19
3157,Mo,11444.444444444445,1e+19
3158,N,11444.444444444445,1e+19
3159,Na,11444.444444444445,1e+19
3160,Nd,11444.444444444445,1e+19
3161,Ni,11444.444444444445,1e+19
3162,O,11444.444444444445,1e+19
3163,P,11444.444444444445,1e+19
3164,Pb,11444.444444444445,1e+19
3165,Pr,11444.444444444445,1e+19
3166,Pt,11444.444444444445,1e+19
3167,S,11444.444444444445,1e+19
3168,Si,11444.444444444445,1e+19
3169,Sm,11444.444444444445,1e+19
3170,Sn,11444.444444444445,1e+19
3171,Sr,11444.444444444445,1e+19
3172,Ta,11444.444444444445,1e+19
3173,Tb,11444.444444444445,1e+19
3174,Ti,11444.444444444445,1e+19
3175,V,11444.444444444445,1e+19
3176,W,11444.444444444445,1e+19
3177,Y,11444.444444444445,1e+19
3178,Yb,11444.444444444445,1e+19
3179,Zn,11444.444444444445,1e+19
3180,Ag,12333.333333333334,1e+16
3181,Al,12333.333333333334,1e+16
3182,Ar,12333.333333333334,1e+16
3183,As,12333.333333333334,1e+16
3184,Au,12333.333333333334,1e+16
3185,B,12333.333333333334,1e+16
3186,Ba,12333.333333333334,1e+16
3187,Be,12333.333333333334,1e+16
3188,C,12333.333333333334,1e+16
3189,Ca,12333.333333333334,1e+16
3190,Cd,12333.333333333334,1e+16
3191,Ce,12333.333333333334,1e+16
3192,Cl,12333.333333333334,1e+16
3193,Co,12333.333333333334,1e+16
3194,Cr,12333.333333333334,1e+16
3195,Cu,12333.333333333334,1e+16
3196,Dy,12333.333333333334,1e+16
3197,Er,12333.333333333334,1e+16
3198,F,12333.333333333334,1e+16
3199,Fe,12333.333333333334,1e+16
3200,Gd,12333.333333333334,1e+16
3201,He,12333.333333333334,1e+16
3202,Hg,12333.333333333334,1e+16
3203,Ho,12333.333333333334,1e+16
3204,K,12333.333333333334,1e+16
3205,La,12333.333333333334,1e+16
3206,Li,12333.333333333334,1e+16
3207,Lu,12333.333333333334,1e+16
3208,Mg,12333.333333333334,1e+16
3209,Mn,12333.333333333334,1e+16
3210,Mo,12333.333333333334,1e+16
3211,N,12333.333333333334,1e+16
3212,Na,12333.333333333334,1e+16
3213,Nd,12333.333333333334,1e+16
3214,Ni,12333.333333333334,1e+16
3215,O,12333.333333333334,1e+16
3216,P,12333.333333333334,1e+16
3217,Pb,12333.333333333334,1e+16
3218,Pr,12333.333333333334,1e+16
3219,Pt,12333.333333333334,1e+16
3220,S,12333.333333333334,1e+16
3221,Si,12333.333333333334,1e+16
3222,Sm,12333.333333333334,1e+16
3223,Sn,12333.333333333334,1e+16
3224,Sr,12333.333333333334,1e+16
3225,Ta,12333.333333333334,1e+16
3226,Tb,12333.333333333334,1e+16
3227,Ti,12333.333333333334,1e+16
3228,V,12333.333333333334,1e+16
3229,W,12333.333333333334,1e+16
3230,Y,12333.333333333334,1e+16
3231,Yb,12333.333333333334,1e+16
3232,Zn,12333.333333333334,1e+16
3233,Ag,12333.333333333334,1.12e+18
3234,Al,12333.333333333334,1.12e+18
3235,Ar,12333.333333333334,1.12e+18
3236,As,12333.333333333334,1.12e+18
3237,Au,12333.333333333334,1.12e+18
3238,B,12333.333333333334,1.12e+18
3239,Ba,12333.333333333334,1.12e+18
3240,Be,12333.333333333334,1.12e+18
3241,C,12333.333333333334,1.12e+18
3242,Ca,12333.333333333334,1.12e+18
3243,Cd,12333.333333333334,1.12e+18
3244,Ce,12333.333333333334,1.12e+18
3245,Cl,12333.333333333334,1.12e+18
3246,Co,12333.333333333334,1.12e+18
3247,Cr,12333.333333333334,1.12e+18
3248,Cu,12333.333333333334,1.12e+18
3249,Dy,12333.333333333334,1.12e+18
3250,Er,12333.333333333334,1.12e+18
3251,F,12333.333333333334,1.12e+18
3252,Fe,12333.333333333334,1.12e+18
3253,Gd,12333.333333333334,1.12e+18
3254,He,12333.333333333334,1.12e+18
3255,Hg,12333.333333333334,1.12e+18
3256,Ho,12333.333333333334,1.12e+18
3257,K,12333.333333333334,1.12e+18
3258,La,12333.333333333334,1.12e+18
3259,Li,12333.333333333334,1.12e+18
3260,Lu,12333.333333333334,1.12e+18
3261,Mg,12333.333333333334,1.12e+18
3262,Mn,12333.333333333334,1.12e+18
3263,Mo,12333.333333333334,1.12e+18
3264,N,12333.333333333334,1.12e+18
3265,Na,12333.333333333334,1.12e+18
3266,Nd,12333.333333333334,1.12e+18
3267,Ni,12333.333333333334,1.12e+18
3268,O,12333.333333333334,1.12e+18
3269,P,12333.333333333334,1.12e+18
3270,Pb,12333.333333333334,1.12e+18
3271,Pr,12333.333333333334,1.12e+18
3272,Pt,12333.333333333334,1.12e+18
3273,S,12333.333333333334,1.12e+18
3274,Si,12333.333333333334,1.12e+18
3275,Sm,12333.333333333334,1.12e+18
3276,Sn,12333.333333333334,1.12e+18
3277,Sr,12333.333333333334,1.12e+18
3278,Ta,12333.333333333334,1.12e+18
3279,Tb,12333.333333333334,1.12e+18
3280,Ti,12333.333333333334,1.12e+18
3281,V,12333.333333333334,1.12e+18
3282,W,12333.333333333334,1.12e+18
3283,Y,12333.333333333334,1.12e+18
3284,Yb,12333.333333333334,1.12e+18
3285,Zn,12333.333333333334,1.12e+18
3286,Ag,12333.333333333334,2.23e+18
3287,Al,12333.333333333334,2.23e+18
3288,Ar,12333.333333333334,2.23e+18
3289,As,12333.333333333334,2.23e+18
3290,Au,12333.333333333334,2.23e+18
3291,B,12333.333333333334,2.23e+18
3292,Ba,12333.333333333334,2.23e+18
3293,Be,12333.333333333334,2.23e+18
3294,C,12333.333333333334,2.23e+18
3295,Ca,12333.333333333334,2.23e+18
3296,Cd,12333.333333333334,2.23e+18
3297,Ce,12333.333333333334,2.23e+18
3298,Cl,12333.333333333334,2.23e+18
3299,Co,12333.333333333334,2.23e+18
3300,Cr,12333.333333333334,2.23e+18
3301,Cu,12333.333333333334,2.23e+18
3302,Dy,12333.333333333334,2.23e+18
3303,Er,12333.333333333334,2.23e+18
3304,F,12333.333333333334,2.23e+18
3305,Fe,12333.333333333334,2.23e+18
3306,Gd,12333.333333333334,2.23e+18
3307,He,12333.333333333334,2.23e+18
3308,Hg,12333.333333333334,2.23e+18
3309,Ho,12333.333333333334,2.23e+18
3310,K,12333.333333333334,2.23e+18
3311,La,12333.333333333334,2.23e+18
3312,Li,12333.333333333334,2.23e+18
3313,Lu,12333.333333333334,2.23e+18
3314,Mg,12333.333333333334,2.23e+18
3315,Mn,12333.333333333334,2.23e+18
3316,Mo,12333.333333333334,2.23e+18
3317,N,12333.333333333334,2.23e+18
3318,Na,12333.333333333334,2.23e+18
3319,Nd,12333.333333333334,2.23e+18
3320,Ni,12333.333333333334,2.23e+18
3321,O,12333.333333333334,2.23e+18
3322,P,12333.333333333334,2.23e+18
3323,Pb,12333.333333333334,2.23e+18
3324,Pr,12333.333333333334,2.23e+18
3325,Pt,12333.333333333334,2.23e+18
3326,S,12333.333333333334,2.23e+18
3327,Si,12333.333333333334,2.23e+18
3328,Sm,12333.333333333334,2.23e+18
3329,Sn,12333.333333333334,2.23e+18
3330,Sr,12333.333333333334,2.23e+18
3331,Ta,12333.333333333334,2.23e+18
3332,Tb,12333.333333333334,2.23e+18
3333,Ti,12333.333333333334,2.23e+18
3334,V,12333.333333333334,2.23e+18
3335,W,12333.333333333334,2.23e+18
3336,Y,12333.333333333334,2.23e+18
3337,Yb,12333.333333333334,2.23e+18
3338,Zn,12333.333333333334,2.23e+18
3339,Ag,12333.333333333334,3.34e+18
3340,Al,12333.333333333334,3.34e+18
3341,Ar,12333.333333333334,3.34e+18
3342,As,12333.333333333334,3.34e+18
3343,Au,12333.333333333334,3.34e+18
3344,B,12333.333333333334,3.34e+18
3345,Ba,12333.333333333334,3.34e+18
3346,Be,12333.333333333334,3.34e+18
3347,C,12333.333333333334,3.34e+18
3348,Ca,12333.333333333334,3.34e+18
3349,Cd,12333.333333333334,3.34e+18
3350,Ce,12333.333333333334,3.34e+18
3351,Cl,12333.333333333334,3.34e+18
3352,Co,12333.333333333334,3.34e+18
3353,Cr,12333.333333333334,3.34e+18
3354,Cu,12333.333333333334,3.34e+18
3355,Dy,12333.333333333334,3.34e+18
3356,Er,12333.333333333334,3.34e+18
3357,F,12333.333333333334,3.34e+18
3358,Fe,12333.333333333334,3.34e+18
3359,Gd,12333.333333333334,3.34e+18
3360,He,12333.333333333334,3.34e+18
3361,Hg,12333.333333333334,3.34e+18
3362,Ho,12333.333333333334,3.34e+18
3363,K,12333.333333333334,3.34e+18
3364,La,12333.333333333334,3.34e+18
3365,Li,12333.333333333334,3.34e+18
3366,Lu,12333.333333333334,3.34e+18
3367,Mg,12333.333333333334,3.34e+18
3368,Mn,12333.333333333334,3.34e+18
3369,Mo,12333.333333333334,3.34e+18
3370,N,12333.333333333334,3.34e+18
3371,Na,12333.333333333334,3.34e+18
3372,Nd,12333.333333333334,3.34e+18
3373,Ni,12333.333333333334,3.34e+18
3374,O,12333.333333333334,3.34e+18
3375,P,12333.333333333334,3.34e+18
3376,Pb,12333.333333333334,3.34e+18
3377,Pr,12333.333333333334,3.34e+18
3378,Pt,12333.333333333334,3.34e+18
3379,S,12333.333333333334,3.34e+18
3380,Si,12333.333333333334,3.34e+18
3381,Sm,12333.333333333334,3.34e+18
3382,Sn,12333.333333333334,3.34e+18
3383,Sr,12333.333333333334,3.34e+18
3384,Ta,12333.333333333334,3.34e+18
3385,Tb,12333.333333333334,3.34e+18
3386,Ti,12333.333333333334,3.34e+18
3387,V,12333.333333333334,3.34e+18
3388,W,12333.333333333334,3.34e+18
3389,Y,12333.333333333334,3.34e+18
3390,Yb,12333.333333333334,3.34e+18
3391,Zn,12333.333333333334,3.34e+18
3392,Ag,12333.333333333334,4.45e+18
3393,Al,12333.333333333334,4.45e+18
3394,Ar,12333.333333333334,4.45e+18
3395,As,12333.333333333334,4.45e+18
3396,Au,12333.333333333334,4.45e+18
3397,B,12333.333333333334,4.45e+18
3398,Ba,12333.333333333334,4.45e+18
3399,Be,12333.333333333334,4.45e+18
3400,C,12333.333333333334,4.45e+18
3401,Ca,12333.333333333334,4.45e+18
3402,Cd,12333.333333333334,4.45e+18
3403,Ce,12333.333333333334,4.45e+18
3404,Cl,12333.333333333334,4.45e+18
3405,Co,12333.333333333334,4.45e+18
3406,Cr,12333.333333333334,4.45e+18
3407,Cu,12333.333333333334,4.45e+18
3408,Dy,12333.333333333334,4.45e+18
3409,Er,12333.333333333334,4.45e+18
3410,F,12333.333333333334,4.45e+18
3411,Fe,12333.333333333334,4.45e+18
3412,Gd,12333.333333333334,4.45e+18
3413,He,12333.333333333334,4.45e+18
3414,Hg,12333.333333333334,4.45e+18
3415,Ho,12333.333333333334,4.45e+18
3416,K,12333.333333333334,4.45e+18
3417,La,12333.333333333334,4.45e+18
3418,Li,12333.333333333334,4.45e+18
3419,Lu,12333.333333333334,4.45e+18
3420,Mg,12333.333333333334,4.45e+18
3421,Mn,12333.333333333334,4.45e+18
3422,Mo,12333.333333333334,4.45e+18
3423,N,12333.333333333334,4.45e+18
3424,Na,12333.333333333334,4.45e+18
3425,Nd,12333.333333333334,4.45e+18
3426,Ni,12333.333333333334,4.45e+18
3427,O,12333.333333333334,4.45e+18
3428,P,12333.333333333334,4.45e+18
3429,Pb,12333.333333333334,4.45e+18
3430,Pr,12333.333333333334,4.45e+18
3431,Pt,12333.333333333334,4.45e+18
3432,S,12333.333333333334,4.45e+18
3433,Si,12333.333333333334,4.45e+18
3434,Sm,12333.333333333334,4.45e+18
3435,Sn,12333.333333333334,4.45e+18
3436,Sr,12333.333333333334,4.45e+18
3437,Ta,12333.333333333334,4.45e+18
3438,Tb,12333.333333333334,4.45e+18
3439,Ti,12333.333333333334,4.45e+18
3440,V,12333.333333333334,4.45e+18
3441,W,12333.333333333334,4.45e+18
3442,Y,12333.333333333334,4.45e+18
3443,Yb,12333.333333333334,4.45e+18
3444,Zn,12333.333333333334,4.45e+18
3445,Ag,12333.333333333334,5.56e+18
3446,Al,12333.333333333334,5.56e+18
3447,Ar,12333.333333333334,5.56e+18
3448,As,12333.333333333334,5.56e+18
3449,Au,12333.333333333334,5.56e+18
3450,B,12333.333333333334,5.56e+18
3451,Ba,12333.333333333334,5.56e+18
3452,Be,12333.333333333334,5.56e+18
3453,C,12333.333333333334,5.56e+18
3454,Ca,12333.333333333334,5.56e+18
3455,Cd,12333.333333333334,5.56e+18
3456,Ce,12333.333333333334,5.56e+18
3457,Cl,12333.333333333334,5.56e+18
3458,Co,12333.333333333334,5.56e+18
3459,Cr,12333.333333333334,5.56e+18
3460,Cu,12333.333333333334,5.56e+18
3461,Dy,12333.333333333334,5.56e+18
3462,Er,12333.333333333334,5.56e+18
3463,F,12333.333333333334,5.56e+18
3464,Fe,12333.333333333334,5.56e+18
3465,Gd,12333.333333333334,5.56e+18
3466,He,12333.333333333334,5.56e+18
3467,Hg,12333.333333333334,5.56e+18
3468,Ho,12333.333333333334,5.56e+18
3469,K,12333.333333333334,5.56e+18
3470,La,12333.333333333334,5.56e+18
3471,Li,12333.333333333334,5.56e+18
3472,Lu,12333.333333333334,5.56e+18
3473,Mg,12333.333333333334,5.56e+18
3474,Mn,12333.333333333334,5.56e+18
3475,Mo,12333.333333333334,5.56e+18
3476,N,12333.333333333334,5.56e+18
3477,Na,12333.333333333334,5.56e+18
3478,Nd,12333.333333333334,5.56e+18
3479,Ni,12333.333333333334,5.56e+18
3480,O,12333.333333333334,5.56e+18
3481,P,12333.333333333334,5.56e+18
3482,Pb,12333.333333333334,5.56e+18
3483,Pr,12333.333333333334,5.56e+18
3484,Pt,12333.333333333334,5.56e+18
3485,S,12333.333333333334,5.56e+18
3486,Si,12333.333333333334,5.56e+18
3487,Sm,12333.333333333334,5.56e+18
3488,Sn,12333.333333333334,5.56e+18
3489,Sr,12333.333333333334,5.56e+18
3490,Ta,12333.333333333334,5.56e+18
3491,Tb,12333.333333333334,5.56e+18
3492,Ti,12333.333333333334,5.56e+18
3493,V,12333.333333333334,5.56e+18
3494,W,12333.333333333334,5.56e+18
3495,Y,12333.333333333334,5.56e+18
3496,Yb,12333.333333333334,5.56e+18
3497,Zn,12333.333333333334,5.56e+18
3498,Ag,12333.333333333334,6.67e+18
3499,Al,12333.333333333334,6.67e+18
3500,Ar,12333.333333333334,6.67e+18
3501,As,12333.333333333334,6.67e+18
3502,Au,12333.333333333334,6.67e+18
3503,B,12333.333333333334,6.67e+18
3504,Ba,12333.333333333334,6.67e+18
3505,Be,12333.333333333334,6.67e+18
3506,C,12333.333333333334,6.67e+18
3507,Ca,12333.333333333334,6.67e+18
3508,Cd,12333.333333333334,6.67e+18
3509,Ce,12333.333333333334,6.67e+18
3510,Cl,12333.333333333334,6.67e+18
3511,Co,12333.333333333334,6.67e+18
3512,Cr,12333.333333333334,6.67e+18
3513,Cu,12333.333333333334,6.67e+18
3514,Dy,12333.333333333334,6.67e+18
3515,Er,12333.333333333334,6.67e+18
3516,F,12333.333333333334,6.67e+18
3517,Fe,12333.333333333334,6.67e+18
3518,Gd,12333.333333333334,6.67e+18
3519,He,12333.333333333334,6.67e+18
3520,Hg,12333.333333333334,6.67e+18
3521,Ho,12333.333333333334,6.67e+18
3522,K,12333.333333333334,6.67e+18
3523,La,12333.333333333334,6.67e+18
3524,Li,12333.333333333334,6.67e+18
3525,Lu,12333.333333333334,6.67e+18
3526,Mg,12333.333333333334,6.67e+18
3527,Mn,12333.333333333334,6.67e+18
3528,Mo,12333.333333333334,6.67e+18
3529,N,12333.333333333334,6.67e+18
3530,Na,12333.333333333334,6.67e+18
3531,Nd,12333.333333333334,6.67e+18
3532,Ni,12333.333333333334,6.67e+18
3533,O,12333.333333333334,6.67e+18
3534,P,12333.333333333334,6.67e+18
3535,Pb,12333.333333333334,6.67e+18
3536,Pr,12333.333333333334,6.67e+18
3537,Pt,12333.333333333334,6.67e+18
3538,S,12333.333333333334,6.67e+18
3539,Si,12333.333333333334,6.67e+18
3540,Sm,12333.333333333334,6.67e+18
3541,Sn,12333.333333333334,6.67e+18
3542,Sr,12333.333333333334,6.67e+18
3543,Ta,12333.333333333334,6.67e+18
3544,Tb,12333.333333333334,6.67e+18
3545,Ti,12333.333333333334,6.67e+18
3546,V,12333.333333333334,6.67e+18
3547,W,12333.333333333334,6.67e+18
3548,Y,12333.333333333334,6.67e+18
3549,Yb,12333.333333333334,6.67e+18
3550,Zn,12333.333333333334,6.67e+18
3551,Ag,12333.333333333334,7.78e+18
3552,Al,12333.333333333334,7.78e+18
3553,Ar,12333.333333333334,7.78e+18
3554,As,12333.333333333334,7.78e+18
3555,Au,12333.333333333334,7.78e+18
3556,B,12333.333333333334,7.78e+18
3557,Ba,12333.333333333334,7.78e+18
3558,Be,12333.333333333334,7.78e+18
3559,C,12333.333333333334,7.78e+18
3560,Ca,12333.333333333334,7.78e+18
3561,Cd,12333.333333333334,7.78e+18
3562,Ce,12333.333333333334,7.78e+18
3563,Cl,12333.333333333334,7.78e+18
3564,Co,12333.333333333334,7.78e+18
3565,Cr,12333.333333333334,7.78e+18
3566,Cu,12333.333333333334,7.78e+18
3567,Dy,12333.333333333334,7.78e+18
3568,Er,12333.333333333334,7.78e+18
3569,F,12333.333333333334,7.78e+18
3570,Fe,12333.333333333334,7.78e+18
3571,Gd,12333.333333333334,7.78e+18
3572,He,12333.333333333334,7.78e+18
3573,Hg,12333.333333333334,7.78e+18
3574,Ho,12333.333333333334,7.78e+18
3575,K,12333.333333333334,7.78e+18
3576,La,12333.333333333334,7.78e+18
3577,Li,12333.333333333334,7.78e+18
3578,Lu,12333.333333333334,7.78e+18
3579,Mg,12333.333333333334,7.78e+18
3580,Mn,12333.333333333334,7.78e+18
3581,Mo,12333.333333333334,7.78e+18
3582,N,12333.333333333334,7.78e+18
3583,Na,12333.333333333334,7.78e+18
3584,Nd,12333.333333333334,7.78e+18
3585,Ni,12333.333333333334,7.78e+18
3586,O,12333.333333333334,7.78e+18
3587,P,12333.333333333334,7.78e+18
3588,Pb,12333.333333333334,7.78e+18
3589,Pr,12333.333333333334,7.78e+18
3590,Pt,12333.333333333334,7.78e+18
3591,S,12333.333333333334,7.78e+18
3592,Si,12333.333333333334,7.78e+18
3593,Sm,12333.333333333334,7.78e+18
3594,Sn,12333.333333333334,7.78e+18
3595,Sr,12333.333333333334,7.78e+18
3596,Ta,12333.333333333334,7.78e+18
3597,Tb,12333.333333333334,7.78e+18
3598,Ti,12333.333333333334,7.78e+18
3599,V,12333.333333333334,7.78e+18
3600,W,12333.333333333334,7.78e+18
3601,Y,12333.333333333334,7.78e+18
3602,Yb,12333.333333333334,7.78e+18
3603,Zn,12333.333333333334,7.78e+18
3604,Ag,12333.333333333334,8.89e+18
3605,Al,12333.333333333334,8.89e+18
3606,Ar,12333.333333333334,8.89e+18
3607,As,12333.333333333334,8.89e+18
3608,Au,12333.333333333334,8.89e+18
3609,B,12333.333333333334,8.89e+18
3610,Ba,12333.333333333334,8.89e+18
3611,Be,12333.333333333334,8.89e+18
3612,C,12333.333333333334,8.89e+18
3613,Ca,12333.333333333334,8.89e+18
3614,Cd,12333.333333333334,8.89e+18
3615,Ce,12333.333333333334,8.89e+18
3616,Cl,12333.333333333334,8.89e+18
3617,Co,12333.333333333334,8.89e+18
3618,Cr,12333.333333333334,8.89e+18
3619,Cu,12333.333333333334,8.89e+18
3620,Dy,12333.333333333334,8.89e+18
3621,Er,12333.333333333334,8.89e+18
3622,F,12333.333333333334,8.89e+18
3623,Fe,12333.333333333334,8.89e+18
3624,Gd,12333.333333333334,8.89e+18
3625,He,12333.333333333334,8.89e+18
3626,Hg,12333.333333333334,8.89e+18
3627,Ho,12333.333333333334,8.89e+18
3628,K,12333.333333333334,8.89e+18
3629,La,12333.333333333334,8.89e+18
3630,Li,12333.333333333334,8.89e+18
3631,Lu,12333.333333333334,8.89e+18
3632,Mg,12333.333333333334,8.89e+18
3633,Mn,12333.333333333334,8.89e+18
3634,Mo,12333.333333333334,8.89e+18
3635,N,12333.333333333334,8.89e+18
3636,Na,12333.333333333334,8.89e+18
3637,Nd,12333.333333333334,8.89e+18
3638,Ni,12333.333333333334,8.89e+18
3639,O,12333.333333333334,8.89e+18
3640,P,12333.333333333334,8.89e+18
3641,Pb,12333.333333333334,8.89e+18
3642,Pr,12333.333333333334,8.89e+18
3643,Pt,12333.333333333334,8.89e+18
3644,S,12333.333333333334,8.89e+18
3645,Si,12333.333333333334,8.89e+18
3646,Sm,12333.333333333334,8.89e+18
3647,Sn,12333.333333333334,8.89e+18
3648,Sr,12333.333333333334,8.89e+18
3649,Ta,12333.333333333334,8.89e+18
3650,Tb,12333.333333333334,8.89e+18
3651,Ti,12333.333333333334,8.89e+18
3652,V,12333.333333333334,8.89e+18
3653,W,12333.333333333334,8.89e+18
3654,Y,12333.333333333334,8.89e+18
3655,Yb,12333.333333333334,8.89e+18
3656,Zn,12333.333333333334,8.89e+18
3657,Ag,12333.333333333334,1e+19
3658,Al,12333.333333333334,1e+19
3659,Ar,12333.333333333334,1e+19
3660,As,12333.333333333334,1e+19
3661,Au,12333.333333333334,1e+19
3662,B,12333.333333333334,1e+19
3663,Ba,12333.333333333334,1e+19
3664,Be,12333.333333333334,1e+19
3665,C,12333.333333333334,1e+19
3666,Ca,12333.333333333334,1e+19
3667,Cd,12333.333333333334,1e+19
3668,Ce,12333.333333333334,1e+19
3669,Cl,12333.333333333334,1e+19
3670,Co,12333.333333333334,1e+19
3671,Cr,12333.333333333334,1e+19
3672,Cu,12333.333333333334,1e+19
3673,Dy,12333.333333333334,1e+19
3674,Er,12333.333333333334,1e+19
3675,F,12333.333333333334,1e+19
3676,Fe,12333.333333333334,1e+19
3677,Gd,12333.333333333334,1e+19
3678,He,12333.333333333334,1e+19
3679,Hg,12333.333333333334,1e+19
3680,Ho,12333.333333333334,1e+19
3681,K,12333.333333333334,1e+19
3682,La,12333.333333333334,1e+19
3683,Li,12333.333333333334,1e+19
3684,Lu,12333.333333333334,1e+19
3685,Mg,12333.333333333334,1e+19
3686,Mn,12333.333333333334,1e+19
3687,Mo,12333.333333333334,1e+19
3688,N,12333.333333333334,1e+19
3689,Na,12333.333333333334,1e+19
3690,Nd,12333.333333333334,1e+19
3691,Ni,12333.333333333334,1e+19
3692,O,12333.333333333334,1e+19
3693,P,12333.333333333334,1e+19
3694,Pb,12333.333333333334,1e+19
3695,Pr,12333.333333333334,1e+19
3696,Pt,12333.333333333334,1e+19
3697,S,12333.333333333334,1e+19
3698,Si,12333.333333333334,1e+19
3699,Sm,12333.333333333334,1e+19
3700,Sn,12333.333333333334,1e+19
3701,Sr,12333.333333333334,1e+19
3702,Ta,12333.333333333334,1e+19
3703,Tb,12333.333333333334,1e+19
3704,Ti,12333.333333333334,1e+19
3705,V,12333.333333333334,1e+19
3706,W,12333.333333333334,1e+19
3707,Y,12333.333333333334,1e+19
3708,Yb,12333.333333333334,1e+19
3709,Zn,12333.333333333334,1e+19
3710,Ag,13222.222222222223,1e+16
3711,Al,13222.222222222223,1e+16
3712,Ar,13222.222222222223,1e+16
3713,As,13222.222222222223,1e+16
3714,Au,13222.222222222223,1e+16
3715,B,13222.222222222223,1e+16
3716,Ba,13222.222222222223,1e+16
3717,Be,13222.222222222223,1e+16
3718,C,13222.222222222223,1e+16
3719,Ca,13222.222222222223,1e+16
3720,Cd,13222.222222222223,1e+16
3721,Ce,13222.222222222223,1e+16
3722,Cl,13222.222222222223,1e+16
3723,Co,13222.222222222223,1e+16
3724,Cr,13222.222222222223,1e+16
3725,Cu,13222.222222222223,1e+16
3726,Dy,13222.222222222223,1e+16
3727,Er,13222.222222222223,1e+16
3728,F,13222.222222222223,1e+16
3729,Fe,13222.222222222223,1e+16
3730,Gd,13222.222222222223,1e+16
3731,He,13222.222222222223,1e+16
3732,Hg,13222.222222222223,1e+16
3733,Ho,13222.222222222223,1e+16
3734,K,13222.222222222223,1e+16
3735,La,13222.222222222223,1e+16
3736,Li,13222.222222222223,1e+16
3737,Lu,13222.222222222223,1e+16
3738,Mg,13222.222222222223,1e+16
3739,Mn,13222.222222222223,1e+16
3740,Mo,13222.222222222223,1e+16
3741,N,13222.222222222223,1e+16
3742,Na,13222.222222222223,1e+16
3743,Nd,13222.222222222223,1e+16
3744,Ni,13222.222222222223,1e+16
3745,O,13222.222222222223,1e+16
3746,P,13222.222222222223,1e+16
3747,Pb,13222.222222222223,1e+16
3748,Pr,13222.222222222223,1e+16
3749,Pt,13222.222222222223,1e+16
3750,S,13222.222222222223,1e+16
3751,Si,13222.222222222223,1e+16
3752,Sm,13222.222222222223,1e+16
3753,Sn,13222.222222222223,1e+16
3754,Sr,13222.222222222223,1e+16
3755,Ta,13222.222222222223,1e+16
3756,Tb,13222.222222222223,1e+16
3757,Ti,13222.222222222223,1e+16
3758,V,13222.222222222223,1e+16
3759,W,13222.222222222223,1e+16
3760,Y,13222.222222222223,1e+16
3761,Yb,13222.222222222223,1e+16
3762,Zn,13222.222222222223,1e+16
3763,Ag,13222.222222222223,1.12e+18
3764,Al,13222.222222222223,1.12e+18
3765,Ar,13222.222222222223,1.12e+18
3766,As,13222.222222222223,1.12e+18
3767,Au,13222.222222222223,1.12e+18
3768,B,13222.222222222223,1.12e+18
3769,Ba,13222.222222222223,1.12e+18
3770,Be,13222.222222222223,1.12e+18
3771,C,13222.222222222223,1.12e+18
3772,Ca,13222.222222222223,1.12e+18
3773,Cd,13222.222222222223,1.12e+18
3774,Ce,13222.222222222223,1.12e+18
3775,Cl,13222.222222222223,1.12e+18
3776,Co,13222.222222222223,1.12e+18
3777,Cr,13222.222222222223,1.12e+18
3778,Cu,13222.222222222223,1.12e+18
3779,Dy,13222.222222222223,1.12e+18
3780,Er,13222.222222222223,1.12e+18
3781,F,13222.222222222223,1.12e+18
3782,Fe,13222.222222222223,1.12e+18
3783,Gd,13222.222222222223,1.12e+18
3784,He,13222.222222222223,1.12e+18
3785,Hg,13222.222222222223,1.12e+18
3786,Ho,13222.222222222223,1.12e+18
3787,K,13222.222222222223,1.12e+18
3788,La,13222.222222222223,1.12e+18
3789,Li,13222.222222222223,1.12e+18
3790,Lu,13222.222222222223,1.12e+18
3791,Mg,13222.222222222223,1.12e+18
3792,Mn,13222.222222222223,1.12e+18
3793,Mo,13222.222222222223,1.12e+18
3794,N,13222.222222222223,1.12e+18
3795,Na,13222.222222222223,1.12e+18
3796,Nd,13222.222222222223,1.12e+18
3797,Ni,13222.222222222223,1.12e+18
3798,O,13222.222222222223,1.12e+18
3799,P,13222.222222222223,1.12e+18
3800,Pb,13222.222222222223,1.12e+18
3801,Pr,13222.222222222223,1.12e+18
3802,Pt,13222.222222222223,1.12e+18
3803,S,13222.222222222223,1.12e+18
3804,Si,13222.222222222223,1.12e+18
3805,Sm,13222.222222222223,1.12e+18
3806,Sn,13222.222222222223,1.12e+18
3807,Sr,13222.222222222223,1.12e+18
3808,Ta,13222.222222222223,1.12e+18
3809,Tb,13222.222222222223,1.12e+18
3810,Ti,13222.222222222223,1.12e+18
3811,V,13222.222222222223,1.12e+18
3812,W,13222.222222222223,1.12e+18
3813,Y,13222.222222222223,1.12e+18
3814,Yb,13222.222222222223,1.12e+18
3815,Zn,13222.222222222223,1.12e+18
3816,Ag,13222.222222222223,2.23e+18
3817,Al,13222.222222222223,2.23e+18
3818,Ar,13222.222222222223,2.23e+18
3819,As,13222.222222222223,2.23e+18
3820,Au,13222.222222222223,2.23e+18
3821,B,13222.222222222223,2.23e+18
3822,Ba,13222.222222222223,2.23e+18
3823,Be,13222.222222222223,2.23e+18
3824,C,13222.222222222223,2.23e+18
3825,Ca,13222.222222222223,2.23e+18
3826,Cd,13222.222222222223,2.23e+18
3827,Ce,13222.222222222223,2.23e+18
3828,Cl,13222.222222222223,2.23e+18
3829,Co,13222.222222222223,2.23e+18
3830,Cr,13222.222222222223,2.23e+18
3831,Cu,13222.222222222223,2.23e+18
3832,Dy,13222.222222222223,2.23e+18
3833,Er,13222.222222222223,2.23e+18
3834,F,13222.222222222223,2.23e+18
3835,Fe,13222.222222222223,2.23e+18
3836,Gd,13222.222222222223,2.23e+18
3837,He,13222.222222222223,2.23e+18
3838,Hg,13222.222222222223,2.23e+18
3839,Ho,13222.222222222223,2.23e+18
3840,K,13222.222222222223,2.23e+18
3841,La,13222.222222222223,2.23e+18
3842,Li,13222.222222222223,2.23e+18
3843,Lu,13222.222222222223,2.23e+18
3844,Mg,13222.222222222223,2.23e+18
3845,Mn,13222.222222222223,2.23e+18
3846,Mo,13222.222222222223,2.23e+18
3847,N,13222.222222222223,2.23e+18
3848,Na,13222.222222222223,2.23e+18
3849,Nd,13222.222222222223,2.23e+18
3850,Ni,13222.222222222223,2.23e+18
3851,O,13222.222222222223,2.23e+18
3852,P,13222.222222222223,2.23e+18
3853,Pb,13222.222222222223,2.23e+18
3854,Pr,13222.222222222223,2.23e+18
3855,Pt,13222.222222222223,2.23e+18
3856,S,13222.222222222223,2.23e+18
3857,Si,13222.222222222223,2.23e+18
3858,Sm,13222.222222222223,2.23e+18
3859,Sn,13222.222222222223,2.23e+18
3860,Sr,13222.222222222223,2.23e+18
3861,Ta,13222.222222222223,2.23e+18
3862,Tb,13222.222222222223,2.23e+18
3863,Ti,13222.222222222223,2.23e+18
3864,V,13222.222222222223,2.23e+18
3865,W,13222.222222222223,2.23e+18
3866,Y,13222.222222222223,2.23e+18
3867,Yb,13222.222222222223,2.23e+18
3868,Zn,13222.222222222223,2.23e+18
3869,Ag,13222.222222222223,3.34e+18
3870,Al,13222.222222222223,3.34e+18
3871,Ar,13222.222222222223,3.34e+18
3872,As,13222.222222222223,3.34e+18
3873,Au,13222.222222222223,3.34e+18
3874,B,13222.222222222223,3.34e+18
3875,Ba,13222.222222222223,3.34e+18
3876,Be,13222.222222222223,3.34e+18
3877,C,13222.222222222223,3.34e+18
3878,Ca,13222.222222222223,3.34e+18
3879,Cd,13222.222222222223,3.34e+18
3880,Ce,13222.222222222223,3.34e+18
3881,Cl,13222.222222222223,3.34e+18
3882,Co,13222.222222222223,3.34e+18
3883,Cr,13222.222222222223,3.34e+18
3884,Cu,13222.222222222223,3.34e+18
3885,Dy,13222.222222222223,3.34e+18
3886,Er,13222.222222222223,3.34e+18
3887,F,13222.222222222223,3.34e+18
3888,Fe,13222.222222222223,3.34e+18
3889,Gd,13222.222222222223,3.34e+18
3890,He,13222.222222222223,3.34e+18
3891,Hg,13222.222222222223,3.34e+18
3892,Ho,13222.222222222223,3.34e+18
3893,K,13222.222222222223,3.34e+18
3894,La,13222.222222222223,3.34e+18
3895,Li,13222.222222222223,3.34e+18
3896,Lu,13222.222222222223,3.34e+18
3897,Mg,13222.222222222223,3.34e+18
3898,Mn,13222.222222222223,3.34e+18
3899,Mo,13222.222222222223,3.34e+18
3900,N,13222.222222222223,3.34e+18
3901,Na,13222.222222222223,3.34e+18
3902,Nd,13222.222222222223,3.34e+18
3903,Ni,13222.222222222223,3.34e+18
3904,O,13222.222222222223,3.34e+18
3905,P,13222.222222222223,3.34e+18
3906,Pb,13222.222222222223,3.34e+18
3907,Pr,13222.222222222223,3.34e+18
3908,Pt,13222.222222222223,3.34e+18
3909,S,13222.222222222223,3.34e+18
3910,Si,13222.222222222223,3.34e+18
3911,Sm,13222.222222222223,3.34e+18
3912,Sn,13222.222222222223,3.34e+18
3913,Sr,13222.222222222223,3.34e+18
3914,Ta,13222.222222222223,3.34e+18
3915,Tb,13222.222222222223,3.34e+18
3916,Ti,13222.222222222223,3.34e+18
3917,V,13222.222222222223,3.34e+18
3918,W,13222.222222222223,3.34e+18
3919,Y,13222.222222222223,3.34e+18
3920,Yb,13222.222222222223,3.34e+18
3921,Zn,13222.222222222223,3.34e+18
3922,Ag,13222.222222222223,4.45e+18
3923,Al,13222.222222222223,4.45e+18
3924,Ar,13222.222222222223,4.45e+18
3925,As,13222.222222222223,4.45e+18
3926,Au,13222.222222222223,4.45e+18
3927,B,13222.222222222223,4.45e+18
3928,Ba,13222.222222222223,4.45e+18
3929,Be,13222.222222222223,4.45e+18
3930,C,13222.222222222223,4.45e+18
3931,Ca,13222.222222222223,4.45e+18
3932,Cd,13222.222222222223,4.45e+18
3933,Ce,13222.222222222223,4.45e+18
3934,Cl,13222.222222222223,4.45e+18
3935,Co,13222.222222222223,4.45e+18
3936,Cr,13222.222222222223,4.45e+18
3937,Cu,13222.222222222223,4.45e+18
3938,Dy,13222.222222222223,4.45e+18
3939,Er,13222.222222222223,4.45e+18
3940,F,13222.222222222223,4.45e+18
3941,Fe,13222.222222222223,4.45e+18
3942,Gd,13222.222222222223,4.45e+18
3943,He,13222.222222222223,4.45e+18
3944,Hg,13222.222222222223,4.45e+18
3945,Ho,13222.222222222223,4.45e+18
3946,K,13222.222222222223,4.45e+18
3947,La,13222.222222222223,4.45e+18
3948,Li,13222.222222222223,4.45e+18
3949,Lu,13222.222222222223,4.45e+18
3950,Mg,13222.222222222223,4.45e+18
3951,Mn,13222.222222222223,4.45e+18
3952,Mo,13222.222222222223,4.45e+18
3953,N,13222.222222222223,4.45e+18
3954,Na,13222.222222222223,4.45e+18
3955,Nd,13222.222222222223,4.45e+18
3956,Ni,13222.222222222223,4.45e+18
3957,O,13222.222222222223,4.45e+18
3958,P,13222.222222222223,4.45e+18
3959,Pb,13222.222222222223,4.45e+18
3960,Pr,13222.222222222223,4.45e+18
3961,Pt,13222.222222222223,4.45e+18
3962,S,13222.222222222223,4.45e+18
3963,Si,13222.222222222223,4.45e+18
3964,Sm,13222.222222222223,4.45e+18
3965,Sn,13222.222222222223,4.45e+18
3966,Sr,13222.222222222223,4.45e+18
3967,Ta,13222.222222222223,4.45e+18
3968,Tb,13222.222222222223,4.45e+18
3969,Ti,13222.222222222223,4.45e+18
3970,V,13222.222222222223,4.45e+18
3971,W,13222.222222222223,4.45e+18
3972,Y,13222.222222222223,4.45e+18
3973,Yb,13222.222222222223,4.45e+18
3974,Zn,13222.222222222223,4.45e+18
3975,Ag,13222.222222222223,5.56e+18
3976,Al,13222.222222222223,5.56e+18
3977,Ar,13222.222222222223,5.56e+18
3978,As,13222.222222222223,5.56e+18
3979,Au,13222.222222222223,5.56e+18
3980,B,13222.222222222223,5.56e+18
3981,Ba,13222.222222222223,5.56e+18
3982,Be,13222.222222222223,5.56e+18
3983,C,13222.222222222223,5.56e+18
3984,Ca,13222.222222222223,5.56e+18
3985,Cd,13222.222222222223,5.56e+18
3986,Ce,13222.222222222223,5.56e+18
3987,Cl,13222.222222222223,5.56e+18
3988,Co,13222.222222222223,5.56e+18
3989,Cr,13222.222222222223,5.56e+18
3990,Cu,13222.222222222223,5.56e+18
3991,Dy,13222.222222222223,5.56e+18
3992,Er,13222.222222222223,5.56e+18
3993,F,13222.222222222223,5.56e+18
3994,Fe,13222.222222222223,5.56e+18
3995,Gd,13222.222222222223,5.56e+18
3996,He,13222.222222222223,5.56e+18
3997,Hg,13222.222222222223,5.56e+18
3998,Ho,13222.222222222223,5.56e+18
3999,K,13222.222222222223,5.56e+18
4000,La,13222.222222222223,5.56e+18
4001,Li,13222.222222222223,5.56e+18
4002,Lu,13222.222222222223,5.56e+18
4003,Mg,13222.222222222223,5.56e+18
4004,Mn,13222.222222222223,5.56e+18
4005,Mo,13222.222222222223,5.56e+18
4006,N,13222.222222222223,5.56e+18
4007,Na,13222.222222222223,5.56e+18
4008,Nd,13222.222222222223,5.56e+18
4009,Ni,13222.222222222223,5.56e+18
4010,O,13222.222222222223,5.56e+18
4011,P,13222.222222222223,5.56e+18
4012,Pb,13222.222222222223,5.56e+18
4013,Pr,13222.222222222223,5.56e+18
4014,Pt,13222.222222222223,5.56e+18
4015,S,13222.222222222223,5.56e+18
4016,Si,13222.222222222223,5.56e+18
4017,Sm,13222.222222222223,5.56e+18
4018,Sn,13222.222222222223,5.56e+18
4019,Sr,13222.222222222223,5.56e+18
4020,Ta,13222.222222222223,5.56e+18
4021,Tb,13222.222222222223,5.56e+18
4022,Ti,13222.222222222223,5.56e+18
4023,V,13222.222222222223,5.56e+18
4024,W,13222.222222222223,5.56e+18
4025,Y,13222.222222222223,5.56e+18
4026,Yb,13222.222222222223,5.56e+18
4027,Zn,13222.222222222223,5.56e+18
4028,Ag,13222.222222222223,6.67e+18
4029,Al,13222.222222222223,6.67e+18
4030,Ar,13222.222222222223,6.67e+18
4031,As,13222.222222222223,6.67e+18
4032,Au,13222.222222222223,6.67e+18
4033,B,13222.222222222223,6.67e+18
4034,Ba,13222.222222222223,6.67e+18
4035,Be,13222.222222222223,6.67e+18
4036,C,13222.222222222223,6.67e+18
4037,Ca,13222.222222222223,6.67e+18
4038,Cd,13222.222222222223,6.67e+18
4039,Ce,13222.222222222223,6.67e+18
4040,Cl,13222.222222222223,6.67e+18
4041,Co,13222.222222222223,6.67e+18
4042,Cr,13222.222222222223,6.67e+18
4043,Cu,13222.222222222223,6.67e+18
4044,Dy,13222.222222222223,6.67e+18
4045,Er,13222.222222222223,6.67e+18
4046,F,13222.222222222223,6.67e+18
4047,Fe,13222.222222222223,6.67e+18
4048,Gd,13222.222222222223,6.67e+18
4049,He,13222.222222222223,6.67e+18
4050,Hg,13222.222222222223,6.67e+18
4051,Ho,13222.222222222223,6.67e+18
4052,K,13222.222222222223,6.67e+18
4053,La,13222.222222222223,6.67e+18
4054,Li,13222.222222222223,6.67e+18
4055,Lu,13222.222222222223,6.67e+18
4056,Mg,13222.222222222223,6.67e+18
4057,Mn,13222.222222222223,6.67e+18
4058,Mo,13222.222222222223,6.67e+18
4059,N,13222.222222222223,6.67e+18
4060,Na,13222.222222222223,6.67e+18
4061,Nd,13222.222222222223,6.67e+18
4062,Ni,13222.222222222223,6.67e+18
4063,O,13222.222222222223,6.67e+18
4064,P,13222.222222222223,6.67e+18
4065,Pb,13222.222222222223,6.67e+18
4066,Pr,13222.222222222223,6.67e+18
4067,Pt,13222.222222222223,6.67e+18
4068,S,13222.222222222223,6.67e+18
4069,Si,13222.222222222223,6.67e+18
4070,Sm,13222.222222222223,6.67e+18
4071,Sn,13222.222222222223,6.67e+18
4072,Sr,13222.222222222223,6.67e+18
4073,Ta,13222.222222222223,6.67e+18
4074,Tb,13222.222222222223,6.67e+18
4075,Ti,13222.222222222223,6.67e+18
4076,V,13222.222222222223,6.67e+18
4077,W,13222.222222222223,6.67e+18
4078,Y,13222.222222222223,6.67e+18
4079,Yb,13222.222222222223,6.67e+18
4080,Zn,13222.222222222223,6.67e+18
4081,Ag,13222.222222222223,7.78e+18
4082,Al,13222.222222222223,7.78e+18
4083,Ar,13222.222222222223,7.78e+18
4084,As,13222.222222222223,7.78e+18
4085,Au,13222.222222222223,7.78e+18
4086,B,13222.222222222223,7.78e+18
4087,Ba,13222.222222222223,7.78e+18
4088,Be,13222.222222222223,7.78e+18
4089,C,13222.222222222223,7.78e+18
4090,Ca,13222.222222222223,7.78e+18
4091,Cd,13222.222222222223,7.78e+18
4092,Ce,13222.222222222223,7.78e+18
4093,Cl,13222.222222222223,7.78e+18
4094,Co,13222.222222222223,7.78e+18
4095,Cr,13222.222222222223,7.78e+18
4096,Cu,13222.222222222223,7.78e+18
4097,Dy,13222.222222222223,7.78e+18
4098,Er,13222.222222222223,7.78e+18
4099,F,13222.222222222223,7.78e+18
4100,Fe,13222.222222222223,7.78e+18
4101,Gd,13222.222222222223,7.78e+18
4102,He,13222.222222222223,7.78e+18
4103,Hg,13222.222222222223,7.78e+18
4104,Ho,13222.222222222223,7.78e+18
4105,K,13222.222222222223,7.78e+18
4106,La,13222.222222222223,7.78e+18
4107,Li,13222.222222222223,7.78e+18
4108,Lu,13222.222222222223,7.78e+18
4109,Mg,13222.222222222223,7.78e+18
4110,Mn,13222.222222222223,7.78e+18
4111,Mo,13222.222222222223,7.78e+18
4112,N,13222.222222222223,7.78e+18
4113,Na,13222.222222222223,7.78e+18
4114,Nd,13222.222222222223,7.78e+18
4115,Ni,13222.222222222223,7.78e+18
4116,O,13222.222222222223,7.78e+18
4117,P,13222.222222222223,7.78e+18
4118,Pb,13222.222222222223,7.78e+18
4119,Pr,13222.222222222223,7.78e+18
4120,Pt,13222.222222222223,7.78e+18
4121,S,13222.222222222223,7.78e+18
4122,Si,13222.222222222223,7.78e+18
4123,Sm,13222.222222222223,7.78e+18
4124,Sn,13222.222222222223,7.78e+18
4125,Sr,13222.222222222223,7.78e+18
4126,Ta,13222.222222222223,7.78e+18
4127,Tb,13222.222222222223,7.78e+18
4128,Ti,13222.222222222223,7.78e+18
4129,V,13222.222222222223,7.78e+18
4130,W,13222.222222222223,7.78e+18
4131,Y,13222.222222222223,7.78e+18
4132,Yb,13222.222222222223,7.78e+18
4133,Zn,13222.222222222223,7.78e+18
4134,Ag,13222.222222222223,8.89e+18
4135,Al,13222.222222222223,8.89e+18
4136,Ar,13222.222222222223,8.89e+18
4137,As,13222.222222222223,8.89e+18
4138,Au,13222.222222222223,8.89e+18
4139,B,13222.222222222223,8.89e+18
4140,Ba,13222.222222222223,8.89e+18
4141,Be,13222.222222222223,8.89e+18
4142,C,13222.222222222223,8.89e+18
4143,Ca,13222.222222222223,8.89e+18
4144,Cd,13222.222222222223,8.89e+18
4145,Ce,13222.222222222223,8.89e+18
4146,Cl,13222.222222222223,8.89e+18
4147,Co,13222.222222222223,8.89e+18
4148,Cr,13222.222222222223,8.89e+18
4149,Cu,13222.222222222223,8.89e+18
4150,Dy,13222.222222222223,8.89e+18
4151,Er,13222.222222222223,8.89e+18
4152,F,13222.222222222223,8.89e+18
4153,Fe,13222.222222222223,8.89e+18
4154,Gd,13222.222222222223,8.89e+18
4155,He,13222.222222222223,8.89e+18
4156,Hg,13222.222222222223,8.89e+18
4157,Ho,13222.222222222223,8.89e+18
4158,K,13222.222222222223,8.89e+18
4159,La,13222.222222222223,8.89e+18
4160,Li,13222.222222222223,8.89e+18
4161,Lu,13222.222222222223,8.89e+18
4162,Mg,13222.222222222223,8.89e+18
4163,Mn,13222.222222222223,8.89e+18
4164,Mo,13222.222222222223,8.89e+18
4165,N,13222.222222222223,8.89e+18
4166,Na,13222.222222222223,8.89e+18
4167,Nd,13222.222222222223,8.89e+18
4168,Ni,13222.222222222223,8.89e+18
4169,O,13222.222222222223,8.89e+18
4170,P,13222.222222222223,8.89e+18
4171,Pb,13222.222222222223,8.89e+18
4172,Pr,13222.222222222223,8.89e+18
4173,Pt,13222.222222222223,8.89e+18
4174,S,13222.222222222223,8.89e+18
4175,Si,13222.222222222223,8.89e+18
4176,Sm,13222.222222222223,8.89e+18
4177,Sn,13222.222222222223,8.89e+18
4178,Sr,13222.222222222223,8.89e+18
4179,Ta,13222.222222222223,8.89e+18
4180,Tb,13222.222222222223,8.89e+18
4181,Ti,13222.222222222223,8.89e+18
4182,V,13222.222222222223,8.89e+18
4183,W,13222.222222222223,8.89e+18
4184,Y,13222.222222222223,8.89e+18
4185,Yb,13222.222222222223,8.89e+18
4186,Zn,13222.222222222223,8.89e+18
4187,Ag,13222.222222222223,1e+19
4188,Al,13222.222222222223,1e+19
4189,Ar,13222.222222222223,1e+19
4190,As,13222.222222222223,1e+19
4191,Au,13222.222222222223,1e+19
4192,B,13222.222222222223,1e+19
4193,Ba,13222.222222222223,1e+19
4194,Be,13222.222222222223,1e+19
4195,C,13222.222222222223,1e+19
4196,Ca,13222.222222222223,1e+19
4197,Cd,13222.222222222223,1e+19
4198,Ce,13222.222222222223,1e+19
4199,Cl,13222.222222222223,1e+19
4200,Co,13222.222222222223,1e+19
4201,Cr,13222.222222222223,1e+19
4202,Cu,13222.222222222223,1e+19
4203,Dy,13222.222222222223,1e+19
4204,Er,13222.222222222223,1e+19
4205,F,13222.222222222223,1e+19
4206,Fe,13222.222222222223,1e+19
4207,Gd,13222.222222222223,1e+19
4208,He,13222.222222222223,1e+19
4209,Hg,13222.222222222223,1e+19
4210,Ho,13222.222222222223,1e+19
4211,K,13222.222222222223,1e+19
4212,La,13222.222222222223,1e+19
4213,Li,13222.222222222223,1e+19
4214,Lu,13222.222222222223,1e+19
4215,Mg,13222.222222222223,1e+19
4216,Mn,13222.222222222223,1e+19
4217,Mo,13222.222222222223,1e+19
4218,N,13222.222222222223,1e+19
4219,Na,13222.222222222223,1e+19
4220,Nd,13222.222222222223,1e+19
4221,Ni,13222.222222222223,1e+19
4222,O,13222.222222222223,1e+19
4223,P,13222.222222222223,1e+19
4224,Pb,13222.222222222223,1e+19
4225,Pr,13222.222222222223,1e+19
4226,Pt,13222.222222222223,1e+19
4227,S,13222.222222222223,1e+19
4228,Si,13222.222222222223,1e+19
4229,Sm,13222.222222222223,1e+19
4230,Sn,13222.222222222223,1e+19
4231,Sr,13222.222222222223,1e+19
4232,Ta,13222.222222222223,1e+19
4233,Tb,13222.222222222223,1e+19
4234,Ti,13222.222222222223,1e+19
4235,V,13222.222222222223,1e+19
4236,W,13222.222222222223,1e+19
4237,Y,13222.222222222223,1e+19
4238,Yb,13222.222222222223,1e+19
4239,Zn,13222.222222222223,1e+19
4240,Ag,14111.111111111111,1e+16
4241,Al,14111.111111111111,1e+16
4242,Ar,14111.111111111111,1e+16
4243,As,14111.111111111111,1e+16
4244,Au,14111.111111111111,1e+16
4245,B,14111.111111111111,1e+16
4246,Ba,14111.111111111111,1e+16
4247,Be,14111.111111111111,1e+16
4248,C,14111.111111111111,1e+16
4249,Ca,14111.111111111111,1e+16
4250,Cd,14111.111111111111,1e+16
4251,Ce,14111.111111111111,1e+16
4252,Cl,14111.111111111111,1e+16
4253,Co,14111.111111111111,1e+16
4254,Cr,14111.111111111111,1e+16
4255,Cu,14111.111111111111,1e+16
4256,Dy,14111.111111111111,1e+16
4257,Er,14111.111111111111,1e+16
4258,F,14111.111111111111,1e+16
4259,Fe,14111.111111111111,1e+16
4260,Gd,14111.111111111111,1e+16
4261,He,14111.111111111111,1e+16
4262,Hg,14111.111111111111,1e+16
4263,Ho,14111.111111111111,1e+16
4264,K,14111.111111111111,1e+16
4265,La,14111.111111111111,1e+16
4266,Li,14111.111111111111,1e+16
4267,Lu,14111.111111111111,1e+16
4268,Mg,14111.111111111111,1e+16
4269,Mn,14111.111111111111,1e+16
4270,Mo,14111.111111111111,1e+16
4271,N,14111.111111111111,1e+16
4272,Na,14111.111111111111,1e+16
4273,Nd,14111.111111111111,1e+16
4274,Ni,14111.111111111111,1e+16
4275,O,14111.111111111111,1e+16
4276,P,14111.111111111111,1e+16
4277,Pb,14111.111111111111,1e+16
4278,Pr,14111.111111111111,1e+16
4279,Pt,14111.111111111111,1e+16
4280,S,14111.111111111111,1e+16
4281,Si,14111.111111111111,1e+16
4282,Sm,14111.111111111111,1e+16
4283,Sn,14111.111111111111,1e+16
4284,Sr,14111.111111111111,1e+16
4285,Ta,14111.111111111111,1e+16
4286,Tb,14111.111111111111,1e+16
4287,Ti,14111.111111111111,1e+16
4288,V,14111.111111111111,1e+16
4289,W,14111.111111111111,1e+16
4290,Y,14111.111111111111,1e+16
4291,Yb,14111.111111111111,1e+16
4292,Zn,14111.111111111111,1e+16
4293,Ag,14111.111111111111,1.12e+18
4294,Al,14111.111111111111,1.12e+18
4295,Ar,14111.111111111111,1.12e+18
4296,As,14111.111111111111,1.12e+18
4297,Au,14111.111111111111,1.12e+18
4298,B,14111.111111111111,1.12e+18
4299,Ba,14111.111111111111,1.12e+18
4300,Be,14111.111111111111,1.12e+18
4301,C,14111.111111111111,1.12e+18
4302,Ca,14111.111111111111,1.12e+18
4303,Cd,14111.111111111111,1.12e+18
4304,Ce,14111.111111111111,1.12e+18
4305,Cl,14111.111111111111,1.12e+18
4306,Co,14111.111111111111,1.12e+18
4307,Cr,14111.111111111111,1.12e+18
4308,Cu,14111.111111111111,1.12e+18
4309,Dy,14111.111111111111,1.12e+18
4310,Er,14111.111111111111,1.12e+18
4311,F,14111.111111111111,1.12e+18
4312,Fe,14111.111111111111,1.12e+18
4313,Gd,14111.111111111111,1.12e+18
4314,He,14111.111111111111,1.12e+18
4315,Hg,14111.111111111111,1.12e+18
4316,Ho,14111.111111111111,1.12e+18
4317,K,14111.111111111111,1.12e+18
4318,La,14111.111111111111,1.12e+18
4319,Li,14111.111111111111,1.12e+18
4320,Lu,14111.111111111111,1.12e+18
4321,Mg,14111.111111111111,1.12e+18
4322,Mn,14111.111111111111,1.12e+18
4323,Mo,14111.111111111111,1.12e+18
4324,N,14111.111111111111,1.12e+18
4325,Na,14111.111111111111,1.12e+18
4326,Nd,14111.111111111111,1.12e+18
4327,Ni,14111.111111111111,1.12e+18
4328,O,14111.111111111111,1.12e+18
4329,P,14111.111111111111,1.12e+18
4330,Pb,14111.111111111111,1.12e+18
4331,Pr,14111.111111111111,1.12e+18
4332,Pt,14111.111111111111,1.12e+18
4333,S,14111.111111111111,1.12e+18
4334,Si,14111.111111111111,1.12e+18
4335,Sm,14111.111111111111,1.12e+18
4336,Sn,14111.111111111111,1.12e+18
4337,Sr,14111.111111111111,1.12e+18
4338,Ta,14111.111111111111,1.12e+18
4339,Tb,14111.111111111111,1.12e+18
4340,Ti,14111.111111111111,1.12e+18
4341,V,14111.111111111111,1.12e+18
4342,W,14111.111111111111,1.12e+18
4343,Y,14111.111111111111,1.12e+18
4344,Yb,14111.111111111111,1.12e+18
4345,Zn,14111.111111111111,1.12e+18
4346,Ag,14111.111111111111,2.23e+18
4347,Al,14111.111111111111,2.23e+18
4348,Ar,14111.111111111111,2.23e+18
4349,As,14111.111111111111,2.23e+18
4350,Au,14111.111111111111,2.23e+18
4351,B,14111.111111111111,2.23e+18
4352,Ba,14111.111111111111,2.23e+18
4353,Be,14111.111111111111,2.23e+18
4354,C,14111.111111111111,2.23e+18
4355,Ca,14111.111111111111,2.23e+18
4356,Cd,14111.111111111111,2.23e+18
4357,Ce,14111.111111111111,2.23e+18
4358,Cl,14111.111111111111,2.23e+18
4359,Co,14111.111111111111,2.23e+18
4360,Cr,14111.111111111111,2.23e+18
4361,Cu,14111.111111111111,2.23e+18
4362,Dy,14111.111111111111,2.23e+18
4363,Er,14111.111111111111,2.23e+18
4364,F,14111.111111111111,2.23e+18
4365,Fe,14111.111111111111,2.23e+18
4366,Gd,14111.111111111111,2.23e+18
4367,He,14111.111111111111,2.23e+18
4368,Hg,14111.111111111111,2.23e+18
4369,Ho,14111.111111111111,2.23e+18
4370,K,14111.111111111111,2.23e+18
4371,La,14111.111111111111,2.23e+18
4372,Li,14111.111111111111,2.23e+18
4373,Lu,14111.111111111111,2.23e+18
4374,Mg,14111.111111111111,2.23e+18
4375,Mn,14111.111111111111,2.23e+18
4376,Mo,14111.111111111111,2.23e+18
4377,N,14111.111111111111,2.23e+18
4378,Na,14111.111111111111,2.23e+18
4379,Nd,14111.111111111111,2.23e+18
4380,Ni,14111.111111111111,2.23e+18
4381,O,14111.111111111111,2.23e+18
4382,P,14111.111111111111,2.23e+18
4383,Pb,14111.111111111111,2.23e+18
4384,Pr,14111.111111111111,2.23e+18
4385,Pt,14111.111111111111,2.23e+18
4386,S,14111.111111111111,2.23e+18
4387,Si,14111.111111111111,2.23e+18
4388,Sm,14111.111111111111,2.23e+18
4389,Sn,14111.111111111111,2.23e+18
4390,Sr,14111.111111111111,2.23e+18
4391,Ta,14111.111111111111,2.23e+18
4392,Tb,14111.111111111111,2.23e+18
4393,Ti,14111.111111111111,2.23e+18
4394,V,14111.111111111111,2.23e+18
4395,W,14111.111111111111,2.23e+18
4396,Y,14111.111111111111,2.23e+18
4397,Yb,14111.111111111111,2.23e+18
4398,Zn,14111.111111111111,2.23e+18
4399,Ag,14111.111111111111,3.34e+18
4400,Al,14111.111111111111,3.34e+18
4401,Ar,14111.111111111111,3.34e+18
4402,As,14111.111111111111,3.34e+18
4403,Au,14111.111111111111,3.34e+18
4404,B,14111.111111111111,3.34e+18
4405,Ba,14111.111111111111,3.34e+18
4406,Be,14111.111111111111,3.34e+18
4407,C,14111.111111111111,3.34e+18
4408,Ca,14111.111111111111,3.34e+18
4409,Cd,14111.111111111111,3.34e+18
4410,Ce,14111.111111111111,3.34e+18
4411,Cl,14111.111111111111,3.34e+18
4412,Co,14111.111111111111,3.34e+18
4413,Cr,14111.111111111111,3.34e+18
4414,Cu,14111.111111111111,3.34e+18
4415,Dy,14111.111111111111,3.34e+18
4416,Er,14111.111111111111,3.34e+18
4417,F,14111.111111111111,3.34e+18
4418,Fe,14111.111111111111,3.34e+18
4419,Gd,14111.111111111111,3.34e+18
4420,He,14111.111111111111,3.34e+18
4421,Hg,14111.111111111111,3.34e+18
4422,Ho,14111.111111111111,3.34e+18
4423,K,14111.111111111111,3.34e+18
4424,La,14111.111111111111,3.34e+18
4425,Li,14111.111111111111,3.34e+18
4426,Lu,14111.111111111111,3.34e+18
4427,Mg,14111.111111111111,3.34e+18
4428,Mn,14111.111111111111,3.34e+18
4429,Mo,14111.111111111111,3.34e+18
4430,N,14111.111111111111,3.34e+18
4431,Na,14111.111111111111,3.34e+18
4432,Nd,14111.111111111111,3.34e+18
4433,Ni,14111.111111111111,3.34e+18
4434,O,14111.111111111111,3.34e+18
4435,P,14111.111111111111,3.34e+18
4436,Pb,14111.111111111111,3.34e+18
4437,Pr,14111.111111111111,3.34e+18
4438,Pt,14111.111111111111,3.34e+18
4439,S,14111.111111111111,3.34e+18
4440,Si,14111.111111111111,3.34e+18
4441,Sm,14111.111111111111,3.34e+18
4442,Sn,14111.111111111111,3.34e+18
4443,Sr,14111.111111111111,3.34e+18
4444,Ta,14111.111111111111,3.34e+18
4445,Tb,14111.111111111111,3.34e+18
4446,Ti,14111.111111111111,3.34e+18
4447,V,14111.111111111111,3.34e+18
4448,W,14111.111111111111,3.34e+18
4449,Y,14111.111111111111,3.34e+18
4450,Yb,14111.111111111111,3.34e+18
4451,Zn,14111.111111111111,3.34e+18
4452,Ag,14111.111111111111,4.45e+18
4453,Al,14111.111111111111,4.45e+18
4454,Ar,14111.111111111111,4.45e+18
4455,As,14111.111111111111,4.45e+18
4456,Au,14111.111111111111,4.45e+18
4457,B,14111.111111111111,4.45e+18
4458,Ba,14111.111111111111,4.45e+18
4459,Be,14111.111111111111,4.45e+18
4460,C,14111.111111111111,4.45e+18
4461,Ca,14111.111111111111,4.45e+18
4462,Cd,14111.111111111111,4.45e+18
4463,Ce,14111.111111111111,4.45e+18
4464,Cl,14111.111111111111,4.45e+18
4465,Co,14111.111111111111,4.45e+18
4466,Cr,14111.111111111111,4.45e+18
4467,Cu,14111.111111111111,4.45e+18
4468,Dy,14111.111111111111,4.45e+18
4469,Er,14111.111111111111,4.45e+18
4470,F,14111.111111111111,4.45e+18
4471,Fe,14111.111111111111,4.45e+18
4472,Gd,14111.111111111111,4.45e+18
4473,He,14111.111111111111,4.45e+18
4474,Hg,14111.111111111111,4.45e+18
4475,Ho,14111.111111111111,4.45e+18
4476,K,14111.111111111111,4.45e+18
4477,La,14111.111111111111,4.45e+18
4478,Li,14111.111111111111,4.45e+18
4479,Lu,14111.111111111111,4.45e+18
4480,Mg,14111.111111111111,4.45e+18
4481,Mn,14111.111111111111,4.45e+18
4482,Mo,14111.111111111111,4.45e+18
4483,N,14111.111111111111,4.45e+18
4484,Na,14111.111111111111,4.45e+18
4485,Nd,14111.111111111111,4.45e+18
4486,Ni,14111.111111111111,4.45e+18
4487,O,14111.111111111111,4.45e+18
4488,P,14111.111111111111,4.45e+18
4489,Pb,14111.111111111111,4.45e+18
4490,Pr,14111.111111111111,4.45e+18
4491,Pt,14111.111111111111,4.45e+18
4492,S,14111.111111111111,4.45e+18
4493,Si,14111.111111111111,4.45e+18
4494,Sm,14111.111111111111,4.45e+18
4495,Sn,14111.111111111111,4.45e+18
4496,Sr,14111.111111111111,4.45e+18
4497,Ta,14111.111111111111,4.45e+18
4498,Tb,14111.111111111111,4.45e+18
4499,Ti,14111.111111111111,4.45e+18
4500,V,14111.111111111111,4.45e+18
4501,W,14111.111111111111,4.45e+18
4502,Y,14111.111111111111,4.45e+18
4503,Yb,14111.111111111111,4.45e+18
4504,Zn,14111.111111111111,4.45e+18
4505,Ag,14111.111111111111,5.56e+18
4506,Al,14111.111111111111,5.56e+18
4507,Ar,14111.111111111111,5.56e+18
4508,As,14111.111111111111,5.56e+18
4509,Au,14111.111111111111,5.56e+18
4510,B,14111.111111111111,5.56e+18
4511,Ba,14111.111111111111,5.56e+18
4512,Be,14111.111111111111,5.56e+18
4513,C,14111.111111111111,5.56e+18
4514,Ca,14111.111111111111,5.56e+18
4515,Cd,14111.111111111111,5.56e+18
4516,Ce,14111.111111111111,5.56e+18
4517,Cl,14111.111111111111,5.56e+18
4518,Co,14111.111111111111,5.56e+18
4519,Cr,14111.111111111111,5.56e+18
4520,Cu,14111.111111111111,5.56e+18
4521,Dy,14111.111111111111,5.56e+18
4522,Er,14111.111111111111,5.56e+18
4523,F,14111.111111111111,5.56e+18
4524,Fe,14111.111111111111,5.56e+18
4525,Gd,14111.111111111111,5.56e+18
4526,He,14111.111111111111,5.56e+18
4527,Hg,14111.111111111111,5.56e+18
4528,Ho,14111.111111111111,5.56e+18
4529,K,14111.111111111111,5.56e+18
4530,La,14111.111111111111,5.56e+18
4531,Li,14111.111111111111,5.56e+18
4532,Lu,14111.111111111111,5.56e+18
4533,Mg,14111.111111111111,5.56e+18
4534,Mn,14111.111111111111,5.56e+18
4535,Mo,14111.111111111111,5.56e+18
4536,N,14111.111111111111,5.56e+18
4537,Na,14111.111111111111,5.56e+18
4538,Nd,14111.111111111111,5.56e+18
4539,Ni,14111.111111111111,5.56e+18
4540,O,14111.111111111111,5.56e+18
4541,P,14111.111111111111,5.56e+18
4542,Pb,14111.111111111111,5.56e+18
4543,Pr,14111.111111111111,5.56e+18
4544,Pt,14111.111111111111,5.56e+18
4545,S,14111.111111111111,5.56e+18
4546,Si,14111.111111111111,5.56e+18
4547,Sm,14111.111111111111,5.56e+18
4548,Sn,14111.111111111111,5.56e+18
4549,Sr,14111.111111111111,5.56e+18
4550,Ta,14111.111111111111,5.56e+18
4551,Tb,14111.111111111111,5.56e+18
4552,Ti,14111.111111111111,5.56e+18
4553,V,14111.111111111111,5.56e+18
4554,W,14111.111111111111,5.56e+18
4555,Y,14111.111111111111,5.56e+18
4556,Yb,14111.111111111111,5.56e+18
4557,Zn,14111.111111111111,5.56e+18
4558,Ag,14111.111111111111,6.67e+18
4559,Al,14111.111111111111,6.67e+18
4560,Ar,14111.111111111111,6.67e+18
4561,As,14111.111111111111,6.67e+18
4562,Au,14111.111111111111,6.67e+18
4563,B,14111.111111111111,6.67e+18
4564,Ba,14111.111111111111,6.67e+18
4565,Be,14111.111111111111,6.67e+18
4566,C,14111.111111111111,6.67e+18
4567,Ca,14111.111111111111,6.67e+18
4568,Cd,14111.111111111111,6.67e+18
4569,Ce,14111.111111111111,6.67e+18
4570,Cl,14111.111111111111,6.67e+18
4571,Co,14111.111111111111,6.67e+18
4572,Cr,14111.111111111111,6.67e+18
4573,Cu,14111.111111111111,6.67e+18
4574,Dy,14111.111111111111,6.67e+18
4575,Er,14111.111111111111,6.67e+18
4576,F,14111.111111111111,6.67e+18
4577,Fe,14111.111111111111,6.67e+18
4578,Gd,14111.111111111111,6.67e+18
4579,He,14111.111111111111,6.67e+18
4580,Hg,14111.111111111111,6.67e+18
4581,Ho,14111.111111111111,6.67e+18
4582,K,14111.111111111111,6.67e+18
4583,La,14111.111111111111,6.67e+18
4584,Li,14111.111111111111,6.67e+18
4585,Lu,14111.111111111111,6.67e+18
4586,Mg,14111.111111111111,6.67e+18
4587,Mn,14111.111111111111,6.67e+18
4588,Mo,14111.111111111111,6.67e+18
4589,N,14111.111111111111,6.67e+18
4590,Na,14111.111111111111,6.67e+18
4591,Nd,14111.111111111111,6.67e+18
4592,Ni,14111.111111111111,6.67e+18
4593,O,14111.111111111111,6.67e+18
4594,P,14111.111111111111,6.67e+18
4595,Pb,14111.111111111111,6.67e+18
4596,Pr,14111.111111111111,6.67e+18
4597,Pt,14111.111111111111,6.67e+18
4598,S,14111.111111111111,6.67e+18
4599,Si,14111.111111111111,6.67e+18
4600,Sm,14111.111111111111,6.67e+18
4601,Sn,14111.111111111111,6.67e+18
4602,Sr,14111.111111111111,6.67e+18
4603,Ta,14111.111111111111,6.67e+18
4604,Tb,14111.111111111111,6.67e+18
4605,Ti,14111.111111111111,6.67e+18
4606,V,14111.111111111111,6.67e+18
4607,W,14111.111111111111,6.67e+18
4608,Y,14111.111111111111,6.67e+18
4609,Yb,14111.111111111111,6.67e+18
4610,Zn,14111.111111111111,6.67e+18
4611,Ag,14111.111111111111,7.78e+18
4612,Al,14111.111111111111,7.78e+18
4613,Ar,14111.111111111111,7.78e+18
4614,As,14111.111111111111,7.78e+18
4615,Au,14111.111111111111,7.78e+18
4616,B,14111.111111111111,7.78e+18
4617,Ba,14111.111111111111,7.78e+18
4618,Be,14111.111111111111,7.78e+18
4619,C,14111.111111111111,7.78e+18
4620,Ca,14111.111111111111,7.78e+18
4621,Cd,14111.111111111111,7.78e+18
4622,Ce,14111.111111111111,7.78e+18
4623,Cl,14111.111111111111,7.78e+18
4624,Co,14111.111111111111,7.78e+18
4625,Cr,14111.111111111111,7.78e+18
4626,Cu,14111.111111111111,7.78e+18
4627,Dy,14111.111111111111,7.78e+18
4628,Er,14111.111111111111,7.78e+18
4629,F,14111.111111111111,7.78e+18
4630,Fe,14111.111111111111,7.78e+18
4631,Gd,14111.111111111111,7.78e+18
4632,He,14111.111111111111,7.78e+18
4633,Hg,14111.111111111111,7.78e+18
4634,Ho,14111.111111111111,7.78e+18
4635,K,14111.111111111111,7.78e+18
4636,La,14111.111111111111,7.78e+18
4637,Li,14111.111111111111,7.78e+18
4638,Lu,14111.111111111111,7.78e+18
4639,Mg,14111.111111111111,7.78e+18
4640,Mn,14111.111111111111,7.78e+18
4641,Mo,14111.111111111111,7.78e+18
4642,N,14111.111111111111,7.78e+18
4643,Na,14111.111111111111,7.78e+18
4644,Nd,14111.111111111111,7.78e+18
4645,Ni,14111.111111111111,7.78e+18
4646,O,14111.111111111111,7.78e+18
4647,P,14111.111111111111,7.78e+18
4648,Pb,14111.111111111111,7.78e+18
4649,Pr,14111.111111111111,7.78e+18
4650,Pt,14111.111111111111,7.78e+18
4651,S,14111.111111111111,7.78e+18
4652,Si,14111.111111111111,7.78e+18
4653,Sm,14111.111111111111,7.78e+18
4654,Sn,14111.111111111111,7.78e+18
4655,Sr,14111.111111111111,7.78e+18
4656,Ta,14111.111111111111,7.78e+18
4657,Tb,14111.111111111111,7.78e+18
4658,Ti,14111.111111111111,7.78e+18
4659,V,14111.111111111111,7.78e+18
4660,W,14111.111111111111,7.78e+18
4661,Y,14111.111111111111,7.78e+18
4662,Yb,14111.111111111111,7.78e+18
4663,Zn,14111.111111111111,7.78e+18
4664,Ag,14111.111111111111,8.89e+18
4665,Al,14111.111111111111,8.89e+18
4666,Ar,14111.111111111111,8.89e+18
4667,As,14111.111111111111,8.89e+18
4668,Au,14111.111111111111,8.89e+18
4669,B,14111.111111111111,8.89e+18
4670,Ba,14111.111111111111,8.89e+18
4671,Be,14111.111111111111,8.89e+18
4672,C,14111.111111111111,8.89e+18
4673,Ca,14111.111111111111,8.89e+18
4674,Cd,14111.111111111111,8.89e+18
4675,Ce,14111.111111111111,8.89e+18
4676,Cl,14111.111111111111,8.89e+18
4677,Co,14111.111111111111,8.89e+18
4678,Cr,14111.111111111111,8.89e+18
4679,Cu,14111.111111111111,8.89e+18
4680,Dy,14111.111111111111,8.89e+18
4681,Er,14111.111111111111,8.89e+18
4682,F,14111.111111111111,8.89e+18
4683,Fe,14111.111111111111,8.89e+18
4684,Gd,14111.111111111111,8.89e+18
4685,He,14111.111111111111,8.89e+18
4686,Hg,14111.111111111111,8.89e+18
4687,Ho,14111.111111111111,8.89e+18
4688,K,14111.111111111111,8.89e+18
4689,La,14111.111111111111,8.89e+18
4690,Li,14111.111111111111,8.89e+18
4691,Lu,14111.111111111111,8.89e+18
4692,Mg,14111.111111111111,8.89e+18
4693,Mn,14111.111111111111,8.89e+18
4694,Mo,14111.111111111111,8.89e+18
4695,N,14111.111111111111,8.89e+18
4696,Na,14111.111111111111,8.89e+18
4697,Nd,14111.111111111111,8.89e+18
4698,Ni,14111.111111111111,8.89e+18
4699,O,14111.111111111111,8.89e+18
4700,P,14111.111111111111,8.89e+18
4701,Pb,14111.111111111111,8.89e+18
4702,Pr,14111.111111111111,8.89e+18
4703,Pt,14111.111111111111,8.89e+18
4704,S,14111.111111111111,8.89e+18
4705,Si,14111.111111111111,8.89e+18
4706,Sm,14111.111111111111,8.89e+18
4707,Sn,14111.111111111111,8.89e+18
4708,Sr,14111.111111111111,8.89e+18
4709,Ta,14111.111111111111,8.89e+18
4710,Tb,14111.111111111111,8.89e+18
4711,Ti,14111.111111111111,8.89e+18
4712,V,14111.111111111111,8.89e+18
4713,W,14111.111111111111,8.89e+18
4714,Y,14111.111111111111,8.89e+18
4715,Yb,14111.111111111111,8.89e+18
4716,Zn,14111.111111111111,8.89e+18
4717,Ag,14111.111111111111,1e+19
4718,Al,14111.111111111111,1e+19
4719,Ar,14111.111111111111,1e+19
4720,As,14111.111111111111,1e+19
4721,Au,14111.111111111111,1e+19
4722,B,14111.111111111111,1e+19
4723,Ba,14111.111111111111,1e+19
4724,Be,14111.111111111111,1e+19
4725,C,14111.111111111111,1e+19
4726,Ca,14111.111111111111,1e+19
4727,Cd,14111.111111111111,1e+19
4728,Ce,14111.111111111111,1e+19
4729,Cl,14111.111111111111,1e+19
4730,Co,14111.111111111111,1e+19
4731,Cr,14111.111111111111,1e+19
4732,Cu,14111.111111111111,1e+19
4733,Dy,14111.111111111111,1e+19
4734,Er,14111.111111111111,1e+19
4735,F,14111.111111111111,1e+19
4736,Fe,14111.111111111111,1e+19
4737,Gd,14111.111111111111,1e+19
4738,He,14111.111111111111,1e+19
4739,Hg,14111.111111111111,1e+19
4740,Ho,14111.111111111111,1e+19
4741,K,14111.111111111111,1e+19
4742,La,14111.111111111111,1e+19
4743,Li,14111.111111111111,1e+19
4744,Lu,14111.111111111111,1e+19
4745,Mg,14111.111111111111,1e+19
4746,Mn,14111.111111111111,1e+19
4747,Mo,14111.111111111111,1e+19
4748,N,14111.111111111111,1e+19
4749,Na,14111.111111111111,1e+19
4750,Nd,14111.111111111111,1e+19
4751,Ni,14111.111111111111,1e+19
4752,O,14111.111111111111,1e+19
4753,P,14111.111111111111,1e+19
4754,Pb,14111.111111111111,1e+19
4755,Pr,14111.111111111111,1e+19
4756,Pt,14111.111111111111,1e+19
4757,S,14111.111111111111,1e+19
4758,Si,14111.111111111111,1e+19
4759,Sm,14111.111111111111,1e+19
4760,Sn,14111.111111111111,1e+19
4761,Sr,14111.111111111111,1e+19
4762,Ta,14111.111111111111,1e+19
4763,Tb,14111.111111111111,1e+19
4764,Ti,14111.111111111111,1e+19
4765,V,14111.111111111111,1e+19
4766,W,14111.111111111111,1e+19
4767,Y,14111.111111111111,1e+19
4768,Yb,14111.111111111111,1e+19
4769,Zn,14111.111111111111,1e+19
4770,Ag,15000.0,1e+16
4771,Al,15000.0,1e+16
4772,Ar,15000.0,1e+16
4773,As,15000.0,1e+16
4774,Au,15000.0,1e+16
4775,B,15000.0,1e+16
4776,Ba,15000.0,1e+16
4777,Be,15000.0,1e+16
4778,C,15000.0,1e+16
4779,Ca,15000.0,1e+16
4780,Cd,15000.0,1e+16
4781,Ce,15000.0,1e+16
4782,Cl,15000.0,1e+16
4783,Co,15000.0,1e+16
4784,Cr,15000.0,1e+16
4785,Cu,15000.0,1e+16
4786,Dy,15000.0,1e+16
4787,Er,15000.0,1e+16
4788,F,15000.0,1e+16
4789,Fe,15000.0,1e+16
4790,Gd,15000.0,1e+16
4791,He,15000.0,1e+16
4792,Hg,15000.0,1e+16
4793,Ho,15000.0,1e+16
4794,K,15000.0,1e+16
4795,La,15000.0,1e+16
4796,Li,15000.0,1e+16
4797,Lu,15000.0,1e+16
4798,Mg,15000.0,1e+16
4799,Mn,15000.0,1e+16
4800,Mo,15000.0,1e+16
4801,N,15000.0,1e+16
4802,Na,15000.0,1e+16
4803,Nd,15000.0,1e+16
4804,Ni,15000.0,1e+16
4805,O,15000.0,1e+16
4806,P,15000.0,1e+16
4807,Pb,15000.0,1e+16
4808,Pr,15000.0,1e+16
4809,Pt,15000.0,1e+16
4810,S,15000.0,1e+16
4811,Si,15000.0,1e+16
4812,Sm,15000.0,1e+16
4813,Sn,15000.0,1e+16
4814,Sr,15000.0,1e+16
4815,Ta,15000.0,1e+16
4816,Tb,15000.0,1e+16
4817,Ti,15000.0,1e+16
4818,V,15000.0,1e+16
4819,W,15000.0,1e+16
4820,Y,15000.0,1e+16
4821,Yb,15000.0,1e+16
4822,Zn,15000.0,1e+16
4823,Ag,15000.0,1.12e+18
4824,Al,15000.0,1.12e+18
4825,Ar,15000.0,1.12e+18
4826,As,15000.0,1.12e+18
4827,Au,15000.0,1.12e+18
4828,B,15000.0,1.12e+18
4829,Ba,15000.0,1.12e+18
4830,Be,15000.0,1.12e+18
4831,C,15000.0,1.12e+18
4832,Ca,15000.0,1.12e+18
4833,Cd,15000.0,1.12e+18
4834,Ce,15000.0,1.12e+18
4835,Cl,15000.0,1.12e+18
4836,Co,15000.0,1.12e+18
4837,Cr,15000.0,1.12e+18
4838,Cu,15000.0,1.12e+18
4839,Dy,15000.0,1.12e+18
4840,Er,15000.0,1.12e+18
4841,F,15000.0,1.12e+18
4842,Fe,15000.0,1.12e+18
4843,Gd,15000.0,1.12e+18
4844,He,15000.0,1.12e+18
4845,Hg,15000.0,1.12e+18
4846,Ho,15000.0,1.12e+18
4847,K,15000.0,1.12e+18
4848,La,15000.0,1.12e+18
4849,Li,15000.0,1.12e+18
4850,Lu,15000.0,1.12e+18
4851,Mg,15000.0,1.12e+18
4852,Mn,15000.0,1.12e+18
4853,Mo,15000.0,1.12e+18
4854,N,15000.0,1.12e+18
4855,Na,15000.0,1.12e+18
4856,Nd,15000.0,1.12e+18
4857,Ni,15000.0,1.12e+18
4858,O,15000.0,1.12e+18
4859,P,15000.0,1.12e+18
4860,Pb,15000.0,1.12e+18
4861,Pr,15000.0,1.12e+18
4862,Pt,15000.0,1.12e+18
4863,S,15000.0,1.12e+18
4864,Si,15000.0,1.12e+18
4865,Sm,15000.0,1.12e+18
4866,Sn,15000.0,1.12e+18
4867,Sr,15000.0,1.12e+18
4868,Ta,15000.0,1.12e+18
4869,Tb,15000.0,1.12e+18
4870,Ti,15000.0,1.12e+18
4871,V,15000.0,1.12e+18
4872,W,15000.0,1.12e+18
4873,Y,15000.0,1.12e+18
4874,Yb,15000.0,1.12e+18
4875,Zn,15000.0,1.12e+18
4876,Ag,15000.0,2.23e+18
4877,Al,15000.0,2.23e+18
4878,Ar,15000.0,2.23e+18
4879,As,15000.0,2.23e+18
4880,Au,15000.0,2.23e+18
4881,B,15000.0,2.23e+18
4882,Ba,15000.0,2.23e+18
4883,Be,15000.0,2.23e+18
4884,C,15000.0,2.23e+18
4885,Ca,15000.0,2.23e+18
4886,Cd,15000.0,2.23e+18
4887,Ce,15000.0,2.23e+18
4888,Cl,15000.0,2.23e+18
4889,Co,15000.0,2.23e+18
4890,Cr,15000.0,2.23e+18
4891,Cu,15000.0,2.23e+18
4892,Dy,15000.0,2.23e+18
4893,Er,15000.0,2.23e+18
4894,F,15000.0,2.23e+18
4895,Fe,15000.0,2.23e+18
4896,Gd,15000.0,2.23e+18
4897,He,15000.0,2.23e+18
4898,Hg,15000.0,2.23e+18
4899,Ho,15000.0,2.23e+18
4900,K,15000.0,2.23e+18
4901,La,15000.0,2.23e+18
4902,Li,15000.0,2.23e+18
4903,Lu,15000.0,2.23e+18
4904,Mg,15000.0,2.23e+18
4905,Mn,15000.0,2.23e+18
4906,Mo,15000.0,2.23e+18
4907,N,15000.0,2.23e+18
4908,Na,15000.0,2.23e+18
4909,Nd,15000.0,2.23e+18
4910,Ni,15000.0,2.23e+18
4911,O,15000.0,2.23e+18
4912,P,15000.0,2.23e+18
4913,Pb,15000.0,2.23e+18
4914,Pr,15000.0,2.23e+18
4915,Pt,15000.0,2.23e+18
4916,S,15000.0,2.23e+18
4917,Si,15000.0,2.23e+18
4918,Sm,15000.0,2.23e+18
4919,Sn,15000.0,2.23e+18
4920,Sr,15000.0,2.23e+18
4921,Ta,15000.0,2.23e+18
4922,Tb,15000.0,2.23e+18
4923,Ti,15000.0,2.23e+18
4924,V,15000.0,2.23e+18
4925,W,15000.0,2.23e+18
4926,Y,15000.0,2.23e+18
4927,Yb,15000.0,2.23e+18
4928,Zn,15000.0,2.23e+18
4929,Ag,15000.0,3.34e+18
4930,Al,15000.0,3.34e+18
4931,Ar,15000.0,3.34e+18
4932,As,15000.0,3.34e+18
4933,Au,15000.0,3.34e+18
4934,B,15000.0,3.34e+18
4935,Ba,15000.0,3.34e+18
4936,Be,15000.0,3.34e+18
4937,C,15000.0,3.34e+18
4938,Ca,15000.0,3.34e+18
4939,Cd,15000.0,3.34e+18
4940,Ce,15000.0,3.34e+18
4941,Cl,15000.0,3.34e+18
4942,Co,15000.0,3.34e+18
4943,Cr,15000.0,3.34e+18
4944,Cu,15000.0,3.34e+18
4945,Dy,15000.0,3.34e+18
4946,Er,15000.0,3.34e+18
4947,F,15000.0,3.34e+18
4948,Fe,15000.0,3.34e+18
4949,Gd,15000.0,3.34e+18
4950,He,15000.0,3.34e+18
4951,Hg,15000.0,3.34e+18
4952,Ho,15000.0,3.34e+18
4953,K,15000.0,3.34e+18
4954,La,15000.0,3.34e+18
4955,Li,15000.0,3.34e+18
4956,Lu,15000.0,3.34e+18
4957,Mg,15000.0,3.34e+18
4958,Mn,15000.0,3.34e+18
4959,Mo,15000.0,3.34e+18
4960,N,15000.0,3.34e+18
4961,Na,15000.0,3.34e+18
4962,Nd,15000.0,3.34e+18
4963,Ni,15000.0,3.34e+18
4964,O,15000.0,3.34e+18
4965,P,15000.0,3.34e+18
4966,Pb,15000.0,3.34e+18
4967,Pr,15000.0,3.34e+18
4968,Pt,15000.0,3.34e+18
4969,S,15000.0,3.34e+18
4970,Si,15000.0,3.34e+18
4971,Sm,15000.0,3.34e+18
4972,Sn,15000.0,3.34e+18
4973,Sr,15000.0,3.34e+18
4974,Ta,15000.0,3.34e+18
4975,Tb,15000.0,3.34e+18
4976,Ti,15000.0,3.34e+18
4977,V,15000.0,3.34e+18
4978,W,15000.0,3.34e+18
4979,Y,15000.0,3.34e+18
4980,Yb,15000.0,3.34e+18
4981,Zn,15000.0,3.34e+18
4982,Ag,15000.0,4.45e+18
4983,Al,15000.0,4.45e+18
4984,Ar,15000.0,4.45e+18
4985,As,15000.0,4.45e+18
4986,Au,15000.0,4.45e+18
4987,B,15000.0,4.45e+18
4988,Ba,15000.0,4.45e+18
4989,Be,15000.0,4.45e+18
4990,C,15000.0,4.45e+18
4991,Ca,15000.0,4.45e+18
4992,Cd,15000.0,4.45e+18
4993,Ce,15000.0,4.45e+18
4994,Cl,15000.0,4.45e+18
4995,Co,15000.0,4.45e+18
4996,Cr,15000.0,4.45e+18
4997,Cu,15000.0,4.45e+18
4998,Dy,15000.0,4.45e+18
4999,Er,15000.0,4.45e+18
5000,F,15000.0,4.45e+18
5001,Fe,15000.0,4.45e+18
5002,Gd,15000.0,4.45e+18
5003,He,15000.0,4.45e+18
5004,Hg,15000.0,4.45e+18
5005,Ho,15000.0,4.45e+18
5006,K,15000.0,4.45e+18
5007,La,15000.0,4.45e+18
5008,Li,15000.0,4.45e+18
5009,Lu,15000.0,4.45e+18
5010,Mg,15000.0,4.45e+18
5011,Mn,15000.0,4.45e+18
5012,Mo,15000.0,4.45e+18
5013,N,15000.0,4.45e+18
5014,Na,15000.0,4.45e+18
5015,Nd,15000.0,4.45e+18
5016,Ni,15000.0,4.45e+18
5017,O,15000.0,4.45e+18
5018,P,15000.0,4.45e+18
5019,Pb,15000.0,4.45e+18
5020,Pr,15000.0,4.45e+18
5021,Pt,15000.0,4.45e+18
5022,S,15000.0,4.45e+18
5023,Si,15000.0,4.45e+18
5024,Sm,15000.0,4.45e+18
5025,Sn,15000.0,4.45e+18
5026,Sr,15000.0,4.45e+18
5027,Ta,15000.0,4.45e+18
5028,Tb,15000.0,4.45e+18
5029,Ti,15000.0,4.45e+18
5030,V,15000.0,4.45e+18
5031,W,15000.0,4.45e+18
5032,Y,15000.0,4.45e+18
5033,Yb,15000.0,4.45e+18
5034,Zn,15000.0,4.45e+18
5035,Ag,15000.0,5.56e+18
5036,Al,15000.0,5.56e+18
5037,Ar,15000.0,5.56e+18
5038,As,15000.0,5.56e+18
5039,Au,15000.0,5.56e+18
5040,B,15000.0,5.56e+18
5041,Ba,15000.0,5.56e+18
5042,Be,15000.0,5.56e+18
5043,C,15000.0,5.56e+18
5044,Ca,15000.0,5.56e+18
5045,Cd,15000.0,5.56e+18
5046,Ce,15000.0,5.56e+18
5047,Cl,15000.0,5.56e+18
5048,Co,15000.0,5.56e+18
5049,Cr,15000.0,5.56e+18
5050,Cu,15000.0,5.56e+18
5051,Dy,15000.0,5.56e+18
5052,Er,15000.0,5.56e+18
5053,F,15000.0,5.56e+18
5054,Fe,15000.0,5.56e+18
5055,Gd,15000.0,5.56e+18
5056,He,15000.0,5.56e+18
5057,Hg,15000.0,5.56e+18
5058,Ho,15000.0,5.56e+18
5059,K,15000.0,5.56e+18
5060,La,15000.0,5.56e+18
5061,Li,15000.0,5.56e+18
5062,Lu,15000.0,5.56e+18
5063,Mg,15000.0,5.56e+18
5064,Mn,15000.0,5.56e+18
5065,Mo,15000.0,5.56e+18
5066,N,15000.0,5.56e+18
5067,Na,15000.0,5.56e+18
5068,Nd,15000.0,5.56e+18
5069,Ni,15000.0,5.56e+18
5070,O,15000.0,5.56e+18
5071,P,15000.0,5.56e+18
5072,Pb,15000.0,5.56e+18
5073,Pr,15000.0,5.56e+18
5074,Pt,15000.0,5.56e+18
5075,S,15000.0,5.56e+18
5076,Si,15000.0,5.56e+18
5077,Sm,15000.0,5.56e+18
5078,Sn,15000.0,5.56e+18
5079,Sr,15000.0,5.56e+18
5080,Ta,15000.0,5.56e+18
5081,Tb,15000.0,5.56e+18
5082,Ti,15000.0,5.56e+18
5083,V,15000.0,5.56e+18
5084,W,15000.0,5.56e+18
5085,Y,15000.0,5.56e+18
5086,Yb,15000.0,5.56e+18
5087,Zn,15000.0,5.56e+18
5088,Ag,15000.0,6.67e+18
5089,Al,15000.0,6.67e+18
5090,Ar,15000.0,6.67e+18
5091,As,15000.0,6.67e+18
5092,Au,15000.0,6.67e+18
5093,B,15000.0,6.67e+18
5094,Ba,15000.0,6.67e+18
5095,Be,15000.0,6.67e+18
5096,C,15000.0,6.67e+18
5097,Ca,15000.0,6.67e+18
5098,Cd,15000.0,6.67e+18
5099,Ce,15000.0,6.67e+18
5100,Cl,15000.0,6.67e+18
5101,Co,15000.0,6.67e+18
5102,Cr,15000.0,6.67e+18
5103,Cu,15000.0,6.67e+18
5104,Dy,15000.0,6.67e+18
5105,Er,15000.0,6.67e+18
5106,F,15000.0,6.67e+18
5107,Fe,15000.0,6.67e+18
5108,Gd,15000.0,6.67e+18
5109,He,15000.0,6.67e+18
5110,Hg,15000.0,6.67e+18
5111,Ho,15000.0,6.67e+18
5112,K,15000.0,6.67e+18
5113,La,15000.0,6.67e+18
5114,Li,15000.0,6.67e+18
5115,Lu,15000.0,6.67e+18
5116,Mg,15000.0,6.67e+18
5117,Mn,15000.0,6.67e+18
5118,Mo,15000.0,6.67e+18
5119,N,15000.0,6.67e+18
5120,Na,15000.0,6.67e+18
5121,Nd,15000.0,6.67e+18
5122,Ni,15000.0,6.67e+18
5123,O,15000.0,6.67e+18
5124,P,15000.0,6.67e+18
5125,Pb,15000.0,6.67e+18
5126,Pr,15000.0,6.67e+18
5127,Pt,15000.0,6.67e+18
5128,S,15000.0,6.67e+18
5129,Si,15000.0,6.67e+18
5130,Sm,15000.0,6.67e+18
5131,Sn,15000.0,6.67e+18
5132,Sr,15000.0,6.67e+18
5133,Ta,15000.0,6.67e+18
5134,Tb,15000.0,6.67e+18
5135,Ti,15000.0,6.67e+18
5136,V,15000.0,6.67e+18
5137,W,15000.0,6.67e+18
5138,Y,15000.0,6.67e+18
5139,Yb,15000.0,6.67e+18
5140,Zn,15000.0,6.67e+18
5141,Ag,15000.0,7.78e+18
5142,Al,15000.0,7.78e+18
5143,Ar,15000.0,7.78e+18
5144,As,15000.0,7.78e+18
5145,Au,15000.0,7.78e+18
5146,B,15000.0,7.78e+18
5147,Ba,15000.0,7.78e+18
5148,Be,15000.0,7.78e+18
5149,C,15000.0,7.78e+18
5150,Ca,15000.0,7.78e+18
5151,Cd,15000.0,7.78e+18
5152,Ce,15000.0,7.78e+18
5153,Cl,15000.0,7.78e+18
5154,Co,15000.0,7.78e+18
5155,Cr,15000.0,7.78e+18
5156,Cu,15000.0,7.78e+18
5157,Dy,15000.0,7.78e+18
5158,Er,15000.0,7.78e+18
5159,F,15000.0,7.78e+18
5160,Fe,15000.0,7.78e+18
5161,Gd,15000.0,7.78e+18
5162,He,15000.0,7.78e+18
5163,Hg,15000.0,7.78e+18
5164,Ho,15000.0,7.78e+18
5165,K,15000.0,7.78e+18
5166,La,15000.0,7.78e+18
5167,Li,15000.0,7.78e+18
5168,Lu,15000.0,7.78e+18
5169,Mg,15000.0,7.78e+18
5170,Mn,15000.0,7.78e+18
5171,Mo,15000.0,7.78e+18
5172,N,15000.0,7.78e+18
5173,Na,15000.0,7.78e+18
5174,Nd,15000.0,7.78e+18
5175,Ni,15000.0,7.78e+18
5176,O,15000.0,7.78e+18
5177,P,15000.0,7.78e+18
5178,Pb,15000.0,7.78e+18
5179,Pr,15000.0,7.78e+18
5180,Pt,15000.0,7.78e+18
5181,S,15000.0,7.78e+18
5182,Si,15000.0,7.78e+18
5183,Sm,15000.0,7.78e+18
5184,Sn,15000.0,7.78e+18
5185,Sr,15000.0,7.78e+18
5186,Ta,15000.0,7.78e+18
5187,Tb,15000.0,7.78e+18
5188,Ti,15000.0,7.78e+18
5189,V,15000.0,7.78e+18
5190,W,15000.0,7.78e+18
5191,Y,15000.0,7.78e+18
5192,Yb,15000.0,7.78e+18
5193,Zn,15000.0,7.78e+18
5194,Ag,15000.0,8.89e+18
5195,Al,15000.0,8.89e+18
5196,Ar,15000.0,8.89e+18
5197,As,15000.0,8.89e+18
5198,Au,15000.0,8.89e+18
5199,B,15000.0,8.89e+18
5200,Ba,15000.0,8.89e+18
5201,Be,15000.0,8.89e+18
5202,C,15000.0,8.89e+18
5203,Ca,15000.0,8.89e+18
5204,Cd,15000.0,8.89e+18
5205,Ce,15000.0,8.89e+18
5206,Cl,15000.0,8.89e+18
5207,Co,15000.0,8.89e+18
5208,Cr,15000.0,8.89e+18
5209,Cu,15000.0,8.89e+18
5210,Dy,15000.0,8.89e+18
5211,Er,15000.0,8.89e+18
5212,F,15000.0,8.89e+18
5213,Fe,15000.0,8.89e+18
5214,Gd,15000.0,8.89e+18
5215,He,15000.0,8.89e+18
5216,Hg,15000.0,8.89e+18
5217,Ho,15000.0,8.89e+18
5218,K,15000.0,8.89e+18
5219,La,15000.0,8.89e+18
5220,Li,15000.0,8.89e+18
5221,Lu,15000.0,8.89e+18
5222,Mg,15000.0,8.89e+18
5223,Mn,15000.0,8.89e+18
5224,Mo,15000.0,8.89e+18
5225,N,15000.0,8.89e+18
5226,Na,15000.0,8.89e+18
5227,Nd,15000.0,8.89e+18
5228,Ni,15000.0,8.89e+18
5229,O,15000.0,8.89e+18
5230,P,15000.0,8.89e+18
5231,Pb,15000.0,8.89e+18
5232,Pr,15000.0,8.89e+18
5233,Pt,15000.0,8.89e+18
5234,S,15000.0,8.89e+18
5235,Si,15000.0,8.89e+18
5236,Sm,15000.0,8.89e+18
5237,Sn,15000.0,8.89e+18
5238,Sr,15000.0,8.89e+18
5239,Ta,15000.0,8.89e+18
5240,Tb,15000.0,8.89e+18
5241,Ti,15000.0,8.89e+18
5242,V,15000.0,8.89e+18
5243,W,15000.0,8.89e+18
5244,Y,15000.0,8.89e+18
5245,Yb,15000.0,8.89e+18
5246,Zn,15000.0,8.89e+18
5247,Ag,15000.0,1e+19
5248,Al,15000.0,1e+19
5249,Ar,15000.0,1e+19
5250,As,15000.0,1e+19
5251,Au,15000.0,1e+19
5252,B,15000.0,1e+19
5253,Ba,15000.0,1e+19
5254,Be,15000.0,1e+19
5255,C,15000.0,1e+19
5256,Ca,15000.0,1e+19
5257,Cd,15000.0,1e+19
5258,Ce,15000.0,1e+19
5259,Cl,15000.0,1e+19
5260,Co,15000.0,1e+19
5261,Cr,15000.0,1e+19
5262,Cu,15000.0,1e+19
5263,Dy,15000.0,1e+19
5264,Er,15000.0,1e+19
5265,F,15000.0,1e+19
5266,Fe,15000.0,1e+19
5267,Gd,15000.0,1e+19
5268,He,15000.0,1e+19
5269,Hg,15000.0,1e+19
5270,Ho,15000.0,1e+19
5271,K,15000.0,1e+19
5272,La,15000.0,1e+19
5273,Li,15000.0,1e+19
5274,Lu,15000.0,1e+19
5275,Mg,15000.0,1e+19
5276,Mn,15000.0,1e+19
5277,Mo,15000.0,1e+19
5278,N,15000.0,1e+19
5279,Na,15000.0,1e+19
5280,Nd,15000.0,1e+19
5281,Ni,15000.0,1e+19
5282,O,15000.0,1e+19
5283,P,15000.0,1e+19
5284,Pb,15000.0,1e+19
5285,Pr,15000.0,1e+19
5286,Pt,15000.0,1e+19
5287,S,15000.0,1e+19
5288,Si,15000.0,1e+19
5289,Sm,15000.0,1e+19
5290,Sn,15000.0,1e+19
5291,Sr,15000.0,1e+19
5292,Ta,15000.0,1e+19
5293,Tb,15000.0,1e+19
5294,Ti,15000.0,1e+19
5295,V,15000.0,1e+19
5296,W,15000.0,1e+19
5297,Y,15000.0,1e+19
5298,Yb,15000.0,1e+19
5299,Zn,15000.0,1e+19
