row_index,element,Te,Ne
0,Ac,7000.0,1e+16
1,Ag,7000.0,1e+16
2,Al,7000.0,1e+16
3,Ar,7000.0,1e+16
4,As,7000.0,1e+16
5,Au,7000.0,1e+16
6,B,7000.0,1e+16
7,Ba,7000.0,1e+16
8,Be,7000.0,1e+16
9,Bi,7000.0,1e+16
10,Br,7000.0,1e+16
11,C,7000.0,1e+16
12,Ca,7000.0,1e+16
13,Cd,7000.0,1e+16
14,Ce,7000.0,1e+16
15,Cl,7000.0,1e+16
16,Co,7000.0,1e+16
17,Cr,7000.0,1e+16
18,Cs,7000.0,1e+16
19,Cu,7000.0,1e+16
20,Dy,7000.0,1e+16
21,Er,7000.0,1e+16
22,Eu,7000.0,1e+16
23,F,7000.0,1e+16
24,Fe,7000.0,1e+16
25,Fr,7000.0,1e+16
26,Ga,7000.0,1e+16
27,Gd,7000.0,1e+16
28,Ge,7000.0,1e+16
29,H,7000.0,1e+16
30,He,7000.0,1e+16
31,Hf,7000.0,1e+16
32,Hg,7000.0,1e+16
33,Ho,7000.0,1e+16
34,K,7000.0,1e+16
35,Kr,7000.0,1e+16
36,La,7000.0,1e+16
37,Li,7000.0,1e+16
38,Lu,7000.0,1e+16
39,Mg,7000.0,1e+16
40,Mn,7000.0,1e+16
41,Mo,7000.0,1e+16
42,N,7000.0,1e+16
43,Na,7000.0,1e+16
44,Nd,7000.0,1e+16
45,Ne,7000.0,1e+16
46,Ni,7000.0,1e+16
47,O,7000.0,1e+16
48,P,7000.0,1e+16
49,Pb,7000.0,1e+16
50,Pd,7000.0,1e+16
51,Pr,7000.0,1e+16
52,Pt,7000.0,1e+16
53,Ra,7000.0,1e+16
54,Rb,7000.0,1e+16
55,Rh,7000.0,1e+16
56,Ru,7000.0,1e+16
57,S,7000.0,1e+16
58,Sb,7000.0,1e+16
59,Sc,7000.0,1e+16
60,Si,7000.0,1e+16
61,Sm,7000.0,1e+16
62,Sn,7000.0,1e+16
63,Sr,7000.0,1e+16
64,Ta,7000.0,1e+16
65,Tb,7000.0,1e+16
66,Tc,7000.0,1e+16
67,Te,7000.0,1e+16
68,Ti,7000.0,1e+16
69,Tl,7000.0,1e+16
70,Tm,7000.0,1e+16
71,V,7000.0,1e+16
72,W,7000.0,1e+16
73,Xe,7000.0,1e+16
74,Y,7000.0,1e+16
75,Yb,7000.0,1e+16
76,Zn,7000.0,1e+16
77,Ac,7000.0,1.12e+18
78,Ag,7000.0,1.12e+18
79,Al,7000.0,1.12e+18
80,Ar,7000.0,1.12e+18
81,As,7000.0,1.12e+18
82,Au,7000.0,1.12e+18
83,B,7000.0,1.12e+18
84,Ba,7000.0,1.12e+18
85,Be,7000.0,1.12e+18
86,Bi,7000.0,1.12e+18
87,Br,7000.0,1.12e+18
88,C,7000.0,1.12e+18
89,Ca,7000.0,1.12e+18
90,Cd,7000.0,1.12e+18
91,Ce,7000.0,1.12e+18
92,Cl,7000.0,1.12e+18
93,Co,7000.0,1.12e+18
94,Cr,7000.0,1.12e+18
95,Cs,7000.0,1.12e+18
96,Cu,7000.0,1.12e+18
97,Dy,7000.0,1.12e+18
98,Er,7000.0,1.12e+18
99,Eu,7000.0,1.12e+18
100,F,7000.0,1.12e+18
101,Fe,7000.0,1.12e+18
102,Fr,7000.0,1.12e+18
103,Ga,7000.0,1.12e+18
104,Gd,7000.0,1.12e+18
105,Ge,7000.0,1.12e+18
106,H,7000.0,1.12e+18
107,He,7000.0,1.12e+18
108,Hf,7000.0,1.12e+18
109,Hg,7000.0,1.12e+18
110,Ho,7000.0,1.12e+18
111,K,7000.0,1.12e+18
112,Kr,7000.0,1.12e+18
113,La,7000.0,1.12e+18
114,Li,7000.0,1.12e+18
115,Lu,7000.0,1.12e+18
116,Mg,7000.0,1.12e+18
117,Mn,7000.0,1.12e+18
118,Mo,7000.0,1.12e+18
119,N,7000.0,1.12e+18
120,Na,7000.0,1.12e+18
121,Nd,7000.0,1.12e+18
122,Ne,7000.0,1.12e+18
123,Ni,7000.0,1.12e+18
124,O,7000.0,1.12e+18
125,P,7000.0,1.12e+18
126,Pb,7000.0,1.12e+18
127,Pd,7000.0,1.12e+18
128,Pr,7000.0,1.12e+18
129,Pt,7000.0,1.12e+18
130,Ra,7000.0,1.12e+18
131,Rb,7000.0,1.12e+18
132,Rh,7000.0,1.12e+18
133,Ru,7000.0,1.12e+18
134,S,7000.0,1.12e+18
135,Sb,7000.0,1.12e+18
136,Sc,7000.0,1.12e+18
137,Si,7000.0,1.12e+18
138,Sm,7000.0,1.12e+18
139,Sn,7000.0,1.12e+18
140,Sr,7000.0,1.12e+18
141,Ta,7000.0,1.12e+18
142,Tb,7000.0,1.12e+18
143,Tc,7000.0,1.12e+18
144,Te,7000.0,1.12e+18
145,Ti,7000.0,1.12e+18
146,Tl,7000.0,1.12e+18
147,Tm,7000.0,1.12e+18
148,V,7000.0,1.12e+18
149,W,7000.0,1.12e+18
150,Xe,7000.0,1.12e+18
151,Y,7000.0,1.12e+18
152,Yb,7000.0,1.12e+18
153,Zn,7000.0,1.12e+18
154,Ac,7000.0,2.23e+18
155,Ag,7000.0,2.23e+18
156,Al,7000.0,2.23e+18
157,Ar,7000.0,2.23e+18
158,As,7000.0,2.23e+18
159,Au,7000.0,2.23e+18
160,B,7000.0,2.23e+18
161,Ba,7000.0,2.23e+18
162,Be,7000.0,2.23e+18
163,Bi,7000.0,2.23e+18
164,Br,7000.0,2.23e+18
165,C,7000.0,2.23e+18
166,Ca,7000.0,2.23e+18
167,Cd,7000.0,2.23e+18
168,Ce,7000.0,2.23e+18
169,Cl,7000.0,2.23e+18
170,Co,7000.0,2.23e+18
171,Cr,7000.0,2.23e+18
172,Cs,7000.0,2.23e+18
173,Cu,7000.0,2.23e+18
174,Dy,7000.0,2.23e+18
175,Er,7000.0,2.23e+18
176,Eu,7000.0,2.23e+18
177,F,7000.0,2.23e+18
178,Fe,7000.0,2.23e+18
179,Fr,7000.0,2.23e+18
180,Ga,7000.0,2.23e+18
181,Gd,7000.0,2.23e+18
182,Ge,7000.0,2.23e+18
183,H,7000.0,2.23e+18
184,He,7000.0,2.23e+18
185,Hf,7000.0,2.23e+18
186,Hg,7000.0,2.23e+18
187,Ho,7000.0,2.23e+18
188,K,7000.0,2.23e+18
189,Kr,7000.0,2.23e+18
190,La,7000.0,2.23e+18
191,Li,7000.0,2.23e+18
192,Lu,7000.0,2.23e+18
193,Mg,7000.0,2.23e+18
194,Mn,7000.0,2.23e+18
195,Mo,7000.0,2.23e+18
196,N,7000.0,2.23e+18
197,Na,7000.0,2.23e+18
198,Nd,7000.0,2.23e+18
199,Ne,7000.0,2.23e+18
200,Ni,7000.0,2.23e+18
201,O,7000.0,2.23e+18
202,P,7000.0,2.23e+18
203,Pb,7000.0,2.23e+18
204,Pd,7000.0,2.23e+18
205,Pr,7000.0,2.23e+18
206,Pt,7000.0,2.23e+18
207,Ra,7000.0,2.23e+18
208,Rb,7000.0,2.23e+18
209,Rh,7000.0,2.23e+18
210,Ru,7000.0,2.23e+18
211,S,7000.0,2.23e+18
212,Sb,7000.0,2.23e+18
213,Sc,7000.0,2.23e+18
214,Si,7000.0,2.23e+18
215,Sm,7000.0,2.23e+18
216,Sn,7000.0,2.23e+18
217,Sr,7000.0,2.23e+18
218,Ta,7000.0,2.23e+18
219,Tb,7000.0,2.23e+18
220,Tc,7000.0,2.23e+18
221,Te,7000.0,2.23e+18
222,Ti,7000.0,2.23e+18
223,Tl,7000.0,2.23e+18
224,Tm,7000.0,2.23e+18
225,V,7000.0,2.23e+18
226,W,7000.0,2.23e+18
227,Xe,7000.0,2.23e+18
228,Y,7000.0,2.23e+18
229,Yb,7000.0,2.23e+18
230,Zn,7000.0,2.23e+18
231,Ac,7000.0,3.34e+18
232,Ag,7000.0,3.34e+18
233,Al,7000.0,3.34e+18
234,Ar,7000.0,3.34e+18
235,As,7000.0,3.34e+18
236,Au,7000.0,3.34e+18
237,B,7000.0,3.34e+18
238,Ba,7000.0,3.34e+18
239,Be,7000.0,3.34e+18
240,Bi,7000.0,3.34e+18
241,Br,7000.0,3.34e+18
242,C,7000.0,3.34e+18
243,Ca,7000.0,3.34e+18
244,Cd,7000.0,3.34e+18
245,Ce,7000.0,3.34e+18
246,Cl,7000.0,3.34e+18
247,Co,7000.0,3.34e+18
248,Cr,7000.0,3.34e+18
249,Cs,7000.0,3.34e+18
250,Cu,7000.0,3.34e+18
251,Dy,7000.0,3.34e+18
252,Er,7000.0,3.34e+18
253,Eu,7000.0,3.34e+18
254,F,7000.0,3.34e+18
255,Fe,7000.0,3.34e+18
256,Fr,7000.0,3.34e+18
257,Ga,7000.0,3.34e+18
258,Gd,7000.0,3.34e+18
259,Ge,7000.0,3.34e+18
260,H,7000.0,3.34e+18
261,He,7000.0,3.34e+18
262,Hf,7000.0,3.34e+18
263,Hg,7000.0,3.34e+18
264,Ho,7000.0,3.34e+18
265,K,7000.0,3.34e+18
266,Kr,7000.0,3.34e+18
267,La,7000.0,3.34e+18
268,Li,7000.0,3.34e+18
269,Lu,7000.0,3.34e+18
270,Mg,7000.0,3.34e+18
271,Mn,7000.0,3.34e+18
272,Mo,7000.0,3.34e+18
273,N,7000.0,3.34e+18
274,Na,7000.0,3.34e+18
275,Nd,7000.0,3.34e+18
276,Ne,7000.0,3.34e+18
277,Ni,7000.0,3.34e+18
278,O,7000.0,3.34e+18
279,P,7000.0,3.34e+18
280,Pb,7000.0,3.34e+18
281,Pd,7000.0,3.34e+18
282,Pr,7000.0,3.34e+18
283,Pt,7000.0,3.34e+18
284,Ra,7000.0,3.34e+18
285,Rb,7000.0,3.34e+18
286,Rh,7000.0,3.34e+18
287,Ru,7000.0,3.34e+18
288,S,7000.0,3.34e+18
289,Sb,7000.0,3.34e+18
290,Sc,7000.0,3.34e+18
291,Si,7000.0,3.34e+18
292,Sm,7000.0,3.34e+18
293,Sn,7000.0,3.34e+18
294,Sr,7000.0,3.34e+18
295,Ta,7000.0,3.34e+18
296,Tb,7000.0,3.34e+18
297,Tc,7000.0,3.34e+18
298,Te,7000.0,3.34e+18
299,Ti,7000.0,3.34e+18
300,Tl,7000.0,3.34e+18
301,Tm,7000.0,3.34e+18
302,V,7000.0,3.34e+18
303,W,7000.0,3.34e+18
304,Xe,7000.0,3.34e+18
305,Y,7000.0,3.34e+18
306,Yb,7000.0,3.34e+18
307,Zn,7000.0,3.34e+18
308,Ac,7000.0,4.45e+18
309,Ag,7000.0,4.45e+18
310,Al,7000.0,4.45e+18
311,Ar,7000.0,4.45e+18
312,As,7000.0,4.45e+18
313,Au,7000.0,4.45e+18
314,B,7000.0,4.45e+18
315,Ba,7000.0,4.45e+18
316,Be,7000.0,4.45e+18
317,Bi,7000.0,4.45e+18
318,Br,7000.0,4.45e+18
319,C,7000.0,4.45e+18
320,Ca,7000.0,4.45e+18
321,Cd,7000.0,4.45e+18
322,Ce,7000.0,4.45e+18
323,Cl,7000.0,4.45e+18
324,Co,7000.0,4.45e+18
325,Cr,7000.0,4.45e+18
326,Cs,7000.0,4.45e+18
327,Cu,7000.0,4.45e+18
328,Dy,7000.0,4.45e+18
329,Er,7000.0,4.45e+18
330,Eu,7000.0,4.45e+18
331,F,7000.0,4.45e+18
332,Fe,7000.0,4.45e+18
333,Fr,7000.0,4.45e+18
334,Ga,7000.0,4.45e+18
335,Gd,7000.0,4.45e+18
336,Ge,7000.0,4.45e+18
337,H,7000.0,4.45e+18
338,He,7000.0,4.45e+18
339,Hf,7000.0,4.45e+18
340,Hg,7000.0,4.45e+18
341,Ho,7000.0,4.45e+18
342,K,7000.0,4.45e+18
343,Kr,7000.0,4.45e+18
344,La,7000.0,4.45e+18
345,Li,7000.0,4.45e+18
346,Lu,7000.0,4.45e+18
347,Mg,7000.0,4.45e+18
348,Mn,7000.0,4.45e+18
349,Mo,7000.0,4.45e+18
350,N,7000.0,4.45e+18
351,Na,7000.0,4.45e+18
352,Nd,7000.0,4.45e+18
353,Ne,7000.0,4.45e+18
354,Ni,7000.0,4.45e+18
355,O,7000.0,4.45e+18
356,P,7000.0,4.45e+18
357,Pb,7000.0,4.45e+18
358,Pd,7000.0,4.45e+18
359,Pr,7000.0,4.45e+18
360,Pt,7000.0,4.45e+18
361,Ra,7000.0,4.45e+18
362,Rb,7000.0,4.45e+18
363,Rh,7000.0,4.45e+18
364,Ru,7000.0,4.45e+18
365,S,7000.0,4.45e+18
366,Sb,7000.0,4.45e+18
367,Sc,7000.0,4.45e+18
368,Si,7000.0,4.45e+18
369,Sm,7000.0,4.45e+18
370,Sn,7000.0,4.45e+18
371,Sr,7000.0,4.45e+18
372,Ta,7000.0,4.45e+18
373,Tb,7000.0,4.45e+18
374,Tc,7000.0,4.45e+18
375,Te,7000.0,4.45e+18
376,Ti,7000.0,4.45e+18
377,Tl,7000.0,4.45e+18
378,Tm,7000.0,4.45e+18
379,V,7000.0,4.45e+18
380,W,7000.0,4.45e+18
381,Xe,7000.0,4.45e+18
382,Y,7000.0,4.45e+18
383,Yb,7000.0,4.45e+18
384,Zn,7000.0,4.45e+18
385,Ac,7000.0,5.56e+18
386,Ag,7000.0,5.56e+18
387,Al,7000.0,5.56e+18
388,Ar,7000.0,5.56e+18
389,As,7000.0,5.56e+18
390,Au,7000.0,5.56e+18
391,B,7000.0,5.56e+18
392,Ba,7000.0,5.56e+18
393,Be,7000.0,5.56e+18
394,Bi,7000.0,5.56e+18
395,Br,7000.0,5.56e+18
396,C,7000.0,5.56e+18
397,Ca,7000.0,5.56e+18
398,Cd,7000.0,5.56e+18
399,Ce,7000.0,5.56e+18
400,Cl,7000.0,5.56e+18
401,Co,7000.0,5.56e+18
402,Cr,7000.0,5.56e+18
403,Cs,7000.0,5.56e+18
404,Cu,7000.0,5.56e+18
405,Dy,7000.0,5.56e+18
406,Er,7000.0,5.56e+18
407,Eu,7000.0,5.56e+18
408,F,7000.0,5.56e+18
409,Fe,7000.0,5.56e+18
410,Fr,7000.0,5.56e+18
411,Ga,7000.0,5.56e+18
412,Gd,7000.0,5.56e+18
413,Ge,7000.0,5.56e+18
414,H,7000.0,5.56e+18
415,He,7000.0,5.56e+18
416,Hf,7000.0,5.56e+18
417,Hg,7000.0,5.56e+18
418,Ho,7000.0,5.56e+18
419,K,7000.0,5.56e+18
420,Kr,7000.0,5.56e+18
421,La,7000.0,5.56e+18
422,Li,7000.0,5.56e+18
423,Lu,7000.0,5.56e+18
424,Mg,7000.0,5.56e+18
425,Mn,7000.0,5.56e+18
426,Mo,7000.0,5.56e+18
427,N,7000.0,5.56e+18
428,Na,7000.0,5.56e+18
429,Nd,7000.0,5.56e+18
430,Ne,7000.0,5.56e+18
431,Ni,7000.0,5.56e+18
432,O,7000.0,5.56e+18
433,P,7000.0,5.56e+18
434,Pb,7000.0,5.56e+18
435,Pd,7000.0,5.56e+18
436,Pr,7000.0,5.56e+18
437,Pt,7000.0,5.56e+18
438,Ra,7000.0,5.56e+18
439,Rb,7000.0,5.56e+18
440,Rh,7000.0,5.56e+18
441,Ru,7000.0,5.56e+18
442,S,7000.0,5.56e+18
443,Sb,7000.0,5.56e+18
444,Sc,7000.0,5.56e+18
445,Si,7000.0,5.56e+18
446,Sm,7000.0,5.56e+18
447,Sn,7000.0,5.56e+18
448,Sr,7000.0,5.56e+18
449,Ta,7000.0,5.56e+18
450,Tb,7000.0,5.56e+18
451,Tc,7000.0,5.56e+18
452,Te,7000.0,5.56e+18
453,Ti,7000.0,5.56e+18
454,Tl,7000.0,5.56e+18
455,Tm,7000.0,5.56e+18
456,V,7000.0,5.56e+18
457,W,7000.0,5.56e+18
458,Xe,7000.0,5.56e+18
459,Y,7000.0,5.56e+18
460,Yb,7000.0,5.56e+18
461,Zn,7000.0,5.56e+18
462,Ac,7000.0,6.67e+18
463,Ag,7000.0,6.67e+18
464,Al,7000.0,6.67e+18
465,Ar,7000.0,6.67e+18
466,As,7000.0,6.67e+18
467,Au,7000.0,6.67e+18
468,B,7000.0,6.67e+18
469,Ba,7000.0,6.67e+18
470,Be,7000.0,6.67e+18
471,Bi,7000.0,6.67e+18
472,Br,7000.0,6.67e+18
473,C,7000.0,6.67e+18
474,Ca,7000.0,6.67e+18
475,Cd,7000.0,6.67e+18
476,Ce,7000.0,6.67e+18
477,Cl,7000.0,6.67e+18
478,Co,7000.0,6.67e+18
479,Cr,7000.0,6.67e+18
480,Cs,7000.0,6.67e+18
481,Cu,7000.0,6.67e+18
482,Dy,7000.0,6.67e+18
483,Er,7000.0,6.67e+18
484,Eu,7000.0,6.67e+18
485,F,7000.0,6.67e+18
486,Fe,7000.0,6.67e+18
487,Fr,7000.0,6.67e+18
488,Ga,7000.0,6.67e+18
489,Gd,7000.0,6.67e+18
490,Ge,7000.0,6.67e+18
491,H,7000.0,6.67e+18
492,He,7000.0,6.67e+18
493,Hf,7000.0,6.67e+18
494,Hg,7000.0,6.67e+18
495,Ho,7000.0,6.67e+18
496,K,7000.0,6.67e+18
497,Kr,7000.0,6.67e+18
498,La,7000.0,6.67e+18
499,Li,7000.0,6.67e+18
500,Lu,7000.0,6.67e+18
501,Mg,7000.0,6.67e+18
502,Mn,7000.0,6.67e+18
503,Mo,7000.0,6.67e+18
504,N,7000.0,6.67e+18
505,Na,7000.0,6.67e+18
506,Nd,7000.0,6.67e+18
507,Ne,7000.0,6.67e+18
508,Ni,7000.0,6.67e+18
509,O,7000.0,6.67e+18
510,P,7000.0,6.67e+18
511,Pb,7000.0,6.67e+18
512,Pd,7000.0,6.67e+18
513,Pr,7000.0,6.67e+18
514,Pt,7000.0,6.67e+18
515,Ra,7000.0,6.67e+18
516,Rb,7000.0,6.67e+18
517,Rh,7000.0,6.67e+18
518,Ru,7000.0,6.67e+18
519,S,7000.0,6.67e+18
520,Sb,7000.0,6.67e+18
521,Sc,7000.0,6.67e+18
522,Si,7000.0,6.67e+18
523,Sm,7000.0,6.67e+18
524,Sn,7000.0,6.67e+18
525,Sr,7000.0,6.67e+18
526,Ta,7000.0,6.67e+18
527,Tb,7000.0,6.67e+18
528,Tc,7000.0,6.67e+18
529,Te,7000.0,6.67e+18
530,Ti,7000.0,6.67e+18
531,Tl,7000.0,6.67e+18
532,Tm,7000.0,6.67e+18
533,V,7000.0,6.67e+18
534,W,7000.0,6.67e+18
535,Xe,7000.0,6.67e+18
536,Y,7000.0,6.67e+18
537,Yb,7000.0,6.67e+18
538,Zn,7000.0,6.67e+18
539,Ac,7000.0,7.78e+18
540,Ag,7000.0,7.78e+18
541,Al,7000.0,7.78e+18
542,Ar,7000.0,7.78e+18
543,As,7000.0,7.78e+18
544,Au,7000.0,7.78e+18
545,B,7000.0,7.78e+18
546,Ba,7000.0,7.78e+18
547,Be,7000.0,7.78e+18
548,Bi,7000.0,7.78e+18
549,Br,7000.0,7.78e+18
550,C,7000.0,7.78e+18
551,Ca,7000.0,7.78e+18
552,Cd,7000.0,7.78e+18
553,Ce,7000.0,7.78e+18
554,Cl,7000.0,7.78e+18
555,Co,7000.0,7.78e+18
556,Cr,7000.0,7.78e+18
557,Cs,7000.0,7.78e+18
558,Cu,7000.0,7.78e+18
559,Dy,7000.0,7.78e+18
560,Er,7000.0,7.78e+18
561,Eu,7000.0,7.78e+18
562,F,7000.0,7.78e+18
563,Fe,7000.0,7.78e+18
564,Fr,7000.0,7.78e+18
565,Ga,7000.0,7.78e+18
566,Gd,7000.0,7.78e+18
567,Ge,7000.0,7.78e+18
568,H,7000.0,7.78e+18
569,He,7000.0,7.78e+18
570,Hf,7000.0,7.78e+18
571,Hg,7000.0,7.78e+18
572,Ho,7000.0,7.78e+18
573,K,7000.0,7.78e+18
574,Kr,7000.0,7.78e+18
575,La,7000.0,7.78e+18
576,Li,7000.0,7.78e+18
577,Lu,7000.0,7.78e+18
578,Mg,7000.0,7.78e+18
579,Mn,7000.0,7.78e+18
580,Mo,7000.0,7.78e+18
581,N,7000.0,7.78e+18
582,Na,7000.0,7.78e+18
583,Nd,7000.0,7.78e+18
584,Ne,7000.0,7.78e+18
585,Ni,7000.0,7.78e+18
586,O,7000.0,7.78e+18
587,P,7000.0,7.78e+18
588,Pb,7000.0,7.78e+18
589,Pd,7000.0,7.78e+18
590,Pr,7000.0,7.78e+18
591,Pt,7000.0,7.78e+18
592,Ra,7000.0,7.78e+18
593,Rb,7000.0,7.78e+18
594,Rh,7000.0,7.78e+18
595,Ru,7000.0,7.78e+18
596,S,7000.0,7.78e+18
597,Sb,7000.0,7.78e+18
598,Sc,7000.0,7.78e+18
599,Si,7000.0,7.78e+18
600,Sm,7000.0,7.78e+18
601,Sn,7000.0,7.78e+18
602,Sr,7000.0,7.78e+18
603,Ta,7000.0,7.78e+18
604,Tb,7000.0,7.78e+18
605,Tc,7000.0,7.78e+18
606,Te,7000.0,7.78e+18
607,Ti,7000.0,7.78e+18
608,Tl,7000.0,7.78e+18
609,Tm,7000.0,7.78e+18
610,V,7000.0,7.78e+18
611,W,7000.0,7.78e+18
612,Xe,7000.0,7.78e+18
613,Y,7000.0,7.78e+18
614,Yb,7000.0,7.78e+18
615,Zn,7000.0,7.78e+18
616,Ac,7000.0,8.89e+18
617,Ag,7000.0,8.89e+18
618,Al,7000.0,8.89e+18
619,Ar,7000.0,8.89e+18
620,As,7000.0,8.89e+18
621,Au,7000.0,8.89e+18
622,B,7000.0,8.89e+18
623,Ba,7000.0,8.89e+18
624,Be,7000.0,8.89e+18
625,Bi,7000.0,8.89e+18
626,Br,7000.0,8.89e+18
627,C,7000.0,8.89e+18
628,Ca,7000.0,8.89e+18
629,Cd,7000.0,8.89e+18
630,Ce,7000.0,8.89e+18
631,Cl,7000.0,8.89e+18
632,Co,7000.0,8.89e+18
633,Cr,7000.0,8.89e+18
634,Cs,7000.0,8.89e+18
635,Cu,7000.0,8.89e+18
636,Dy,7000.0,8.89e+18
637,Er,7000.0,8.89e+18
638,Eu,7000.0,8.89e+18
639,F,7000.0,8.89e+18
640,Fe,7000.0,8.89e+18
641,Fr,7000.0,8.89e+18
642,Ga,7000.0,8.89e+18
643,Gd,7000.0,8.89e+18
644,Ge,7000.0,8.89e+18
645,H,7000.0,8.89e+18
646,He,7000.0,8.89e+18
647,Hf,7000.0,8.89e+18
648,Hg,7000.0,8.89e+18
649,Ho,7000.0,8.89e+18
650,K,7000.0,8.89e+18
651,Kr,7000.0,8.89e+18
652,La,7000.0,8.89e+18
653,Li,7000.0,8.89e+18
654,Lu,7000.0,8.89e+18
655,Mg,7000.0,8.89e+18
656,Mn,7000.0,8.89e+18
657,Mo,7000.0,8.89e+18
658,N,7000.0,8.89e+18
659,Na,7000.0,8.89e+18
660,Nd,7000.0,8.89e+18
661,Ne,7000.0,8.89e+18
662,Ni,7000.0,8.89e+18
663,O,7000.0,8.89e+18
664,P,7000.0,8.89e+18
665,Pb,7000.0,8.89e+18
666,Pd,7000.0,8.89e+18
667,Pr,7000.0,8.89e+18
668,Pt,7000.0,8.89e+18
669,Ra,7000.0,8.89e+18
670,Rb,7000.0,8.89e+18
671,Rh,7000.0,8.89e+18
672,Ru,7000.0,8.89e+18
673,S,7000.0,8.89e+18
674,Sb,7000.0,8.89e+18
675,Sc,7000.0,8.89e+18
676,Si,7000.0,8.89e+18
677,Sm,7000.0,8.89e+18
678,Sn,7000.0,8.89e+18
679,Sr,7000.0,8.89e+18
680,Ta,7000.0,8.89e+18
681,Tb,7000.0,8.89e+18
682,Tc,7000.0,8.89e+18
683,Te,7000.0,8.89e+18
684,Ti,7000.0,8.89e+18
685,Tl,7000.0,8.89e+18
686,Tm,7000.0,8.89e+18
687,V,7000.0,8.89e+18
688,W,7000.0,8.89e+18
689,Xe,7000.0,8.89e+18
690,Y,7000.0,8.89e+18
691,Yb,7000.0,8.89e+18
692,Zn,7000.0,8.89e+18
693,Ac,7000.0,1e+19
694,Ag,7000.0,1e+19
695,Al,7000.0,1e+19
696,Ar,7000.0,1e+19
697,As,7000.0,1e+19
698,Au,7000.0,1e+19
699,B,7000.0,1e+19
700,Ba,7000.0,1e+19
701,Be,7000.0,1e+19
702,Bi,7000.0,1e+19
703,Br,7000.0,1e+19
704,C,7000.0,1e+19
705,Ca,7000.0,1e+19
706,Cd,7000.0,1e+19
707,Ce,7000.0,1e+19
708,Cl,7000.0,1e+19
709,Co,7000.0,1e+19
710,Cr,7000.0,1e+19
711,Cs,7000.0,1e+19
712,Cu,7000.0,1e+19
713,Dy,7000.0,1e+19
714,Er,7000.0,1e+19
715,Eu,7000.0,1e+19
716,F,7000.0,1e+19
717,Fe,7000.0,1e+19
718,Fr,7000.0,1e+19
719,Ga,7000.0,1e+19
720,Gd,7000.0,1e+19
721,Ge,7000.0,1e+19
722,H,7000.0,1e+19
723,He,7000.0,1e+19
724,Hf,7000.0,1e+19
725,Hg,7000.0,1e+19
726,Ho,7000.0,1e+19
727,K,7000.0,1e+19
728,Kr,7000.0,1e+19
729,La,7000.0,1e+19
730,Li,7000.0,1e+19
731,Lu,7000.0,1e+19
732,Mg,7000.0,1e+19
733,Mn,7000.0,1e+19
734,Mo,7000.0,1e+19
735,N,7000.0,1e+19
736,Na,7000.0,1e+19
737,Nd,7000.0,1e+19
738,Ne,7000.0,1e+19
739,Ni,7000.0,1e+19
740,O,7000.0,1e+19
741,P,7000.0,1e+19
742,Pb,7000.0,1e+19
743,Pd,7000.0,1e+19
744,Pr,7000.0,1e+19
745,Pt,7000.0,1e+19
746,Ra,7000.0,1e+19
747,Rb,7000.0,1e+19
748,Rh,7000.0,1e+19
749,Ru,7000.0,1e+19
750,S,7000.0,1e+19
751,Sb,7000.0,1e+19
752,Sc,7000.0,1e+19
753,Si,7000.0,1e+19
754,Sm,7000.0,1e+19
755,Sn,7000.0,1e+19
756,Sr,7000.0,1e+19
757,Ta,7000.0,1e+19
758,Tb,7000.0,1e+19
759,Tc,7000.0,1e+19
760,Te,7000.0,1e+19
761,Ti,7000.0,1e+19
762,Tl,7000.0,1e+19
763,Tm,7000.0,1e+19
764,V,7000.0,1e+19
765,W,7000.0,1e+19
766,Xe,7000.0,1e+19
767,Y,7000.0,1e+19
768,Yb,7000.0,1e+19
769,Zn,7000.0,1e+19
770,Ac,7888.888888888889,1e+16
771,Ag,7888.888888888889,1e+16
772,Al,7888.888888888889,1e+16
773,Ar,7888.888888888889,1e+16
774,As,7888.888888888889,1e+16
775,Au,7888.888888888889,1e+16
776,B,7888.888888888889,1e+16
777,Ba,7888.888888888889,1e+16
778,Be,7888.888888888889,1e+16
779,Bi,7888.888888888889,1e+16
780,Br,7888.888888888889,1e+16
781,C,7888.888888888889,1e+16
782,Ca,7888.888888888889,1e+16
783,Cd,7888.888888888889,1e+16
784,Ce,7888.888888888889,1e+16
785,Cl,7888.888888888889,1e+16
786,Co,7888.888888888889,1e+16
787,Cr,7888.888888888889,1e+16
788,Cs,7888.888888888889,1e+16
789,Cu,7888.888888888889,1e+16
790,Dy,7888.888888888889,1e+16
791,Er,7888.888888888889,1e+16
792,Eu,7888.888888888889,1e+16
793,F,7888.888888888889,1e+16
794,Fe,7888.888888888889,1e+16
795,Fr,7888.888888888889,1e+16
796,Ga,7888.888888888889,1e+16
797,Gd,7888.888888888889,1e+16
798,Ge,7888.888888888889,1e+16
799,H,7888.888888888889,1e+16
800,He,7888.888888888889,1e+16
801,Hf,7888.888888888889,1e+16
802,Hg,7888.888888888889,1e+16
803,Ho,7888.888888888889,1e+16
804,K,7888.888888888889,1e+16
805,Kr,7888.888888888889,1e+16
806,La,7888.888888888889,1e+16
807,Li,7888.888888888889,1e+16
808,Lu,7888.888888888889,1e+16
809,Mg,7888.888888888889,1e+16
810,Mn,7888.888888888889,1e+16
811,Mo,7888.888888888889,1e+16
812,N,7888.888888888889,1e+16
813,Na,7888.888888888889,1e+16
814,Nd,7888.888888888889,1e+16
815,Ne,7888.888888888889,1e+16
816,Ni,7888.888888888889,1e+16
817,O,7888.888888888889,1e+16
818,P,7888.888888888889,1e+16
819,Pb,7888.888888888889,1e+16
820,Pd,7888.888888888889,1e+16
821,Pr,7888.888888888889,1e+16
822,Pt,7888.888888888889,1e+16
823,Ra,7888.888888888889,1e+16
824,Rb,7888.888888888889,1e+16
825,Rh,7888.888888888889,1e+16
826,Ru,7888.888888888889,1e+16
827,S,7888.888888888889,1e+16
828,Sb,7888.888888888889,1e+16
829,Sc,7888.888888888889,1e+16
830,Si,7888.888888888889,1e+16
831,Sm,7888.888888888889,1e+16
832,Sn,7888.888888888889,1e+16
833,Sr,7888.888888888889,1e+16
834,Ta,7888.888888888889,1e+16
835,Tb,7888.888888888889,1e+16
836,Tc,7888.888888888889,1e+16
837,Te,7888.888888888889,1e+16
838,Ti,7888.888888888889,1e+16
839,Tl,7888.888888888889,1e+16
840,Tm,7888.888888888889,1e+16
841,V,7888.888888888889,1e+16
842,W,7888.888888888889,1e+16
843,Xe,7888.888888888889,1e+16
844,Y,7888.888888888889,1e+16
845,Yb,7888.888888888889,1e+16
846,Zn,7888.888888888889,1e+16
847,Ac,7888.888888888889,1.12e+18
848,Ag,7888.888888888889,1.12e+18
849,Al,7888.888888888889,1.12e+18
850,Ar,7888.888888888889,1.12e+18
851,As,7888.888888888889,1.12e+18
852,Au,7888.888888888889,1.12e+18
853,B,7888.888888888889,1.12e+18
854,Ba,7888.888888888889,1.12e+18
855,Be,7888.888888888889,1.12e+18
856,Bi,7888.888888888889,1.12e+18
857,Br,7888.888888888889,1.12e+18
858,C,7888.888888888889,1.12e+18
859,Ca,7888.888888888889,1.12e+18
860,Cd,7888.888888888889,1.12e+18
861,Ce,7888.888888888889,1.12e+18
862,Cl,7888.888888888889,1.12e+18
863,Co,7888.888888888889,1.12e+18
864,Cr,7888.888888888889,1.12e+18
865,Cs,7888.888888888889,1.12e+18
866,Cu,7888.888888888889,1.12e+18
867,Dy,7888.888888888889,1.12e+18
868,Er,7888.888888888889,1.12e+18
869,Eu,7888.888888888889,1.12e+18
870,F,7888.888888888889,1.12e+18
871,Fe,7888.888888888889,1.12e+18
872,Fr,7888.888888888889,1.12e+18
873,Ga,7888.888888888889,1.12e+18
874,Gd,7888.888888888889,1.12e+18
875,Ge,7888.888888888889,1.12e+18
876,H,7888.888888888889,1.12e+18
877,He,7888.888888888889,1.12e+18
878,Hf,7888.888888888889,1.12e+18
879,Hg,7888.888888888889,1.12e+18
880,Ho,7888.888888888889,1.12e+18
881,K,7888.888888888889,1.12e+18
882,Kr,7888.888888888889,1.12e+18
883,La,7888.888888888889,1.12e+18
884,Li,7888.888888888889,1.12e+18
885,Lu,7888.888888888889,1.12e+18
886,Mg,7888.888888888889,1.12e+18
887,Mn,7888.888888888889,1.12e+18
888,Mo,7888.888888888889,1.12e+18
889,N,7888.888888888889,1.12e+18
890,Na,7888.888888888889,1.12e+18
891,Nd,7888.888888888889,1.12e+18
892,Ne,7888.888888888889,1.12e+18
893,Ni,7888.888888888889,1.12e+18
894,O,7888.888888888889,1.12e+18
895,P,7888.888888888889,1.12e+18
896,Pb,7888.888888888889,1.12e+18
897,Pd,7888.888888888889,1.12e+18
898,Pr,7888.888888888889,1.12e+18
899,Pt,7888.888888888889,1.12e+18
900,Ra,7888.888888888889,1.12e+18
901,Rb,7888.888888888889,1.12e+18
902,Rh,7888.888888888889,1.12e+18
903,Ru,7888.888888888889,1.12e+18
904,S,7888.888888888889,1.12e+18
905,Sb,7888.888888888889,1.12e+18
906,Sc,7888.888888888889,1.12e+18
907,Si,7888.888888888889,1.12e+18
908,Sm,7888.888888888889,1.12e+18
909,Sn,7888.888888888889,1.12e+18
910,Sr,7888.888888888889,1.12e+18
911,Ta,7888.888888888889,1.12e+18
912,Tb,7888.888888888889,1.12e+18
913,Tc,7888.888888888889,1.12e+18
914,Te,7888.888888888889,1.12e+18
915,Ti,7888.888888888889,1.12e+18
916,Tl,7888.888888888889,1.12e+18
917,Tm,7888.888888888889,1.12e+18
918,V,7888.888888888889,1.12e+18
919,W,7888.888888888889,1.12e+18
920,Xe,7888.888888888889,1.12e+18
921,Y,7888.888888888889,1.12e+18
922,Yb,7888.888888888889,1.12e+18
923,Zn,7888.888888888889,1.12e+18
924,Ac,7888.888888888889,2.23e+18
925,Ag,7888.888888888889,2.23e+18
926,Al,7888.888888888889,2.23e+18
927,Ar,7888.888888888889,2.23e+18
928,As,7888.888888888889,2.23e+18
929,Au,7888.888888888889,2.23e+18
930,B,7888.888888888889,2.23e+18
931,Ba,7888.888888888889,2.23e+18
932,Be,7888.888888888889,2.23e+18
933,Bi,7888.888888888889,2.23e+18
934,Br,7888.888888888889,2.23e+18
935,C,7888.888888888889,2.23e+18
936,Ca,7888.888888888889,2.23e+18
937,Cd,7888.888888888889,2.23e+18
938,Ce,7888.888888888889,2.23e+18
939,Cl,7888.888888888889,2.23e+18
940,Co,7888.888888888889,2.23e+18
941,Cr,7888.888888888889,2.23e+18
942,Cs,7888.888888888889,2.23e+18
943,Cu,7888.888888888889,2.23e+18
944,Dy,7888.888888888889,2.23e+18
945,Er,7888.888888888889,2.23e+18
946,Eu,7888.888888888889,2.23e+18
947,F,7888.888888888889,2.23e+18
948,Fe,7888.888888888889,2.23e+18
949,Fr,7888.888888888889,2.23e+18
950,Ga,7888.888888888889,2.23e+18
951,Gd,7888.888888888889,2.23e+18
952,Ge,7888.888888888889,2.23e+18
953,H,7888.888888888889,2.23e+18
954,He,7888.888888888889,2.23e+18
955,Hf,7888.888888888889,2.23e+18
956,Hg,7888.888888888889,2.23e+18
957,Ho,7888.888888888889,2.23e+18
958,K,7888.888888888889,2.23e+18
959,Kr,7888.888888888889,2.23e+18
960,La,7888.888888888889,2.23e+18
961,Li,7888.888888888889,2.23e+18
962,Lu,7888.888888888889,2.23e+18
963,Mg,7888.888888888889,2.23e+18
964,Mn,7888.888888888889,2.23e+18
965,Mo,7888.888888888889,2.23e+18
966,N,7888.888888888889,2.23e+18
967,Na,7888.888888888889,2.23e+18
968,Nd,7888.888888888889,2.23e+18
969,Ne,7888.888888888889,2.23e+18
970,Ni,7888.888888888889,2.23e+18
971,O,7888.888888888889,2.23e+18
972,P,7888.888888888889,2.23e+18
973,Pb,7888.888888888889,2.23e+18
974,Pd,7888.888888888889,2.23e+18
975,Pr,7888.888888888889,2.23e+18
976,Pt,7888.888888888889,2.23e+18
977,Ra,7888.888888888889,2.23e+18
978,Rb,7888.888888888889,2.23e+18
979,Rh,7888.888888888889,2.23e+18
980,Ru,7888.888888888889,2.23e+18
981,S,7888.888888888889,2.23e+18
982,Sb,7888.888888888889,2.23e+18
983,Sc,7888.888888888889,2.23e+18
984,Si,7888.888888888889,2.23e+18
985,Sm,7888.888888888889,2.23e+18
986,Sn,7888.888888888889,2.23e+18
987,Sr,7888.888888888889,2.23e+18
988,Ta,7888.888888888889,2.23e+18
989,Tb,7888.888888888889,2.23e+18
990,Tc,7888.888888888889,2.23e+18
991,Te,7888.888888888889,2.23e+18
992,Ti,7888.888888888889,2.23e+18
993,Tl,7888.888888888889,2.23e+18
994,Tm,7888.888888888889,2.23e+18
995,V,7888.888888888889,2.23e+18
996,W,7888.888888888889,2.23e+18
997,Xe,7888.888888888889,2.23e+18
998,Y,7888.888888888889,2.23e+18
999,Yb,7888.888888888889,2.23e+18
1000,Zn,7888.888888888889,2.23e+18
1001,Ac,7888.888888888889,3.34e+18
1002,Ag,7888.888888888889,3.34e+18
1003,Al,7888.888888888889,3.34e+18
1004,Ar,7888.888888888889,3.34e+18
1005,As,7888.888888888889,3.34e+18
1006,Au,7888.888888888889,3.34e+18
1007,B,7888.888888888889,3.34e+18
1008,Ba,7888.888888888889,3.34e+18
1009,Be,7888.888888888889,3.34e+18
1010,Bi,7888.888888888889,3.34e+18
1011,Br,7888.888888888889,3.34e+18
1012,C,7888.888888888889,3.34e+18
1013,Ca,7888.888888888889,3.34e+18
1014,Cd,7888.888888888889,3.34e+18
1015,Ce,7888.888888888889,3.34e+18
1016,Cl,7888.888888888889,3.34e+18
1017,Co,7888.888888888889,3.34e+18
1018,Cr,7888.888888888889,3.34e+18
1019,Cs,7888.888888888889,3.34e+18
1020,Cu,7888.888888888889,3.34e+18
1021,Dy,7888.888888888889,3.34e+18
1022,Er,7888.888888888889,3.34e+18
1023,Eu,7888.888888888889,3.34e+18
1024,F,7888.888888888889,3.34e+18
1025,Fe,7888.888888888889,3.34e+18
1026,Fr,7888.888888888889,3.34e+18
1027,Ga,7888.888888888889,3.34e+18
1028,Gd,7888.888888888889,3.34e+18
1029,Ge,7888.888888888889,3.34e+18
1030,H,7888.888888888889,3.34e+18
1031,He,7888.888888888889,3.34e+18
1032,Hf,7888.888888888889,3.34e+18
1033,Hg,7888.888888888889,3.34e+18
1034,Ho,7888.888888888889,3.34e+18
1035,K,7888.888888888889,3.34e+18
1036,Kr,7888.888888888889,3.34e+18
1037,La,7888.888888888889,3.34e+18
1038,Li,7888.888888888889,3.34e+18
1039,Lu,7888.888888888889,3.34e+18
1040,Mg,7888.888888888889,3.34e+18
1041,Mn,7888.888888888889,3.34e+18
1042,Mo,7888.888888888889,3.34e+18
1043,N,7888.888888888889,3.34e+18
1044,Na,7888.888888888889,3.34e+18
1045,Nd,7888.888888888889,3.34e+18
1046,Ne,7888.888888888889,3.34e+18
1047,Ni,7888.888888888889,3.34e+18
1048,O,7888.888888888889,3.34e+18
1049,P,7888.888888888889,3.34e+18
1050,Pb,7888.888888888889,3.34e+18
1051,Pd,7888.888888888889,3.34e+18
1052,Pr,7888.888888888889,3.34e+18
1053,Pt,7888.888888888889,3.34e+18
1054,Ra,7888.888888888889,3.34e+18
1055,Rb,7888.888888888889,3.34e+18
1056,Rh,7888.888888888889,3.34e+18
1057,Ru,7888.888888888889,3.34e+18
1058,S,7888.888888888889,3.34e+18
1059,Sb,7888.888888888889,3.34e+18
1060,Sc,7888.888888888889,3.34e+18
1061,Si,7888.888888888889,3.34e+18
1062,Sm,7888.888888888889,3.34e+18
1063,Sn,7888.888888888889,3.34e+18
1064,Sr,7888.888888888889,3.34e+18
1065,Ta,7888.888888888889,3.34e+18
1066,Tb,7888.888888888889,3.34e+18
1067,Tc,7888.888888888889,3.34e+18
1068,Te,7888.888888888889,3.34e+18
1069,Ti,7888.888888888889,3.34e+18
1070,Tl,7888.888888888889,3.34e+18
1071,Tm,7888.888888888889,3.34e+18
1072,V,7888.888888888889,3.34e+18
1073,W,7888.888888888889,3.34e+18
1074,Xe,7888.888888888889,3.34e+18
1075,Y,7888.888888888889,3.34e+18
1076,Yb,7888.888888888889,3.34e+18
1077,Zn,7888.888888888889,3.34e+18
1078,Ac,7888.888888888889,4.45e+18
1079,Ag,7888.888888888889,4.45e+18
1080,Al,7888.888888888889,4.45e+18
1081,Ar,7888.888888888889,4.45e+18
1082,As,7888.888888888889,4.45e+18
1083,Au,7888.888888888889,4.45e+18
1084,B,7888.888888888889,4.45e+18
1085,Ba,7888.888888888889,4.45e+18
1086,Be,7888.888888888889,4.45e+18
1087,Bi,7888.888888888889,4.45e+18
1088,Br,7888.888888888889,4.45e+18
1089,C,7888.888888888889,4.45e+18
1090,Ca,7888.888888888889,4.45e+18
1091,Cd,7888.888888888889,4.45e+18
1092,Ce,7888.888888888889,4.45e+18
1093,Cl,7888.888888888889,4.45e+18
1094,Co,7888.888888888889,4.45e+18
1095,Cr,7888.888888888889,4.45e+18
1096,Cs,7888.888888888889,4.45e+18
1097,Cu,7888.888888888889,4.45e+18
1098,Dy,7888.888888888889,4.45e+18
1099,Er,7888.888888888889,4.45e+18
1100,Eu,7888.888888888889,4.45e+18
1101,F,7888.888888888889,4.45e+18
1102,Fe,7888.888888888889,4.45e+18
1103,Fr,7888.888888888889,4.45e+18
1104,Ga,7888.888888888889,4.45e+18
1105,Gd,7888.888888888889,4.45e+18
1106,Ge,7888.888888888889,4.45e+18
1107,H,7888.888888888889,4.45e+18
1108,He,7888.888888888889,4.45e+18
1109,Hf,7888.888888888889,4.45e+18
1110,Hg,7888.888888888889,4.45e+18
1111,Ho,7888.888888888889,4.45e+18
1112,K,7888.888888888889,4.45e+18
1113,Kr,7888.888888888889,4.45e+18
1114,La,7888.888888888889,4.45e+18
1115,Li,7888.888888888889,4.45e+18
1116,Lu,7888.888888888889,4.45e+18
1117,Mg,7888.888888888889,4.45e+18
1118,Mn,7888.888888888889,4.45e+18
1119,Mo,7888.888888888889,4.45e+18
1120,N,7888.888888888889,4.45e+18
1121,Na,7888.888888888889,4.45e+18
1122,Nd,7888.888888888889,4.45e+18
1123,Ne,7888.888888888889,4.45e+18
1124,Ni,7888.888888888889,4.45e+18
1125,O,7888.888888888889,4.45e+18
1126,P,7888.888888888889,4.45e+18
1127,Pb,7888.888888888889,4.45e+18
1128,Pd,7888.888888888889,4.45e+18
1129,Pr,7888.888888888889,4.45e+18
1130,Pt,7888.888888888889,4.45e+18
1131,Ra,7888.888888888889,4.45e+18
1132,Rb,7888.888888888889,4.45e+18
1133,Rh,7888.888888888889,4.45e+18
1134,Ru,7888.888888888889,4.45e+18
1135,S,7888.888888888889,4.45e+18
1136,Sb,7888.888888888889,4.45e+18
1137,Sc,7888.888888888889,4.45e+18
1138,Si,7888.888888888889,4.45e+18
1139,Sm,7888.888888888889,4.45e+18
1140,Sn,7888.888888888889,4.45e+18
1141,Sr,7888.888888888889,4.45e+18
1142,Ta,7888.888888888889,4.45e+18
1143,Tb,7888.888888888889,4.45e+18
1144,Tc,7888.888888888889,4.45e+18
1145,Te,7888.888888888889,4.45e+18
1146,Ti,7888.888888888889,4.45e+18
1147,Tl,7888.888888888889,4.45e+18
1148,Tm,7888.888888888889,4.45e+18
1149,V,7888.888888888889,4.45e+18
1150,W,7888.888888888889,4.45e+18
1151,Xe,7888.888888888889,4.45e+18
1152,Y,7888.888888888889,4.45e+18
1153,Yb,7888.888888888889,4.45e+18
1154,Zn,7888.888888888889,4.45e+18
1155,Ac,7888.888888888889,5.56e+18
1156,Ag,7888.888888888889,5.56e+18
1157,Al,7888.888888888889,5.56e+18
1158,Ar,7888.888888888889,5.56e+18
1159,As,7888.888888888889,5.56e+18
1160,Au,7888.888888888889,5.56e+18
1161,B,7888.888888888889,5.56e+18
1162,Ba,7888.888888888889,5.56e+18
1163,Be,7888.888888888889,5.56e+18
1164,Bi,7888.888888888889,5.56e+18
1165,Br,7888.888888888889,5.56e+18
1166,C,7888.888888888889,5.56e+18
1167,Ca,7888.888888888889,5.56e+18
1168,Cd,7888.888888888889,5.56e+18
1169,Ce,7888.888888888889,5.56e+18
1170,Cl,7888.888888888889,5.56e+18
1171,Co,7888.888888888889,5.56e+18
1172,Cr,7888.888888888889,5.56e+18
1173,Cs,7888.888888888889,5.56e+18
1174,Cu,7888.888888888889,5.56e+18
1175,Dy,7888.888888888889,5.56e+18
1176,Er,7888.888888888889,5.56e+18
1177,Eu,7888.888888888889,5.56e+18
1178,F,7888.888888888889,5.56e+18
1179,Fe,7888.888888888889,5.56e+18
1180,Fr,7888.888888888889,5.56e+18
1181,Ga,7888.888888888889,5.56e+18
1182,Gd,7888.888888888889,5.56e+18
1183,Ge,7888.888888888889,5.56e+18
1184,H,7888.888888888889,5.56e+18
1185,He,7888.888888888889,5.56e+18
1186,Hf,7888.888888888889,5.56e+18
1187,Hg,7888.888888888889,5.56e+18
1188,Ho,7888.888888888889,5.56e+18
1189,K,7888.888888888889,5.56e+18
1190,Kr,7888.888888888889,5.56e+18
1191,La,7888.888888888889,5.56e+18
1192,Li,7888.888888888889,5.56e+18
1193,Lu,7888.888888888889,5.56e+18
1194,Mg,7888.888888888889,5.56e+18
1195,Mn,7888.888888888889,5.56e+18
1196,Mo,7888.888888888889,5.56e+18
1197,N,7888.888888888889,5.56e+18
1198,Na,7888.888888888889,5.56e+18
1199,Nd,7888.888888888889,5.56e+18
1200,Ne,7888.888888888889,5.56e+18
1201,Ni,7888.888888888889,5.56e+18
1202,O,7888.888888888889,5.56e+18
1203,P,7888.888888888889,5.56e+18
1204,Pb,7888.888888888889,5.56e+18
1205,Pd,7888.888888888889,5.56e+18
1206,Pr,7888.888888888889,5.56e+18
1207,Pt,7888.888888888889,5.56e+18
1208,Ra,7888.888888888889,5.56e+18
1209,Rb,7888.888888888889,5.56e+18
1210,Rh,7888.888888888889,5.56e+18
1211,Ru,7888.888888888889,5.56e+18
1212,S,7888.888888888889,5.56e+18
1213,Sb,7888.888888888889,5.56e+18
1214,Sc,7888.888888888889,5.56e+18
1215,Si,7888.888888888889,5.56e+18
1216,Sm,7888.888888888889,5.56e+18
1217,Sn,7888.888888888889,5.56e+18
1218,Sr,7888.888888888889,5.56e+18
1219,Ta,7888.888888888889,5.56e+18
1220,Tb,7888.888888888889,5.56e+18
1221,Tc,7888.888888888889,5.56e+18
1222,Te,7888.888888888889,5.56e+18
1223,Ti,7888.888888888889,5.56e+18
1224,Tl,7888.888888888889,5.56e+18
1225,Tm,7888.888888888889,5.56e+18
1226,V,7888.888888888889,5.56e+18
1227,W,7888.888888888889,5.56e+18
1228,Xe,7888.888888888889,5.56e+18
1229,Y,7888.888888888889,5.56e+18
1230,Yb,7888.888888888889,5.56e+18
1231,Zn,7888.888888888889,5.56e+18
1232,Ac,7888.888888888889,6.67e+18
1233,Ag,7888.888888888889,6.67e+18
1234,Al,7888.888888888889,6.67e+18
1235,Ar,7888.888888888889,6.67e+18
1236,As,7888.888888888889,6.67e+18
1237,Au,7888.888888888889,6.67e+18
1238,B,7888.888888888889,6.67e+18
1239,Ba,7888.888888888889,6.67e+18
1240,Be,7888.888888888889,6.67e+18
1241,Bi,7888.888888888889,6.67e+18
1242,Br,7888.888888888889,6.67e+18
1243,C,7888.888888888889,6.67e+18
1244,Ca,7888.888888888889,6.67e+18
1245,Cd,7888.888888888889,6.67e+18
1246,Ce,7888.888888888889,6.67e+18
1247,Cl,7888.888888888889,6.67e+18
1248,Co,7888.888888888889,6.67e+18
1249,Cr,7888.888888888889,6.67e+18
1250,Cs,7888.888888888889,6.67e+18
1251,Cu,7888.888888888889,6.67e+18
1252,Dy,7888.888888888889,6.67e+18
1253,Er,7888.888888888889,6.67e+18
1254,Eu,7888.888888888889,6.67e+18
1255,F,7888.888888888889,6.67e+18
1256,Fe,7888.888888888889,6.67e+18
1257,Fr,7888.888888888889,6.67e+18
1258,Ga,7888.888888888889,6.67e+18
1259,Gd,7888.888888888889,6.67e+18
1260,Ge,7888.888888888889,6.67e+18
1261,H,7888.888888888889,6.67e+18
1262,He,7888.888888888889,6.67e+18
1263,Hf,7888.888888888889,6.67e+18
1264,Hg,7888.888888888889,6.67e+18
1265,Ho,7888.888888888889,6.67e+18
1266,K,7888.888888888889,6.67e+18
1267,Kr,7888.888888888889,6.67e+18
1268,La,7888.888888888889,6.67e+18
1269,Li,7888.888888888889,6.67e+18
1270,Lu,7888.888888888889,6.67e+18
1271,Mg,7888.888888888889,6.67e+18
1272,Mn,7888.888888888889,6.67e+18
1273,Mo,7888.888888888889,6.67e+18
1274,N,7888.888888888889,6.67e+18
1275,Na,7888.888888888889,6.67e+18
1276,Nd,7888.888888888889,6.67e+18
1277,Ne,7888.888888888889,6.67e+18
1278,Ni,7888.888888888889,6.67e+18
1279,O,7888.888888888889,6.67e+18
1280,P,7888.888888888889,6.67e+18
1281,Pb,7888.888888888889,6.67e+18
1282,Pd,7888.888888888889,6.67e+18
1283,Pr,7888.888888888889,6.67e+18
1284,Pt,7888.888888888889,6.67e+18
1285,Ra,7888.888888888889,6.67e+18
1286,Rb,7888.888888888889,6.67e+18
1287,Rh,7888.888888888889,6.67e+18
1288,Ru,7888.888888888889,6.67e+18
1289,S,7888.888888888889,6.67e+18
1290,Sb,7888.888888888889,6.67e+18
1291,Sc,7888.888888888889,6.67e+18
1292,Si,7888.888888888889,6.67e+18
1293,Sm,7888.888888888889,6.67e+18
1294,Sn,7888.888888888889,6.67e+18
1295,Sr,7888.888888888889,6.67e+18
1296,Ta,7888.888888888889,6.67e+18
1297,Tb,7888.888888888889,6.67e+18
1298,Tc,7888.888888888889,6.67e+18
1299,Te,7888.888888888889,6.67e+18
1300,Ti,7888.888888888889,6.67e+18
1301,Tl,7888.888888888889,6.67e+18
1302,Tm,7888.888888888889,6.67e+18
1303,V,7888.888888888889,6.67e+18
1304,W,7888.888888888889,6.67e+18
1305,Xe,7888.888888888889,6.67e+18
1306,Y,7888.888888888889,6.67e+18
1307,Yb,7888.888888888889,6.67e+18
1308,Zn,7888.888888888889,6.67e+18
1309,Ac,7888.888888888889,7.78e+18
1310,Ag,7888.888888888889,7.78e+18
1311,Al,7888.888888888889,7.78e+18
1312,Ar,7888.888888888889,7.78e+18
1313,As,7888.888888888889,7.78e+18
1314,Au,7888.888888888889,7.78e+18
1315,B,7888.888888888889,7.78e+18
1316,Ba,7888.888888888889,7.78e+18
1317,Be,7888.888888888889,7.78e+18
1318,Bi,7888.888888888889,7.78e+18
1319,Br,7888.888888888889,7.78e+18
1320,C,7888.888888888889,7.78e+18
1321,Ca,7888.888888888889,7.78e+18
1322,Cd,7888.888888888889,7.78e+18
1323,Ce,7888.888888888889,7.78e+18
1324,Cl,7888.888888888889,7.78e+18
1325,Co,7888.888888888889,7.78e+18
1326,Cr,7888.888888888889,7.78e+18
1327,Cs,7888.888888888889,7.78e+18
1328,Cu,7888.888888888889,7.78e+18
1329,Dy,7888.888888888889,7.78e+18
1330,Er,7888.888888888889,7.78e+18
1331,Eu,7888.888888888889,7.78e+18
1332,F,7888.888888888889,7.78e+18
1333,Fe,7888.888888888889,7.78e+18
1334,Fr,7888.888888888889,7.78e+18
1335,Ga,7888.888888888889,7.78e+18
1336,Gd,7888.888888888889,7.78e+18
1337,Ge,7888.888888888889,7.78e+18
1338,H,7888.888888888889,7.78e+18
1339,He,7888.888888888889,7.78e+18
1340,Hf,7888.888888888889,7.78e+18
1341,Hg,7888.888888888889,7.78e+18
1342,Ho,7888.888888888889,7.78e+18
1343,K,7888.888888888889,7.78e+18
1344,Kr,7888.888888888889,7.78e+18
1345,La,7888.888888888889,7.78e+18
1346,Li,7888.888888888889,7.78e+18
1347,Lu,7888.888888888889,7.78e+18
1348,Mg,7888.888888888889,7.78e+18
1349,Mn,7888.888888888889,7.78e+18
1350,Mo,7888.888888888889,7.78e+18
1351,N,7888.888888888889,7.78e+18
1352,Na,7888.888888888889,7.78e+18
1353,Nd,7888.888888888889,7.78e+18
1354,Ne,7888.888888888889,7.78e+18
1355,Ni,7888.888888888889,7.78e+18
1356,O,7888.888888888889,7.78e+18
1357,P,7888.888888888889,7.78e+18
1358,Pb,7888.888888888889,7.78e+18
1359,Pd,7888.888888888889,7.78e+18
1360,Pr,7888.888888888889,7.78e+18
1361,Pt,7888.888888888889,7.78e+18
1362,Ra,7888.888888888889,7.78e+18
1363,Rb,7888.888888888889,7.78e+18
1364,Rh,7888.888888888889,7.78e+18
1365,Ru,7888.888888888889,7.78e+18
1366,S,7888.888888888889,7.78e+18
1367,Sb,7888.888888888889,7.78e+18
1368,Sc,7888.888888888889,7.78e+18
1369,Si,7888.888888888889,7.78e+18
1370,Sm,7888.888888888889,7.78e+18
1371,Sn,7888.888888888889,7.78e+18
1372,Sr,7888.888888888889,7.78e+18
1373,Ta,7888.888888888889,7.78e+18
1374,Tb,7888.888888888889,7.78e+18
1375,Tc,7888.888888888889,7.78e+18
1376,Te,7888.888888888889,7.78e+18
1377,Ti,7888.888888888889,7.78e+18
1378,Tl,7888.888888888889,7.78e+18
1379,Tm,7888.888888888889,7.78e+18
1380,V,7888.888888888889,7.78e+18
1381,W,7888.888888888889,7.78e+18
1382,Xe,7888.888888888889,7.78e+18
1383,Y,7888.888888888889,7.78e+18
1384,Yb,7888.888888888889,7.78e+18
1385,Zn,7888.888888888889,7.78e+18
1386,Ac,7888.888888888889,8.89e+18
1387,Ag,7888.888888888889,8.89e+18
1388,Al,7888.888888888889,8.89e+18
1389,Ar,7888.888888888889,8.89e+18
1390,As,7888.888888888889,8.89e+18
1391,Au,7888.888888888889,8.89e+18
1392,B,7888.888888888889,8.89e+18
1393,Ba,7888.888888888889,8.89e+18
1394,Be,7888.888888888889,8.89e+18
1395,Bi,7888.888888888889,8.89e+18
1396,Br,7888.888888888889,8.89e+18
1397,C,7888.888888888889,8.89e+18
1398,Ca,7888.888888888889,8.89e+18
1399,Cd,7888.888888888889,8.89e+18
1400,Ce,7888.888888888889,8.89e+18
1401,Cl,7888.888888888889,8.89e+18
1402,Co,7888.888888888889,8.89e+18
1403,Cr,7888.888888888889,8.89e+18
1404,Cs,7888.888888888889,8.89e+18
1405,Cu,7888.888888888889,8.89e+18
1406,Dy,7888.888888888889,8.89e+18
1407,Er,7888.888888888889,8.89e+18
1408,Eu,7888.888888888889,8.89e+18
1409,F,7888.888888888889,8.89e+18
1410,Fe,7888.888888888889,8.89e+18
1411,Fr,7888.888888888889,8.89e+18
1412,Ga,7888.888888888889,8.89e+18
1413,Gd,7888.888888888889,8.89e+18
1414,Ge,7888.888888888889,8.89e+18
1415,H,7888.888888888889,8.89e+18
1416,He,7888.888888888889,8.89e+18
1417,Hf,7888.888888888889,8.89e+18
1418,Hg,7888.888888888889,8.89e+18
1419,Ho,7888.888888888889,8.89e+18
1420,K,7888.888888888889,8.89e+18
1421,Kr,7888.888888888889,8.89e+18
1422,La,7888.888888888889,8.89e+18
1423,Li,7888.888888888889,8.89e+18
1424,Lu,7888.888888888889,8.89e+18
1425,Mg,7888.888888888889,8.89e+18
1426,Mn,7888.888888888889,8.89e+18
1427,Mo,7888.888888888889,8.89e+18
1428,N,7888.888888888889,8.89e+18
1429,Na,7888.888888888889,8.89e+18
1430,Nd,7888.888888888889,8.89e+18
1431,Ne,7888.888888888889,8.89e+18
1432,Ni,7888.888888888889,8.89e+18
1433,O,7888.888888888889,8.89e+18
1434,P,7888.888888888889,8.89e+18
1435,Pb,7888.888888888889,8.89e+18
1436,Pd,7888.888888888889,8.89e+18
1437,Pr,7888.888888888889,8.89e+18
1438,Pt,7888.888888888889,8.89e+18
1439,Ra,7888.888888888889,8.89e+18
1440,Rb,7888.888888888889,8.89e+18
1441,Rh,7888.888888888889,8.89e+18
1442,Ru,7888.888888888889,8.89e+18
1443,S,7888.888888888889,8.89e+18
1444,Sb,7888.888888888889,8.89e+18
1445,Sc,7888.888888888889,8.89e+18
1446,Si,7888.888888888889,8.89e+18
1447,Sm,7888.888888888889,8.89e+18
1448,Sn,7888.888888888889,8.89e+18
1449,Sr,7888.888888888889,8.89e+18
1450,Ta,7888.888888888889,8.89e+18
1451,Tb,7888.888888888889,8.89e+18
1452,Tc,7888.888888888889,8.89e+18
1453,Te,7888.888888888889,8.89e+18
1454,Ti,7888.888888888889,8.89e+18
1455,Tl,7888.888888888889,8.89e+18
1456,Tm,7888.888888888889,8.89e+18
1457,V,7888.888888888889,8.89e+18
1458,W,7888.888888888889,8.89e+18
1459,Xe,7888.888888888889,8.89e+18
1460,Y,7888.888888888889,8.89e+18
1461,Yb,7888.888888888889,8.89e+18
1462,Zn,7888.888888888889,8.89e+18
1463,Ac,7888.888888888889,1e+19
1464,Ag,7888.888888888889,1e+19
1465,Al,7888.888888888889,1e+19
1466,Ar,7888.888888888889,1e+19
1467,As,7888.888888888889,1e+19
1468,Au,7888.888888888889,1e+19
1469,B,7888.888888888889,1e+19
1470,Ba,7888.888888888889,1e+19
1471,Be,7888.888888888889,1e+19
1472,Bi,7888.888888888889,1e+19
1473,Br,7888.888888888889,1e+19
1474,C,7888.888888888889,1e+19
1475,Ca,7888.888888888889,1e+19
1476,Cd,7888.888888888889,1e+19
1477,Ce,7888.888888888889,1e+19
1478,Cl,7888.888888888889,1e+19
1479,Co,7888.888888888889,1e+19
1480,Cr,7888.888888888889,1e+19
1481,Cs,7888.888888888889,1e+19
1482,Cu,7888.888888888889,1e+19
1483,Dy,7888.888888888889,1e+19
1484,Er,7888.888888888889,1e+19
1485,Eu,7888.888888888889,1e+19
1486,F,7888.888888888889,1e+19
1487,Fe,7888.888888888889,1e+19
1488,Fr,7888.888888888889,1e+19
1489,Ga,7888.888888888889,1e+19
1490,Gd,7888.888888888889,1e+19
1491,Ge,7888.888888888889,1e+19
1492,H,7888.888888888889,1e+19
1493,He,7888.888888888889,1e+19
1494,Hf,7888.888888888889,1e+19
1495,Hg,7888.888888888889,1e+19
1496,Ho,7888.888888888889,1e+19
1497,K,7888.888888888889,1e+19
1498,Kr,7888.888888888889,1e+19
1499,La,7888.888888888889,1e+19
1500,Li,7888.888888888889,1e+19
1501,Lu,7888.888888888889,1e+19
1502,Mg,7888.888888888889,1e+19
1503,Mn,7888.888888888889,1e+19
1504,Mo,7888.888888888889,1e+19
1505,N,7888.888888888889,1e+19
1506,Na,7888.888888888889,1e+19
1507,Nd,7888.888888888889,1e+19
1508,Ne,7888.888888888889,1e+19
1509,Ni,7888.888888888889,1e+19
1510,O,7888.888888888889,1e+19
1511,P,7888.888888888889,1e+19
1512,Pb,7888.888888888889,1e+19
1513,Pd,7888.888888888889,1e+19
1514,Pr,7888.888888888889,1e+19
1515,Pt,7888.888888888889,1e+19
1516,Ra,7888.888888888889,1e+19
1517,Rb,7888.888888888889,1e+19
1518,Rh,7888.888888888889,1e+19
1519,Ru,7888.888888888889,1e+19
1520,S,7888.888888888889,1e+19
1521,Sb,7888.888888888889,1e+19
1522,Sc,7888.888888888889,1e+19
1523,Si,7888.888888888889,1e+19
1524,Sm,7888.888888888889,1e+19
1525,Sn,7888.888888888889,1e+19
1526,Sr,7888.888888888889,1e+19
1527,Ta,7888.888888888889,1e+19
1528,Tb,7888.888888888889,1e+19
1529,Tc,7888.888888888889,1e+19
1530,Te,7888.888888888889,1e+19
1531,Ti,7888.888888888889,1e+19
1532,Tl,7888.888888888889,1e+19
1533,Tm,7888.888888888889,1e+19
1534,V,7888.888888888889,1e+19
1535,W,7888.888888888889,1e+19
1536,Xe,7888.888888888889,1e+19
1537,Y,7888.888888888889,1e+19
1538,Yb,7888.888888888889,1e+19
1539,Zn,7888.888888888889,1e+19
1540,Ac,8777.777777777777,1e+16
1541,Ag,8777.777777777777,1e+16
1542,Al,8777.777777777777,1e+16
1543,Ar,8777.777777777777,1e+16
1544,As,8777.777777777777,1e+16
1545,Au,8777.777777777777,1e+16
1546,B,8777.777777777777,1e+16
1547,Ba,8777.777777777777,1e+16
1548,Be,8777.777777777777,1e+16
1549,Bi,8777.777777777777,1e+16
1550,Br,8777.777777777777,1e+16
1551,C,8777.777777777777,1e+16
1552,Ca,8777.777777777777,1e+16
1553,Cd,8777.777777777777,1e+16
1554,Ce,8777.777777777777,1e+16
1555,Cl,8777.777777777777,1e+16
1556,Co,8777.777777777777,1e+16
1557,Cr,8777.777777777777,1e+16
1558,Cs,8777.777777777777,1e+16
1559,Cu,8777.777777777777,1e+16
1560,Dy,8777.777777777777,1e+16
1561,Er,8777.777777777777,1e+16
1562,Eu,8777.777777777777,1e+16
1563,F,8777.777777777777,1e+16
1564,Fe,8777.777777777777,1e+16
1565,Fr,8777.777777777777,1e+16
1566,Ga,8777.777777777777,1e+16
1567,Gd,8777.777777777777,1e+16
1568,Ge,8777.777777777777,1e+16
1569,H,8777.777777777777,1e+16
1570,He,8777.777777777777,1e+16
1571,Hf,8777.777777777777,1e+16
1572,Hg,8777.777777777777,1e+16
1573,Ho,8777.777777777777,1e+16
1574,K,8777.777777777777,1e+16
1575,Kr,8777.777777777777,1e+16
1576,La,8777.777777777777,1e+16
1577,Li,8777.777777777777,1e+16
1578,Lu,8777.777777777777,1e+16
1579,Mg,8777.777777777777,1e+16
1580,Mn,8777.777777777777,1e+16
1581,Mo,8777.777777777777,1e+16
1582,N,8777.777777777777,1e+16
1583,Na,8777.777777777777,1e+16
1584,Nd,8777.777777777777,1e+16
1585,Ne,8777.777777777777,1e+16
1586,Ni,8777.777777777777,1e+16
1587,O,8777.777777777777,1e+16
1588,P,8777.777777777777,1e+16
1589,Pb,8777.777777777777,1e+16
1590,Pd,8777.777777777777,1e+16
1591,Pr,8777.777777777777,1e+16
1592,Pt,8777.777777777777,1e+16
1593,Ra,8777.777777777777,1e+16
1594,Rb,8777.777777777777,1e+16
1595,Rh,8777.777777777777,1e+16
1596,Ru,8777.777777777777,1e+16
1597,S,8777.777777777777,1e+16
1598,Sb,8777.777777777777,1e+16
1599,Sc,8777.777777777777,1e+16
1600,Si,8777.777777777777,1e+16
1601,Sm,8777.777777777777,1e+16
1602,Sn,8777.777777777777,1e+16
1603,Sr,8777.777777777777,1e+16
1604,Ta,8777.777777777777,1e+16
1605,Tb,8777.777777777777,1e+16
1606,Tc,8777.777777777777,1e+16
1607,Te,8777.777777777777,1e+16
1608,Ti,8777.777777777777,1e+16
1609,Tl,8777.777777777777,1e+16
1610,Tm,8777.777777777777,1e+16
1611,V,8777.777777777777,1e+16
1612,W,8777.777777777777,1e+16
1613,Xe,8777.777777777777,1e+16
1614,Y,8777.777777777777,1e+16
1615,Yb,8777.777777777777,1e+16
1616,Zn,8777.777777777777,1e+16
1617,Ac,8777.777777777777,1.12e+18
1618,Ag,8777.777777777777,1.12e+18
1619,Al,8777.777777777777,1.12e+18
1620,Ar,8777.777777777777,1.12e+18
1621,As,8777.777777777777,1.12e+18
1622,Au,8777.777777777777,1.12e+18
1623,B,8777.777777777777,1.12e+18
1624,Ba,8777.777777777777,1.12e+18
1625,Be,8777.777777777777,1.12e+18
1626,Bi,8777.777777777777,1.12e+18
1627,Br,8777.777777777777,1.12e+18
1628,C,8777.777777777777,1.12e+18
1629,Ca,8777.777777777777,1.12e+18
1630,Cd,8777.777777777777,1.12e+18
1631,Ce,8777.777777777777,1.12e+18
1632,Cl,8777.777777777777,1.12e+18
1633,Co,8777.777777777777,1.12e+18
1634,Cr,8777.777777777777,1.12e+18
1635,Cs,8777.777777777777,1.12e+18
1636,Cu,8777.777777777777,1.12e+18
1637,Dy,8777.777777777777,1.12e+18
1638,Er,8777.777777777777,1.12e+18
1639,Eu,8777.777777777777,1.12e+18
1640,F,8777.777777777777,1.12e+18
1641,Fe,8777.777777777777,1.12e+18
1642,Fr,8777.777777777777,1.12e+18
1643,Ga,8777.777777777777,1.12e+18
1644,Gd,8777.777777777777,1.12e+18
1645,Ge,8777.777777777777,1.12e+18
1646,H,8777.777777777777,1.12e+18
1647,He,8777.777777777777,1.12e+18
1648,Hf,8777.777777777777,1.12e+18
1649,Hg,8777.777777777777,1.12e+18
1650,Ho,8777.777777777777,1.12e+18
1651,K,8777.777777777777,1.12e+18
1652,Kr,8777.777777777777,1.12e+18
1653,La,8777.777777777777,1.12e+18
1654,Li,8777.777777777777,1.12e+18
1655,Lu,8777.777777777777,1.12e+18
1656,Mg,8777.777777777777,1.12e+18
1657,Mn,8777.777777777777,1.12e+18
1658,Mo,8777.777777777777,1.12e+18
1659,N,8777.777777777777,1.12e+18
1660,Na,8777.777777777777,1.12e+18
1661,Nd,8777.777777777777,1.12e+18
1662,Ne,8777.777777777777,1.12e+18
1663,Ni,8777.777777777777,1.12e+18
1664,O,8777.777777777777,1.12e+18
1665,P,8777.777777777777,1.12e+18
1666,Pb,8777.777777777777,1.12e+18
1667,Pd,8777.777777777777,1.12e+18
1668,Pr,8777.777777777777,1.12e+18
1669,Pt,8777.777777777777,1.12e+18
1670,Ra,8777.777777777777,1.12e+18
1671,Rb,8777.777777777777,1.12e+18
1672,Rh,8777.777777777777,1.12e+18
1673,Ru,8777.777777777777,1.12e+18
1674,S,8777.777777777777,1.12e+18
1675,Sb,8777.777777777777,1.12e+18
1676,Sc,8777.777777777777,1.12e+18
1677,Si,8777.777777777777,1.12e+18
1678,Sm,8777.777777777777,1.12e+18
1679,Sn,8777.777777777777,1.12e+18
1680,Sr,8777.777777777777,1.12e+18
1681,Ta,8777.777777777777,1.12e+18
1682,Tb,8777.777777777777,1.12e+18
1683,Tc,8777.777777777777,1.12e+18
1684,Te,8777.777777777777,1.12e+18
1685,Ti,8777.777777777777,1.12e+18
1686,Tl,8777.777777777777,1.12e+18
1687,Tm,8777.777777777777,1.12e+18
1688,V,8777.777777777777,1.12e+18
1689,W,8777.777777777777,1.12e+18
1690,Xe,8777.777777777777,1.12e+18
1691,Y,8777.777777777777,1.12e+18
1692,Yb,8777.777777777777,1.12e+18
1693,Zn,8777.777777777777,1.12e+18
1694,Ac,8777.777777777777,2.23e+18
1695,Ag,8777.777777777777,2.23e+18
1696,Al,8777.777777777777,2.23e+18
1697,Ar,8777.777777777777,2.23e+18
1698,As,8777.777777777777,2.23e+18
1699,Au,8777.777777777777,2.23e+18
1700,B,8777.777777777777,2.23e+18
1701,Ba,8777.777777777777,2.23e+18
1702,Be,8777.777777777777,2.23e+18
1703,Bi,8777.777777777777,2.23e+18
1704,Br,8777.777777777777,2.23e+18
1705,C,8777.777777777777,2.23e+18
1706,Ca,8777.777777777777,2.23e+18
1707,Cd,8777.777777777777,2.23e+18
1708,Ce,8777.777777777777,2.23e+18
1709,Cl,8777.777777777777,2.23e+18
1710,Co,8777.777777777777,2.23e+18
1711,Cr,8777.777777777777,2.23e+18
1712,Cs,8777.777777777777,2.23e+18
1713,Cu,8777.777777777777,2.23e+18
1714,Dy,8777.777777777777,2.23e+18
1715,Er,8777.777777777777,2.23e+18
1716,Eu,8777.777777777777,2.23e+18
1717,F,8777.777777777777,2.23e+18
1718,Fe,8777.777777777777,2.23e+18
1719,Fr,8777.777777777777,2.23e+18
1720,Ga,8777.777777777777,2.23e+18
1721,Gd,8777.777777777777,2.23e+18
1722,Ge,8777.777777777777,2.23e+18
1723,H,8777.777777777777,2.23e+18
1724,He,8777.777777777777,2.23e+18
1725,Hf,8777.777777777777,2.23e+18
1726,Hg,8777.777777777777,2.23e+18
1727,Ho,8777.777777777777,2.23e+18
1728,K,8777.777777777777,2.23e+18
1729,Kr,8777.777777777777,2.23e+18
1730,La,8777.777777777777,2.23e+18
1731,Li,8777.777777777777,2.23e+18
1732,Lu,8777.777777777777,2.23e+18
1733,Mg,8777.777777777777,2.23e+18
1734,Mn,8777.777777777777,2.23e+18
1735,Mo,8777.777777777777,2.23e+18
1736,N,8777.777777777777,2.23e+18
1737,Na,8777.777777777777,2.23e+18
1738,Nd,8777.777777777777,2.23e+18
1739,Ne,8777.777777777777,2.23e+18
1740,Ni,8777.777777777777,2.23e+18
1741,O,8777.777777777777,2.23e+18
1742,P,8777.777777777777,2.23e+18
1743,Pb,8777.777777777777,2.23e+18
1744,Pd,8777.777777777777,2.23e+18
1745,Pr,8777.777777777777,2.23e+18
1746,Pt,8777.777777777777,2.23e+18
1747,Ra,8777.777777777777,2.23e+18
1748,Rb,8777.777777777777,2.23e+18
1749,Rh,8777.777777777777,2.23e+18
1750,Ru,8777.777777777777,2.23e+18
1751,S,8777.777777777777,2.23e+18
1752,Sb,8777.777777777777,2.23e+18
1753,Sc,8777.777777777777,2.23e+18
1754,Si,8777.777777777777,2.23e+18
1755,Sm,8777.777777777777,2.23e+18
1756,Sn,8777.777777777777,2.23e+18
1757,Sr,8777.777777777777,2.23e+18
1758,Ta,8777.777777777777,2.23e+18
1759,Tb,8777.777777777777,2.23e+18
1760,Tc,8777.777777777777,2.23e+18
1761,Te,8777.777777777777,2.23e+18
1762,Ti,8777.777777777777,2.23e+18
1763,Tl,8777.777777777777,2.23e+18
1764,Tm,8777.777777777777,2.23e+18
1765,V,8777.777777777777,2.23e+18
1766,W,8777.777777777777,2.23e+18
1767,Xe,8777.777777777777,2.23e+18
1768,Y,8777.777777777777,2.23e+18
1769,Yb,8777.777777777777,2.23e+18
1770,Zn,8777.777777777777,2.23e+18
1771,Ac,8777.777777777777,3.34e+18
1772,Ag,8777.777777777777,3.34e+18
1773,Al,8777.777777777777,3.34e+18
1774,Ar,8777.777777777777,3.34e+18
1775,As,8777.777777777777,3.34e+18
1776,Au,8777.777777777777,3.34e+18
1777,B,8777.777777777777,3.34e+18
1778,Ba,8777.777777777777,3.34e+18
1779,Be,8777.777777777777,3.34e+18
1780,Bi,8777.777777777777,3.34e+18
1781,Br,8777.777777777777,3.34e+18
1782,C,8777.777777777777,3.34e+18
1783,Ca,8777.777777777777,3.34e+18
1784,Cd,8777.777777777777,3.34e+18
1785,Ce,8777.777777777777,3.34e+18
1786,Cl,8777.777777777777,3.34e+18
1787,Co,8777.777777777777,3.34e+18
1788,Cr,8777.777777777777,3.34e+18
1789,Cs,8777.777777777777,3.34e+18
1790,Cu,8777.777777777777,3.34e+18
1791,Dy,8777.777777777777,3.34e+18
1792,Er,8777.777777777777,3.34e+18
1793,Eu,8777.777777777777,3.34e+18
1794,F,8777.777777777777,3.34e+18
1795,Fe,8777.777777777777,3.34e+18
1796,Fr,8777.777777777777,3.34e+18
1797,Ga,8777.777777777777,3.34e+18
1798,Gd,8777.777777777777,3.34e+18
1799,Ge,8777.777777777777,3.34e+18
1800,H,8777.777777777777,3.34e+18
1801,He,8777.777777777777,3.34e+18
1802,Hf,8777.777777777777,3.34e+18
1803,Hg,8777.777777777777,3.34e+18
1804,Ho,8777.777777777777,3.34e+18
1805,K,8777.777777777777,3.34e+18
1806,Kr,8777.777777777777,3.34e+18
1807,La,8777.777777777777,3.34e+18
1808,Li,8777.777777777777,3.34e+18
1809,Lu,8777.777777777777,3.34e+18
1810,Mg,8777.777777777777,3.34e+18
1811,Mn,8777.777777777777,3.34e+18
1812,Mo,8777.777777777777,3.34e+18
1813,N,8777.777777777777,3.34e+18
1814,Na,8777.777777777777,3.34e+18
1815,Nd,8777.777777777777,3.34e+18
1816,Ne,8777.777777777777,3.34e+18
1817,Ni,8777.777777777777,3.34e+18
1818,O,8777.777777777777,3.34e+18
1819,P,8777.777777777777,3.34e+18
1820,Pb,8777.777777777777,3.34e+18
1821,Pd,8777.777777777777,3.34e+18
1822,Pr,8777.777777777777,3.34e+18
1823,Pt,8777.777777777777,3.34e+18
1824,Ra,8777.777777777777,3.34e+18
1825,Rb,8777.777777777777,3.34e+18
1826,Rh,8777.777777777777,3.34e+18
1827,Ru,8777.777777777777,3.34e+18
1828,S,8777.777777777777,3.34e+18
1829,Sb,8777.777777777777,3.34e+18
1830,Sc,8777.777777777777,3.34e+18
1831,Si,8777.777777777777,3.34e+18
1832,Sm,8777.777777777777,3.34e+18
1833,Sn,8777.777777777777,3.34e+18
1834,Sr,8777.777777777777,3.34e+18
1835,Ta,8777.777777777777,3.34e+18
1836,Tb,8777.777777777777,3.34e+18
1837,Tc,8777.777777777777,3.34e+18
1838,Te,8777.777777777777,3.34e+18
1839,Ti,8777.777777777777,3.34e+18
1840,Tl,8777.777777777777,3.34e+18
1841,Tm,8777.777777777777,3.34e+18
1842,V,8777.777777777777,3.34e+18
1843,W,8777.777777777777,3.34e+18
1844,Xe,8777.777777777777,3.34e+18
1845,Y,8777.777777777777,3.34e+18
1846,Yb,8777.777777777777,3.34e+18
1847,Zn,8777.777777777777,3.34e+18
1848,Ac,8777.777777777777,4.45e+18
1849,Ag,8777.777777777777,4.45e+18
1850,Al,8777.777777777777,4.45e+18
1851,Ar,8777.777777777777,4.45e+18
1852,As,8777.777777777777,4.45e+18
1853,Au,8777.777777777777,4.45e+18
1854,B,8777.777777777777,4.45e+18
1855,Ba,8777.777777777777,4.45e+18
1856,Be,8777.777777777777,4.45e+18
1857,Bi,8777.777777777777,4.45e+18
1858,Br,8777.777777777777,4.45e+18
1859,C,8777.777777777777,4.45e+18
1860,Ca,8777.777777777777,4.45e+18
1861,Cd,8777.777777777777,4.45e+18
1862,Ce,8777.777777777777,4.45e+18
1863,Cl,8777.777777777777,4.45e+18
1864,Co,8777.777777777777,4.45e+18
1865,Cr,8777.777777777777,4.45e+18
1866,Cs,8777.777777777777,4.45e+18
1867,Cu,8777.777777777777,4.45e+18
1868,Dy,8777.777777777777,4.45e+18
1869,Er,8777.777777777777,4.45e+18
1870,Eu,8777.777777777777,4.45e+18
1871,F,8777.777777777777,4.45e+18
1872,Fe,8777.777777777777,4.45e+18
1873,Fr,8777.777777777777,4.45e+18
1874,Ga,8777.777777777777,4.45e+18
1875,Gd,8777.777777777777,4.45e+18
1876,Ge,8777.777777777777,4.45e+18
1877,H,8777.777777777777,4.45e+18
1878,He,8777.777777777777,4.45e+18
1879,Hf,8777.777777777777,4.45e+18
1880,Hg,8777.777777777777,4.45e+18
1881,Ho,8777.777777777777,4.45e+18
1882,K,8777.777777777777,4.45e+18
1883,Kr,8777.777777777777,4.45e+18
1884,La,8777.777777777777,4.45e+18
1885,Li,8777.777777777777,4.45e+18
1886,Lu,8777.777777777777,4.45e+18
1887,Mg,8777.777777777777,4.45e+18
1888,Mn,8777.777777777777,4.45e+18
1889,Mo,8777.777777777777,4.45e+18
1890,N,8777.777777777777,4.45e+18
1891,Na,8777.777777777777,4.45e+18
1892,Nd,8777.777777777777,4.45e+18
1893,Ne,8777.777777777777,4.45e+18
1894,Ni,8777.777777777777,4.45e+18
1895,O,8777.777777777777,4.45e+18
1896,P,8777.777777777777,4.45e+18
1897,Pb,8777.777777777777,4.45e+18
1898,Pd,8777.777777777777,4.45e+18
1899,Pr,8777.777777777777,4.45e+18
1900,Pt,8777.777777777777,4.45e+18
1901,Ra,8777.777777777777,4.45e+18
1902,Rb,8777.777777777777,4.45e+18
1903,Rh,8777.777777777777,4.45e+18
1904,Ru,8777.777777777777,4.45e+18
1905,S,8777.777777777777,4.45e+18
1906,Sb,8777.777777777777,4.45e+18
1907,Sc,8777.777777777777,4.45e+18
1908,Si,8777.777777777777,4.45e+18
1909,Sm,8777.777777777777,4.45e+18
1910,Sn,8777.777777777777,4.45e+18
1911,Sr,8777.777777777777,4.45e+18
1912,Ta,8777.777777777777,4.45e+18
1913,Tb,8777.777777777777,4.45e+18
1914,Tc,8777.777777777777,4.45e+18
1915,Te,8777.777777777777,4.45e+18
1916,Ti,8777.777777777777,4.45e+18
1917,Tl,8777.777777777777,4.45e+18
1918,Tm,8777.777777777777,4.45e+18
1919,V,8777.777777777777,4.45e+18
1920,W,8777.777777777777,4.45e+18
1921,Xe,8777.777777777777,4.45e+18
1922,Y,8777.777777777777,4.45e+18
1923,Yb,8777.777777777777,4.45e+18
1924,Zn,8777.777777777777,4.45e+18
1925,Ac,8777.777777777777,5.56e+18
1926,Ag,8777.777777777777,5.56e+18
1927,Al,8777.777777777777,5.56e+18
1928,Ar,8777.777777777777,5.56e+18
1929,As,8777.777777777777,5.56e+18
1930,Au,8777.777777777777,5.56e+18
1931,B,8777.777777777777,5.56e+18
1932,Ba,8777.777777777777,5.56e+18
1933,Be,8777.777777777777,5.56e+18
1934,Bi,8777.777777777777,5.56e+18
1935,Br,8777.777777777777,5.56e+18
1936,C,8777.777777777777,5.56e+18
1937,Ca,8777.777777777777,5.56e+18
1938,Cd,8777.777777777777,5.56e+18
1939,Ce,8777.777777777777,5.56e+18
1940,Cl,8777.777777777777,5.56e+18
1941,Co,8777.777777777777,5.56e+18
1942,Cr,8777.777777777777,5.56e+18
1943,Cs,8777.777777777777,5.56e+18
1944,Cu,8777.777777777777,5.56e+18
1945,Dy,8777.777777777777,5.56e+18
1946,Er,8777.777777777777,5.56e+18
1947,Eu,8777.777777777777,5.56e+18
1948,F,8777.777777777777,5.56e+18
1949,Fe,8777.777777777777,5.56e+18
1950,Fr,8777.777777777777,5.56e+18
1951,Ga,8777.777777777777,5.56e+18
1952,Gd,8777.777777777777,5.56e+18
1953,Ge,8777.777777777777,5.56e+18
1954,H,8777.777777777777,5.56e+18
1955,He,8777.777777777777,5.56e+18
1956,Hf,8777.777777777777,5.56e+18
1957,Hg,8777.777777777777,5.56e+18
1958,Ho,8777.777777777777,5.56e+18
1959,K,8777.777777777777,5.56e+18
1960,Kr,8777.777777777777,5.56e+18
1961,La,8777.777777777777,5.56e+18
1962,Li,8777.777777777777,5.56e+18
1963,Lu,8777.777777777777,5.56e+18
1964,Mg,8777.777777777777,5.56e+18
1965,Mn,8777.777777777777,5.56e+18
1966,Mo,8777.777777777777,5.56e+18
1967,N,8777.777777777777,5.56e+18
1968,Na,8777.777777777777,5.56e+18
1969,Nd,8777.777777777777,5.56e+18
1970,Ne,8777.777777777777,5.56e+18
1971,Ni,8777.777777777777,5.56e+18
1972,O,8777.777777777777,5.56e+18
1973,P,8777.777777777777,5.56e+18
1974,Pb,8777.777777777777,5.56e+18
1975,Pd,8777.777777777777,5.56e+18
1976,Pr,8777.777777777777,5.56e+18
1977,Pt,8777.777777777777,5.56e+18
1978,Ra,8777.777777777777,5.56e+18
1979,Rb,8777.777777777777,5.56e+18
1980,Rh,8777.777777777777,5.56e+18
1981,Ru,8777.777777777777,5.56e+18
1982,S,8777.777777777777,5.56e+18
1983,Sb,8777.777777777777,5.56e+18
1984,Sc,8777.777777777777,5.56e+18
1985,Si,8777.777777777777,5.56e+18
1986,Sm,8777.777777777777,5.56e+18
1987,Sn,8777.777777777777,5.56e+18
1988,Sr,8777.777777777777,5.56e+18
1989,Ta,8777.777777777777,5.56e+18
1990,Tb,8777.777777777777,5.56e+18
1991,Tc,8777.777777777777,5.56e+18
1992,Te,8777.777777777777,5.56e+18
1993,Ti,8777.777777777777,5.56e+18
1994,Tl,8777.777777777777,5.56e+18
1995,Tm,8777.777777777777,5.56e+18
1996,V,8777.777777777777,5.56e+18
1997,W,8777.777777777777,5.56e+18
1998,Xe,8777.777777777777,5.56e+18
1999,Y,8777.777777777777,5.56e+18
2000,Yb,8777.777777777777,5.56e+18
2001,Zn,8777.777777777777,5.56e+18
2002,Ac,8777.777777777777,6.67e+18
2003,Ag,8777.777777777777,6.67e+18
2004,Al,8777.777777777777,6.67e+18
2005,Ar,8777.777777777777,6.67e+18
2006,As,8777.777777777777,6.67e+18
2007,Au,8777.777777777777,6.67e+18
2008,B,8777.777777777777,6.67e+18
2009,Ba,8777.777777777777,6.67e+18
2010,Be,8777.777777777777,6.67e+18
2011,Bi,8777.777777777777,6.67e+18
2012,Br,8777.777777777777,6.67e+18
2013,C,8777.777777777777,6.67e+18
2014,Ca,8777.777777777777,6.67e+18
2015,Cd,8777.777777777777,6.67e+18
2016,Ce,8777.777777777777,6.67e+18
2017,Cl,8777.777777777777,6.67e+18
2018,Co,8777.777777777777,6.67e+18
2019,Cr,8777.777777777777,6.67e+18
2020,Cs,8777.777777777777,6.67e+18
2021,Cu,8777.777777777777,6.67e+18
2022,Dy,8777.777777777777,6.67e+18
2023,Er,8777.777777777777,6.67e+18
2024,Eu,8777.777777777777,6.67e+18
2025,F,8777.777777777777,6.67e+18
2026,Fe,8777.777777777777,6.67e+18
2027,Fr,8777.777777777777,6.67e+18
2028,Ga,8777.777777777777,6.67e+18
2029,Gd,8777.777777777777,6.67e+18
2030,Ge,8777.777777777777,6.67e+18
2031,H,8777.777777777777,6.67e+18
2032,He,8777.777777777777,6.67e+18
2033,Hf,8777.777777777777,6.67e+18
2034,Hg,8777.777777777777,6.67e+18
2035,Ho,8777.777777777777,6.67e+18
2036,K,8777.777777777777,6.67e+18
2037,Kr,8777.777777777777,6.67e+18
2038,La,8777.777777777777,6.67e+18
2039,Li,8777.777777777777,6.67e+18
2040,Lu,8777.777777777777,6.67e+18
2041,Mg,8777.777777777777,6.67e+18
2042,Mn,8777.777777777777,6.67e+18
2043,Mo,8777.777777777777,6.67e+18
2044,N,8777.777777777777,6.67e+18
2045,Na,8777.777777777777,6.67e+18
2046,Nd,8777.777777777777,6.67e+18
2047,Ne,8777.777777777777,6.67e+18
2048,Ni,8777.777777777777,6.67e+18
2049,O,8777.777777777777,6.67e+18
2050,P,8777.777777777777,6.67e+18
2051,Pb,8777.777777777777,6.67e+18
2052,Pd,8777.777777777777,6.67e+18
2053,Pr,8777.777777777777,6.67e+18
2054,Pt,8777.777777777777,6.67e+18
2055,Ra,8777.777777777777,6.67e+18
2056,Rb,8777.777777777777,6.67e+18
2057,Rh,8777.777777777777,6.67e+18
2058,Ru,8777.777777777777,6.67e+18
2059,S,8777.777777777777,6.67e+18
2060,Sb,8777.777777777777,6.67e+18
2061,Sc,8777.777777777777,6.67e+18
2062,Si,8777.777777777777,6.67e+18
2063,Sm,8777.777777777777,6.67e+18
2064,Sn,8777.777777777777,6.67e+18
2065,Sr,8777.777777777777,6.67e+18
2066,Ta,8777.777777777777,6.67e+18
2067,Tb,8777.777777777777,6.67e+18
2068,Tc,8777.777777777777,6.67e+18
2069,Te,8777.777777777777,6.67e+18
2070,Ti,8777.777777777777,6.67e+18
2071,Tl,8777.777777777777,6.67e+18
2072,Tm,8777.777777777777,6.67e+18
2073,V,8777.777777777777,6.67e+18
2074,W,8777.777777777777,6.67e+18
2075,Xe,8777.777777777777,6.67e+18
2076,Y,8777.777777777777,6.67e+18
2077,Yb,8777.777777777777,6.67e+18
2078,Zn,8777.777777777777,6.67e+18
2079,Ac,8777.777777777777,7.78e+18
2080,Ag,8777.777777777777,7.78e+18
2081,Al,8777.777777777777,7.78e+18
2082,Ar,8777.777777777777,7.78e+18
2083,As,8777.777777777777,7.78e+18
2084,Au,8777.777777777777,7.78e+18
2085,B,8777.777777777777,7.78e+18
2086,Ba,8777.777777777777,7.78e+18
2087,Be,8777.777777777777,7.78e+18
2088,Bi,8777.777777777777,7.78e+18
2089,Br,8777.777777777777,7.78e+18
2090,C,8777.777777777777,7.78e+18
2091,Ca,8777.777777777777,7.78e+18
2092,Cd,8777.777777777777,7.78e+18
2093,Ce,8777.777777777777,7.78e+18
2094,Cl,8777.777777777777,7.78e+18
2095,Co,8777.777777777777,7.78e+18
2096,Cr,8777.777777777777,7.78e+18
2097,Cs,8777.777777777777,7.78e+18
2098,Cu,8777.777777777777,7.78e+18
2099,Dy,8777.777777777777,7.78e+18
2100,Er,8777.777777777777,7.78e+18
2101,Eu,8777.777777777777,7.78e+18
2102,F,8777.777777777777,7.78e+18
2103,Fe,8777.777777777777,7.78e+18
2104,Fr,8777.777777777777,7.78e+18
2105,Ga,8777.777777777777,7.78e+18
2106,Gd,8777.777777777777,7.78e+18
2107,Ge,8777.777777777777,7.78e+18
2108,H,8777.777777777777,7.78e+18
2109,He,8777.777777777777,7.78e+18
2110,Hf,8777.777777777777,7.78e+18
2111,Hg,8777.777777777777,7.78e+18
2112,Ho,8777.777777777777,7.78e+18
2113,K,8777.777777777777,7.78e+18
2114,Kr,8777.777777777777,7.78e+18
2115,La,8777.777777777777,7.78e+18
2116,Li,8777.777777777777,7.78e+18
2117,Lu,8777.777777777777,7.78e+18
2118,Mg,8777.777777777777,7.78e+18
2119,Mn,8777.777777777777,7.78e+18
2120,Mo,8777.777777777777,7.78e+18
2121,N,8777.777777777777,7.78e+18
2122,Na,8777.777777777777,7.78e+18
2123,Nd,8777.777777777777,7.78e+18
2124,Ne,8777.777777777777,7.78e+18
2125,Ni,8777.777777777777,7.78e+18
2126,O,8777.777777777777,7.78e+18
2127,P,8777.777777777777,7.78e+18
2128,Pb,8777.777777777777,7.78e+18
2129,Pd,8777.777777777777,7.78e+18
2130,Pr,8777.777777777777,7.78e+18
2131,Pt,8777.777777777777,7.78e+18
2132,Ra,8777.777777777777,7.78e+18
2133,Rb,8777.777777777777,7.78e+18
2134,Rh,8777.777777777777,7.78e+18
2135,Ru,8777.777777777777,7.78e+18
2136,S,8777.777777777777,7.78e+18
2137,Sb,8777.777777777777,7.78e+18
2138,Sc,8777.777777777777,7.78e+18
2139,Si,8777.777777777777,7.78e+18
2140,Sm,8777.777777777777,7.78e+18
2141,Sn,8777.777777777777,7.78e+18
2142,Sr,8777.777777777777,7.78e+18
2143,Ta,8777.777777777777,7.78e+18
2144,Tb,8777.777777777777,7.78e+18
2145,Tc,8777.777777777777,7.78e+18
2146,Te,8777.777777777777,7.78e+18
2147,Ti,8777.777777777777,7.78e+18
2148,Tl,8777.777777777777,7.78e+18
2149,Tm,8777.777777777777,7.78e+18
2150,V,8777.777777777777,7.78e+18
2151,W,8777.777777777777,7.78e+18
2152,Xe,8777.777777777777,7.78e+18
2153,Y,8777.777777777777,7.78e+18
2154,Yb,8777.777777777777,7.78e+18
2155,Zn,8777.777777777777,7.78e+18
2156,Ac,8777.777777777777,8.89e+18
2157,Ag,8777.777777777777,8.89e+18
2158,Al,8777.777777777777,8.89e+18
2159,Ar,8777.777777777777,8.89e+18
2160,As,8777.777777777777,8.89e+18
2161,Au,8777.777777777777,8.89e+18
2162,B,8777.777777777777,8.89e+18
2163,Ba,8777.777777777777,8.89e+18
2164,Be,8777.777777777777,8.89e+18
2165,Bi,8777.777777777777,8.89e+18
2166,Br,8777.777777777777,8.89e+18
2167,C,8777.777777777777,8.89e+18
2168,Ca,8777.777777777777,8.89e+18
2169,Cd,8777.777777777777,8.89e+18
2170,Ce,8777.777777777777,8.89e+18
2171,Cl,8777.777777777777,8.89e+18
2172,Co,8777.777777777777,8.89e+18
2173,Cr,8777.777777777777,8.89e+18
2174,Cs,8777.777777777777,8.89e+18
2175,Cu,8777.777777777777,8.89e+18
2176,Dy,8777.777777777777,8.89e+18
2177,Er,8777.777777777777,8.89e+18
2178,Eu,8777.777777777777,8.89e+18
2179,F,8777.777777777777,8.89e+18
2180,Fe,8777.777777777777,8.89e+18
2181,Fr,8777.777777777777,8.89e+18
2182,Ga,8777.777777777777,8.89e+18
2183,Gd,8777.777777777777,8.89e+18
2184,Ge,8777.777777777777,8.89e+18
2185,H,8777.777777777777,8.89e+18
2186,He,8777.777777777777,8.89e+18
2187,Hf,8777.777777777777,8.89e+18
2188,Hg,8777.777777777777,8.89e+18
2189,Ho,8777.777777777777,8.89e+18
2190,K,8777.777777777777,8.89e+18
2191,Kr,8777.777777777777,8.89e+18
2192,La,8777.777777777777,8.89e+18
2193,Li,8777.777777777777,8.89e+18
2194,Lu,8777.777777777777,8.89e+18
2195,Mg,8777.777777777777,8.89e+18
2196,Mn,8777.777777777777,8.89e+18
2197,Mo,8777.777777777777,8.89e+18
2198,N,8777.777777777777,8.89e+18
2199,Na,8777.777777777777,8.89e+18
2200,Nd,8777.777777777777,8.89e+18
2201,Ne,8777.777777777777,8.89e+18
2202,Ni,8777.777777777777,8.89e+18
2203,O,8777.777777777777,8.89e+18
2204,P,8777.777777777777,8.89e+18
2205,Pb,8777.777777777777,8.89e+18
2206,Pd,8777.777777777777,8.89e+18
2207,Pr,8777.777777777777,8.89e+18
2208,Pt,8777.777777777777,8.89e+18
2209,Ra,8777.777777777777,8.89e+18
2210,Rb,8777.777777777777,8.89e+18
2211,Rh,8777.777777777777,8.89e+18
2212,Ru,8777.777777777777,8.89e+18
2213,S,8777.777777777777,8.89e+18
2214,Sb,8777.777777777777,8.89e+18
2215,Sc,8777.777777777777,8.89e+18
2216,Si,8777.777777777777,8.89e+18
2217,Sm,8777.777777777777,8.89e+18
2218,Sn,8777.777777777777,8.89e+18
2219,Sr,8777.777777777777,8.89e+18
2220,Ta,8777.777777777777,8.89e+18
2221,Tb,8777.777777777777,8.89e+18
2222,Tc,8777.777777777777,8.89e+18
2223,Te,8777.777777777777,8.89e+18
2224,Ti,8777.777777777777,8.89e+18
2225,Tl,8777.777777777777,8.89e+18
2226,Tm,8777.777777777777,8.89e+18
2227,V,8777.777777777777,8.89e+18
2228,W,8777.777777777777,8.89e+18
2229,Xe,8777.777777777777,8.89e+18
2230,Y,8777.777777777777,8.89e+18
2231,Yb,8777.777777777777,8.89e+18
2232,Zn,8777.777777777777,8.89e+18
2233,Ac,8777.777777777777,1e+19
2234,Ag,8777.777777777777,1e+19
2235,Al,8777.777777777777,1e+19
2236,Ar,8777.777777777777,1e+19
2237,As,8777.777777777777,1e+19
2238,Au,8777.777777777777,1e+19
2239,B,8777.777777777777,1e+19
2240,Ba,8777.777777777777,1e+19
2241,Be,8777.777777777777,1e+19
2242,Bi,8777.777777777777,1e+19
2243,Br,8777.777777777777,1e+19
2244,C,8777.777777777777,1e+19
2245,Ca,8777.777777777777,1e+19
2246,Cd,8777.777777777777,1e+19
2247,Ce,8777.777777777777,1e+19
2248,Cl,8777.777777777777,1e+19
2249,Co,8777.777777777777,1e+19
2250,Cr,8777.777777777777,1e+19
2251,Cs,8777.777777777777,1e+19
2252,Cu,8777.777777777777,1e+19
2253,Dy,8777.777777777777,1e+19
2254,Er,8777.777777777777,1e+19
2255,Eu,8777.777777777777,1e+19
2256,F,8777.777777777777,1e+19
2257,Fe,8777.777777777777,1e+19
2258,Fr,8777.777777777777,1e+19
2259,Ga,8777.777777777777,1e+19
2260,Gd,8777.777777777777,1e+19
2261,Ge,8777.777777777777,1e+19
2262,H,8777.777777777777,1e+19
2263,He,8777.777777777777,1e+19
2264,Hf,8777.777777777777,1e+19
2265,Hg,8777.777777777777,1e+19
2266,Ho,8777.777777777777,1e+19
2267,K,8777.777777777777,1e+19
2268,Kr,8777.777777777777,1e+19
2269,La,8777.777777777777,1e+19
2270,Li,8777.777777777777,1e+19
2271,Lu,8777.777777777777,1e+19
2272,Mg,8777.777777777777,1e+19
2273,Mn,8777.777777777777,1e+19
2274,Mo,8777.777777777777,1e+19
2275,N,8777.777777777777,1e+19
2276,Na,8777.777777777777,1e+19
2277,Nd,8777.777777777777,1e+19
2278,Ne,8777.777777777777,1e+19
2279,Ni,8777.777777777777,1e+19
2280,O,8777.777777777777,1e+19
2281,P,8777.777777777777,1e+19
2282,Pb,8777.777777777777,1e+19
2283,Pd,8777.777777777777,1e+19
2284,Pr,8777.777777777777,1e+19
2285,Pt,8777.777777777777,1e+19
2286,Ra,8777.777777777777,1e+19
2287,Rb,8777.777777777777,1e+19
2288,Rh,8777.777777777777,1e+19
2289,Ru,8777.777777777777,1e+19
2290,S,8777.777777777777,1e+19
2291,Sb,8777.777777777777,1e+19
2292,Sc,8777.777777777777,1e+19
2293,Si,8777.777777777777,1e+19
2294,Sm,8777.777777777777,1e+19
2295,Sn,8777.777777777777,1e+19
2296,Sr,8777.777777777777,1e+19
2297,Ta,8777.777777777777,1e+19
2298,Tb,8777.777777777777,1e+19
2299,Tc,8777.777777777777,1e+19
2300,Te,8777.777777777777,1e+19
2301,Ti,8777.777777777777,1e+19
2302,Tl,8777.777777777777,1e+19
2303,Tm,8777.777777777777,1e+19
2304,V,8777.777777777777,1e+19
2305,W,8777.777777777777,1e+19
2306,Xe,8777.777777777777,1e+19
2307,Y,8777.777777777777,1e+19
2308,Yb,8777.777777777777,1e+19
2309,Zn,8777.777777777777,1e+19
2310,Ac,9666.666666666668,1e+16
2311,Ag,9666.666666666668,1e+16
2312,Al,9666.666666666668,1e+16
2313,Ar,9666.666666666668,1e+16
2314,As,9666.666666666668,1e+16
2315,Au,9666.666666666668,1e+16
2316,B,9666.666666666668,1e+16
2317,Ba,9666.666666666668,1e+16
2318,Be,9666.666666666668,1e+16
2319,Bi,9666.666666666668,1e+16
2320,Br,9666.666666666668,1e+16
2321,C,9666.666666666668,1e+16
2322,Ca,9666.666666666668,1e+16
2323,Cd,9666.666666666668,1e+16
2324,Ce,9666.666666666668,1e+16
2325,Cl,9666.666666666668,1e+16
2326,Co,9666.666666666668,1e+16
2327,Cr,9666.666666666668,1e+16
2328,Cs,9666.666666666668,1e+16
2329,Cu,9666.666666666668,1e+16
2330,Dy,9666.666666666668,1e+16
2331,Er,9666.666666666668,1e+16
2332,Eu,9666.666666666668,1e+16
2333,F,9666.666666666668,1e+16
2334,Fe,9666.666666666668,1e+16
2335,Fr,9666.666666666668,1e+16
2336,Ga,9666.666666666668,1e+16
2337,Gd,9666.666666666668,1e+16
2338,Ge,9666.666666666668,1e+16
2339,H,9666.666666666668,1e+16
2340,He,9666.666666666668,1e+16
2341,Hf,9666.666666666668,1e+16
2342,Hg,9666.666666666668,1e+16
2343,Ho,9666.666666666668,1e+16
2344,K,9666.666666666668,1e+16
2345,Kr,9666.666666666668,1e+16
2346,La,9666.666666666668,1e+16
2347,Li,9666.666666666668,1e+16
2348,Lu,9666.666666666668,1e+16
2349,Mg,9666.666666666668,1e+16
2350,Mn,9666.666666666668,1e+16
2351,Mo,9666.666666666668,1e+16
2352,N,9666.666666666668,1e+16
2353,Na,9666.666666666668,1e+16
2354,Nd,9666.666666666668,1e+16
2355,Ne,9666.666666666668,1e+16
2356,Ni,9666.666666666668,1e+16
2357,O,9666.666666666668,1e+16
2358,P,9666.666666666668,1e+16
2359,Pb,9666.666666666668,1e+16
2360,Pd,9666.666666666668,1e+16
2361,Pr,9666.666666666668,1e+16
2362,Pt,9666.666666666668,1e+16
2363,Ra,9666.666666666668,1e+16
2364,Rb,9666.666666666668,1e+16
2365,Rh,9666.666666666668,1e+16
2366,Ru,9666.666666666668,1e+16
2367,S,9666.666666666668,1e+16
2368,Sb,9666.666666666668,1e+16
2369,Sc,9666.666666666668,1e+16
2370,Si,9666.666666666668,1e+16
2371,Sm,9666.666666666668,1e+16
2372,Sn,9666.666666666668,1e+16
2373,Sr,9666.666666666668,1e+16
2374,Ta,9666.666666666668,1e+16
2375,Tb,9666.666666666668,1e+16
2376,Tc,9666.666666666668,1e+16
2377,Te,9666.666666666668,1e+16
2378,Ti,9666.666666666668,1e+16
2379,Tl,9666.666666666668,1e+16
2380,Tm,9666.666666666668,1e+16
2381,V,9666.666666666668,1e+16
2382,W,9666.666666666668,1e+16
2383,Xe,9666.666666666668,1e+16
2384,Y,9666.666666666668,1e+16
2385,Yb,9666.666666666668,1e+16
2386,Zn,9666.666666666668,1e+16
2387,Ac,9666.666666666668,1.12e+18
2388,Ag,9666.666666666668,1.12e+18
2389,Al,9666.666666666668,1.12e+18
2390,Ar,9666.666666666668,1.12e+18
2391,As,9666.666666666668,1.12e+18
2392,Au,9666.666666666668,1.12e+18
2393,B,9666.666666666668,1.12e+18
2394,Ba,9666.666666666668,1.12e+18
2395,Be,9666.666666666668,1.12e+18
2396,Bi,9666.666666666668,1.12e+18
2397,Br,9666.666666666668,1.12e+18
2398,C,9666.666666666668,1.12e+18
2399,Ca,9666.666666666668,1.12e+18
2400,Cd,9666.666666666668,1.12e+18
2401,Ce,9666.666666666668,1.12e+18
2402,Cl,9666.666666666668,1.12e+18
2403,Co,9666.666666666668,1.12e+18
2404,Cr,9666.666666666668,1.12e+18
2405,Cs,9666.666666666668,1.12e+18
2406,Cu,9666.666666666668,1.12e+18
2407,Dy,9666.666666666668,1.12e+18
2408,Er,9666.666666666668,1.12e+18
2409,Eu,9666.666666666668,1.12e+18
2410,F,9666.666666666668,1.12e+18
2411,Fe,9666.666666666668,1.12e+18
2412,Fr,9666.666666666668,1.12e+18
2413,Ga,9666.666666666668,1.12e+18
2414,Gd,9666.666666666668,1.12e+18
2415,Ge,9666.666666666668,1.12e+18
2416,H,9666.666666666668,1.12e+18
2417,He,9666.666666666668,1.12e+18
2418,Hf,9666.666666666668,1.12e+18
2419,Hg,9666.666666666668,1.12e+18
2420,Ho,9666.666666666668,1.12e+18
2421,K,9666.666666666668,1.12e+18
2422,Kr,9666.666666666668,1.12e+18
2423,La,9666.666666666668,1.12e+18
2424,Li,9666.666666666668,1.12e+18
2425,Lu,9666.666666666668,1.12e+18
2426,Mg,9666.666666666668,1.12e+18
2427,Mn,9666.666666666668,1.12e+18
2428,Mo,9666.666666666668,1.12e+18
2429,N,9666.666666666668,1.12e+18
2430,Na,9666.666666666668,1.12e+18
2431,Nd,9666.666666666668,1.12e+18
2432,Ne,9666.666666666668,1.12e+18
2433,Ni,9666.666666666668,1.12e+18
2434,O,9666.666666666668,1.12e+18
2435,P,9666.666666666668,1.12e+18
2436,Pb,9666.666666666668,1.12e+18
2437,Pd,9666.666666666668,1.12e+18
2438,Pr,9666.666666666668,1.12e+18
2439,Pt,9666.666666666668,1.12e+18
2440,Ra,9666.666666666668,1.12e+18
2441,Rb,9666.666666666668,1.12e+18
2442,Rh,9666.666666666668,1.12e+18
2443,Ru,9666.666666666668,1.12e+18
2444,S,9666.666666666668,1.12e+18
2445,Sb,9666.666666666668,1.12e+18
2446,Sc,9666.666666666668,1.12e+18
2447,Si,9666.666666666668,1.12e+18
2448,Sm,9666.666666666668,1.12e+18
2449,Sn,9666.666666666668,1.12e+18
2450,Sr,9666.666666666668,1.12e+18
2451,Ta,9666.666666666668,1.12e+18
2452,Tb,9666.666666666668,1.12e+18
2453,Tc,9666.666666666668,1.12e+18
2454,Te,9666.666666666668,1.12e+18
2455,Ti,9666.666666666668,1.12e+18
2456,Tl,9666.666666666668,1.12e+18
2457,Tm,9666.666666666668,1.12e+18
2458,V,9666.666666666668,1.12e+18
2459,W,9666.666666666668,1.12e+18
2460,Xe,9666.666666666668,1.12e+18
2461,Y,9666.666666666668,1.12e+18
2462,Yb,9666.666666666668,1.12e+18
2463,Zn,9666.666666666668,1.12e+18
2464,Ac,9666.666666666668,2.23e+18
2465,Ag,9666.666666666668,2.23e+18
2466,Al,9666.666666666668,2.23e+18
2467,Ar,9666.666666666668,2.23e+18
2468,As,9666.666666666668,2.23e+18
2469,Au,9666.666666666668,2.23e+18
2470,B,9666.666666666668,2.23e+18
2471,Ba,9666.666666666668,2.23e+18
2472,Be,9666.666666666668,2.23e+18
2473,Bi,9666.666666666668,2.23e+18
2474,Br,9666.666666666668,2.23e+18
2475,C,9666.666666666668,2.23e+18
2476,Ca,9666.666666666668,2.23e+18
2477,Cd,9666.666666666668,2.23e+18
2478,Ce,9666.666666666668,2.23e+18
2479,Cl,9666.666666666668,2.23e+18
2480,Co,9666.666666666668,2.23e+18
2481,Cr,9666.666666666668,2.23e+18
2482,Cs,9666.666666666668,2.23e+18
2483,Cu,9666.666666666668,2.23e+18
2484,Dy,9666.666666666668,2.23e+18
2485,Er,9666.666666666668,2.23e+18
2486,Eu,9666.666666666668,2.23e+18
2487,F,9666.666666666668,2.23e+18
2488,Fe,9666.666666666668,2.23e+18
2489,Fr,9666.666666666668,2.23e+18
2490,Ga,9666.666666666668,2.23e+18
2491,Gd,9666.666666666668,2.23e+18
2492,Ge,9666.666666666668,2.23e+18
2493,H,9666.666666666668,2.23e+18
2494,He,9666.666666666668,2.23e+18
2495,Hf,9666.666666666668,2.23e+18
2496,Hg,9666.666666666668,2.23e+18
2497,Ho,9666.666666666668,2.23e+18
2498,K,9666.666666666668,2.23e+18
2499,Kr,9666.666666666668,2.23e+18
2500,La,9666.666666666668,2.23e+18
2501,Li,9666.666666666668,2.23e+18
2502,Lu,9666.666666666668,2.23e+18
2503,Mg,9666.666666666668,2.23e+18
2504,Mn,9666.666666666668,2.23e+18
2505,Mo,9666.666666666668,2.23e+18
2506,N,9666.666666666668,2.23e+18
2507,Na,9666.666666666668,2.23e+18
2508,Nd,9666.666666666668,2.23e+18
2509,Ne,9666.666666666668,2.23e+18
2510,Ni,9666.666666666668,2.23e+18
2511,O,9666.666666666668,2.23e+18
2512,P,9666.666666666668,2.23e+18
2513,Pb,9666.666666666668,2.23e+18
2514,Pd,9666.666666666668,2.23e+18
2515,Pr,9666.666666666668,2.23e+18
2516,Pt,9666.666666666668,2.23e+18
2517,Ra,9666.666666666668,2.23e+18
2518,Rb,9666.666666666668,2.23e+18
2519,Rh,9666.666666666668,2.23e+18
2520,Ru,9666.666666666668,2.23e+18
2521,S,9666.666666666668,2.23e+18
2522,Sb,9666.666666666668,2.23e+18
2523,Sc,9666.666666666668,2.23e+18
2524,Si,9666.666666666668,2.23e+18
2525,Sm,9666.666666666668,2.23e+18
2526,Sn,9666.666666666668,2.23e+18
2527,Sr,9666.666666666668,2.23e+18
2528,Ta,9666.666666666668,2.23e+18
2529,Tb,9666.666666666668,2.23e+18
2530,Tc,9666.666666666668,2.23e+18
2531,Te,9666.666666666668,2.23e+18
2532,Ti,9666.666666666668,2.23e+18
2533,Tl,9666.666666666668,2.23e+18
2534,Tm,9666.666666666668,2.23e+18
2535,V,9666.666666666668,2.23e+18
2536,W,9666.666666666668,2.23e+18
2537,Xe,9666.666666666668,2.23e+18
2538,Y,9666.666666666668,2.23e+18
2539,Yb,9666.666666666668,2.23e+18
2540,Zn,9666.666666666668,2.23e+18
2541,Ac,9666.666666666668,3.34e+18
2542,Ag,9666.666666666668,3.34e+18
2543,Al,9666.666666666668,3.34e+18
2544,Ar,9666.666666666668,3.34e+18
2545,As,9666.666666666668,3.34e+18
2546,Au,9666.666666666668,3.34e+18
2547,B,9666.666666666668,3.34e+18
2548,Ba,9666.666666666668,3.34e+18
2549,Be,9666.666666666668,3.34e+18
2550,Bi,9666.666666666668,3.34e+18
2551,Br,9666.666666666668,3.34e+18
2552,C,9666.666666666668,3.34e+18
2553,Ca,9666.666666666668,3.34e+18
2554,Cd,9666.666666666668,3.34e+18
2555,Ce,9666.666666666668,3.34e+18
2556,Cl,9666.666666666668,3.34e+18
2557,Co,9666.666666666668,3.34e+18
2558,Cr,9666.666666666668,3.34e+18
2559,Cs,9666.666666666668,3.34e+18
2560,Cu,9666.666666666668,3.34e+18
2561,Dy,9666.666666666668,3.34e+18
2562,Er,9666.666666666668,3.34e+18
2563,Eu,9666.666666666668,3.34e+18
2564,F,9666.666666666668,3.34e+18
2565,Fe,9666.666666666668,3.34e+18
2566,Fr,9666.666666666668,3.34e+18
2567,Ga,9666.666666666668,3.34e+18
2568,Gd,9666.666666666668,3.34e+18
2569,Ge,9666.666666666668,3.34e+18
2570,H,9666.666666666668,3.34e+18
2571,He,9666.666666666668,3.34e+18
2572,Hf,9666.666666666668,3.34e+18
2573,Hg,9666.666666666668,3.34e+18
2574,Ho,9666.666666666668,3.34e+18
2575,K,9666.666666666668,3.34e+18
2576,Kr,9666.666666666668,3.34e+18
2577,La,9666.666666666668,3.34e+18
2578,Li,9666.666666666668,3.34e+18
2579,Lu,9666.666666666668,3.34e+18
2580,Mg,9666.666666666668,3.34e+18
2581,Mn,9666.666666666668,3.34e+18
2582,Mo,9666.666666666668,3.34e+18
2583,N,9666.666666666668,3.34e+18
2584,Na,9666.666666666668,3.34e+18
2585,Nd,9666.666666666668,3.34e+18
2586,Ne,9666.666666666668,3.34e+18
2587,Ni,9666.666666666668,3.34e+18
2588,O,9666.666666666668,3.34e+18
2589,P,9666.666666666668,3.34e+18
2590,Pb,9666.666666666668,3.34e+18
2591,Pd,9666.666666666668,3.34e+18
2592,Pr,9666.666666666668,3.34e+18
2593,Pt,9666.666666666668,3.34e+18
2594,Ra,9666.666666666668,3.34e+18
2595,Rb,9666.666666666668,3.34e+18
2596,Rh,9666.666666666668,3.34e+18
2597,Ru,9666.666666666668,3.34e+18
2598,S,9666.666666666668,3.34e+18
2599,Sb,9666.666666666668,3.34e+18
2600,Sc,9666.666666666668,3.34e+18
2601,Si,9666.666666666668,3.34e+18
2602,Sm,9666.666666666668,3.34e+18
2603,Sn,9666.666666666668,3.34e+18
2604,Sr,9666.666666666668,3.34e+18
2605,Ta,9666.666666666668,3.34e+18
2606,Tb,9666.666666666668,3.34e+18
2607,Tc,9666.666666666668,3.34e+18
2608,Te,9666.666666666668,3.34e+18
2609,Ti,9666.666666666668,3.34e+18
2610,Tl,9666.666666666668,3.34e+18
2611,Tm,9666.666666666668,3.34e+18
2612,V,9666.666666666668,3.34e+18
2613,W,9666.666666666668,3.34e+18
2614,Xe,9666.666666666668,3.34e+18
2615,Y,9666.666666666668,3.34e+18
2616,Yb,9666.666666666668,3.34e+18
2617,Zn,9666.666666666668,3.34e+18
2618,Ac,9666.666666666668,4.45e+18
2619,Ag,9666.666666666668,4.45e+18
2620,Al,9666.666666666668,4.45e+18
2621,Ar,9666.666666666668,4.45e+18
2622,As,9666.666666666668,4.45e+18
2623,Au,9666.666666666668,4.45e+18
2624,B,9666.666666666668,4.45e+18
2625,Ba,9666.666666666668,4.45e+18
2626,Be,9666.666666666668,4.45e+18
2627,Bi,9666.666666666668,4.45e+18
2628,Br,9666.666666666668,4.45e+18
2629,C,9666.666666666668,4.45e+18
2630,Ca,9666.666666666668,4.45e+18
2631,Cd,9666.666666666668,4.45e+18
2632,Ce,9666.666666666668,4.45e+18
2633,Cl,9666.666666666668,4.45e+18
2634,Co,9666.666666666668,4.45e+18
2635,Cr,9666.666666666668,4.45e+18
2636,Cs,9666.666666666668,4.45e+18
2637,Cu,9666.666666666668,4.45e+18
2638,Dy,9666.666666666668,4.45e+18
2639,Er,9666.666666666668,4.45e+18
2640,Eu,9666.666666666668,4.45e+18
2641,F,9666.666666666668,4.45e+18
2642,Fe,9666.666666666668,4.45e+18
2643,Fr,9666.666666666668,4.45e+18
2644,Ga,9666.666666666668,4.45e+18
2645,Gd,9666.666666666668,4.45e+18
2646,Ge,9666.666666666668,4.45e+18
2647,H,9666.666666666668,4.45e+18
2648,He,9666.666666666668,4.45e+18
2649,Hf,9666.666666666668,4.45e+18
2650,Hg,9666.666666666668,4.45e+18
2651,Ho,9666.666666666668,4.45e+18
2652,K,9666.666666666668,4.45e+18
2653,Kr,9666.666666666668,4.45e+18
2654,La,9666.666666666668,4.45e+18
2655,Li,9666.666666666668,4.45e+18
2656,Lu,9666.666666666668,4.45e+18
2657,Mg,9666.666666666668,4.45e+18
2658,Mn,9666.666666666668,4.45e+18
2659,Mo,9666.666666666668,4.45e+18
2660,N,9666.666666666668,4.45e+18
2661,Na,9666.666666666668,4.45e+18
2662,Nd,9666.666666666668,4.45e+18
2663,Ne,9666.666666666668,4.45e+18
2664,Ni,9666.666666666668,4.45e+18
2665,O,9666.666666666668,4.45e+18
2666,P,9666.666666666668,4.45e+18
2667,Pb,9666.666666666668,4.45e+18
2668,Pd,9666.666666666668,4.45e+18
2669,Pr,9666.666666666668,4.45e+18
2670,Pt,9666.666666666668,4.45e+18
2671,Ra,9666.666666666668,4.45e+18
2672,Rb,9666.666666666668,4.45e+18
2673,Rh,9666.666666666668,4.45e+18
2674,Ru,9666.666666666668,4.45e+18
2675,S,9666.666666666668,4.45e+18
2676,Sb,9666.666666666668,4.45e+18
2677,Sc,9666.666666666668,4.45e+18
2678,Si,9666.666666666668,4.45e+18
2679,Sm,9666.666666666668,4.45e+18
2680,Sn,9666.666666666668,4.45e+18
2681,Sr,9666.666666666668,4.45e+18
2682,Ta,9666.666666666668,4.45e+18
2683,Tb,9666.666666666668,4.45e+18
2684,Tc,9666.666666666668,4.45e+18
2685,Te,9666.666666666668,4.45e+18
2686,Ti,9666.666666666668,4.45e+18
2687,Tl,9666.666666666668,4.45e+18
2688,Tm,9666.666666666668,4.45e+18
2689,V,9666.666666666668,4.45e+18
2690,W,9666.666666666668,4.45e+18
2691,Xe,9666.666666666668,4.45e+18
2692,Y,9666.666666666668,4.45e+18
2693,Yb,9666.666666666668,4.45e+18
2694,Zn,9666.666666666668,4.45e+18
2695,Ac,9666.666666666668,5.56e+18
2696,Ag,9666.666666666668,5.56e+18
2697,Al,9666.666666666668,5.56e+18
2698,Ar,9666.666666666668,5.56e+18
2699,As,9666.666666666668,5.56e+18
2700,Au,9666.666666666668,5.56e+18
2701,B,9666.666666666668,5.56e+18
2702,Ba,9666.666666666668,5.56e+18
2703,Be,9666.666666666668,5.56e+18
2704,Bi,9666.666666666668,5.56e+18
2705,Br,9666.666666666668,5.56e+18
2706,C,9666.666666666668,5.56e+18
2707,Ca,9666.666666666668,5.56e+18
2708,Cd,9666.666666666668,5.56e+18
2709,Ce,9666.666666666668,5.56e+18
2710,Cl,9666.666666666668,5.56e+18
2711,Co,9666.666666666668,5.56e+18
2712,Cr,9666.666666666668,5.56e+18
2713,Cs,9666.666666666668,5.56e+18
2714,Cu,9666.666666666668,5.56e+18
2715,Dy,9666.666666666668,5.56e+18
2716,Er,9666.666666666668,5.56e+18
2717,Eu,9666.666666666668,5.56e+18
2718,F,9666.666666666668,5.56e+18
2719,Fe,9666.666666666668,5.56e+18
2720,Fr,9666.666666666668,5.56e+18
2721,Ga,9666.666666666668,5.56e+18
2722,Gd,9666.666666666668,5.56e+18
2723,Ge,9666.666666666668,5.56e+18
2724,H,9666.666666666668,5.56e+18
2725,He,9666.666666666668,5.56e+18
2726,Hf,9666.666666666668,5.56e+18
2727,Hg,9666.666666666668,5.56e+18
2728,Ho,9666.666666666668,5.56e+18
2729,K,9666.666666666668,5.56e+18
2730,Kr,9666.666666666668,5.56e+18
2731,La,9666.666666666668,5.56e+18
2732,Li,9666.666666666668,5.56e+18
2733,Lu,9666.666666666668,5.56e+18
2734,Mg,9666.666666666668,5.56e+18
2735,Mn,9666.666666666668,5.56e+18
2736,Mo,9666.666666666668,5.56e+18
2737,N,9666.666666666668,5.56e+18
2738,Na,9666.666666666668,5.56e+18
2739,Nd,9666.666666666668,5.56e+18
2740,Ne,9666.666666666668,5.56e+18
2741,Ni,9666.666666666668,5.56e+18
2742,O,9666.666666666668,5.56e+18
2743,P,9666.666666666668,5.56e+18
2744,Pb,9666.666666666668,5.56e+18
2745,Pd,9666.666666666668,5.56e+18
2746,Pr,9666.666666666668,5.56e+18
2747,Pt,9666.666666666668,5.56e+18
2748,Ra,9666.666666666668,5.56e+18
2749,Rb,9666.666666666668,5.56e+18
2750,Rh,9666.666666666668,5.56e+18
2751,Ru,9666.666666666668,5.56e+18
2752,S,9666.666666666668,5.56e+18
2753,Sb,9666.666666666668,5.56e+18
2754,Sc,9666.666666666668,5.56e+18
2755,Si,9666.666666666668,5.56e+18
2756,Sm,9666.666666666668,5.56e+18
2757,Sn,9666.666666666668,5.56e+18
2758,Sr,9666.666666666668,5.56e+18
2759,Ta,9666.666666666668,5.56e+18
2760,Tb,9666.666666666668,5.56e+18
2761,Tc,9666.666666666668,5.56e+18
2762,Te,9666.666666666668,5.56e+18
2763,Ti,9666.666666666668,5.56e+18
2764,Tl,9666.666666666668,5.56e+18
2765,Tm,9666.666666666668,5.56e+18
2766,V,9666.666666666668,5.56e+18
2767,W,9666.666666666668,5.56e+18
2768,Xe,9666.666666666668,5.56e+18
2769,Y,9666.666666666668,5.56e+18
2770,Yb,9666.666666666668,5.56e+18
2771,Zn,9666.666666666668,5.56e+18
2772,Ac,9666.666666666668,6.67e+18
2773,Ag,9666.666666666668,6.67e+18
2774,Al,9666.666666666668,6.67e+18
2775,Ar,9666.666666666668,6.67e+18
2776,As,9666.666666666668,6.67e+18
2777,Au,9666.666666666668,6.67e+18
2778,B,9666.666666666668,6.67e+18
2779,Ba,9666.666666666668,6.67e+18
2780,Be,9666.666666666668,6.67e+18
2781,Bi,9666.666666666668,6.67e+18
2782,Br,9666.666666666668,6.67e+18
2783,C,9666.666666666668,6.67e+18
2784,Ca,9666.666666666668,6.67e+18
2785,Cd,9666.666666666668,6.67e+18
2786,Ce,9666.666666666668,6.67e+18
2787,Cl,9666.666666666668,6.67e+18
2788,Co,9666.666666666668,6.67e+18
2789,Cr,9666.666666666668,6.67e+18
2790,Cs,9666.666666666668,6.67e+18
2791,Cu,9666.666666666668,6.67e+18
2792,Dy,9666.666666666668,6.67e+18
2793,Er,9666.666666666668,6.67e+18
2794,Eu,9666.666666666668,6.67e+18
2795,F,9666.666666666668,6.67e+18
2796,Fe,9666.666666666668,6.67e+18
2797,Fr,9666.666666666668,6.67e+18
2798,Ga,9666.666666666668,6.67e+18
2799,Gd,9666.666666666668,6.67e+18
2800,Ge,9666.666666666668,6.67e+18
2801,H,9666.666666666668,6.67e+18
2802,He,9666.666666666668,6.67e+18
2803,Hf,9666.666666666668,6.67e+18
2804,Hg,9666.666666666668,6.67e+18
2805,Ho,9666.666666666668,6.67e+18
2806,K,9666.666666666668,6.67e+18
2807,Kr,9666.666666666668,6.67e+18
2808,La,9666.666666666668,6.67e+18
2809,Li,9666.666666666668,6.67e+18
2810,Lu,9666.666666666668,6.67e+18
2811,Mg,9666.666666666668,6.67e+18
2812,Mn,9666.666666666668,6.67e+18
2813,Mo,9666.666666666668,6.67e+18
2814,N,9666.666666666668,6.67e+18
2815,Na,9666.666666666668,6.67e+18
2816,Nd,9666.666666666668,6.67e+18
2817,Ne,9666.666666666668,6.67e+18
2818,Ni,9666.666666666668,6.67e+18
2819,O,9666.666666666668,6.67e+18
2820,P,9666.666666666668,6.67e+18
2821,Pb,9666.666666666668,6.67e+18
2822,Pd,9666.666666666668,6.67e+18
2823,Pr,9666.666666666668,6.67e+18
2824,Pt,9666.666666666668,6.67e+18
2825,Ra,9666.666666666668,6.67e+18
2826,Rb,9666.666666666668,6.67e+18
2827,Rh,9666.666666666668,6.67e+18
2828,Ru,9666.666666666668,6.67e+18
2829,S,9666.666666666668,6.67e+18
2830,Sb,9666.666666666668,6.67e+18
2831,Sc,9666.666666666668,6.67e+18
2832,Si,9666.666666666668,6.67e+18
2833,Sm,9666.666666666668,6.67e+18
2834,Sn,9666.666666666668,6.67e+18
2835,Sr,9666.666666666668,6.67e+18
2836,Ta,9666.666666666668,6.67e+18
2837,Tb,9666.666666666668,6.67e+18
2838,Tc,9666.666666666668,6.67e+18
2839,Te,9666.666666666668,6.67e+18
2840,Ti,9666.666666666668,6.67e+18
2841,Tl,9666.666666666668,6.67e+18
2842,Tm,9666.666666666668,6.67e+18
2843,V,9666.666666666668,6.67e+18
2844,W,9666.666666666668,6.67e+18
2845,Xe,9666.666666666668,6.67e+18
2846,Y,9666.666666666668,6.67e+18
2847,Yb,9666.666666666668,6.67e+18
2848,Zn,9666.666666666668,6.67e+18
2849,Ac,9666.666666666668,7.78e+18
2850,Ag,9666.666666666668,7.78e+18
2851,Al,9666.666666666668,7.78e+18
2852,Ar,9666.666666666668,7.78e+18
2853,As,9666.666666666668,7.78e+18
2854,Au,9666.666666666668,7.78e+18
2855,B,9666.666666666668,7.78e+18
2856,Ba,9666.666666666668,7.78e+18
2857,Be,9666.666666666668,7.78e+18
2858,Bi,9666.666666666668,7.78e+18
2859,Br,9666.666666666668,7.78e+18
2860,C,9666.666666666668,7.78e+18
2861,Ca,9666.666666666668,7.78e+18
2862,Cd,9666.666666666668,7.78e+18
2863,Ce,9666.666666666668,7.78e+18
2864,Cl,9666.666666666668,7.78e+18
2865,Co,9666.666666666668,7.78e+18
2866,Cr,9666.666666666668,7.78e+18
2867,Cs,9666.666666666668,7.78e+18
2868,Cu,9666.666666666668,7.78e+18
2869,Dy,9666.666666666668,7.78e+18
2870,Er,9666.666666666668,7.78e+18
2871,Eu,9666.666666666668,7.78e+18
2872,F,9666.666666666668,7.78e+18
2873,Fe,9666.666666666668,7.78e+18
2874,Fr,9666.666666666668,7.78e+18
2875,Ga,9666.666666666668,7.78e+18
2876,Gd,9666.666666666668,7.78e+18
2877,Ge,9666.666666666668,7.78e+18
2878,H,9666.666666666668,7.78e+18
2879,He,9666.666666666668,7.78e+18
2880,Hf,9666.666666666668,7.78e+18
2881,Hg,9666.666666666668,7.78e+18
2882,Ho,9666.666666666668,7.78e+18
2883,K,9666.666666666668,7.78e+18
2884,Kr,9666.666666666668,7.78e+18
2885,La,9666.666666666668,7.78e+18
2886,Li,9666.666666666668,7.78e+18
2887,Lu,9666.666666666668,7.78e+18
2888,Mg,9666.666666666668,7.78e+18
2889,Mn,9666.666666666668,7.78e+18
2890,Mo,9666.666666666668,7.78e+18
2891,N,9666.666666666668,7.78e+18
2892,Na,9666.666666666668,7.78e+18
2893,Nd,9666.666666666668,7.78e+18
2894,Ne,9666.666666666668,7.78e+18
2895,Ni,9666.666666666668,7.78e+18
2896,O,9666.666666666668,7.78e+18
2897,P,9666.666666666668,7.78e+18
2898,Pb,9666.666666666668,7.78e+18
2899,Pd,9666.666666666668,7.78e+18
2900,Pr,9666.666666666668,7.78e+18
2901,Pt,9666.666666666668,7.78e+18
2902,Ra,9666.666666666668,7.78e+18
2903,Rb,9666.666666666668,7.78e+18
2904,Rh,9666.666666666668,7.78e+18
2905,Ru,9666.666666666668,7.78e+18
2906,S,9666.666666666668,7.78e+18
2907,Sb,9666.666666666668,7.78e+18
2908,Sc,9666.666666666668,7.78e+18
2909,Si,9666.666666666668,7.78e+18
2910,Sm,9666.666666666668,7.78e+18
2911,Sn,9666.666666666668,7.78e+18
2912,Sr,9666.666666666668,7.78e+18
2913,Ta,9666.666666666668,7.78e+18
2914,Tb,9666.666666666668,7.78e+18
2915,Tc,9666.666666666668,7.78e+18
2916,Te,9666.666666666668,7.78e+18
2917,Ti,9666.666666666668,7.78e+18
2918,Tl,9666.666666666668,7.78e+18
2919,Tm,9666.666666666668,7.78e+18
2920,V,9666.666666666668,7.78e+18
2921,W,9666.666666666668,7.78e+18
2922,Xe,9666.666666666668,7.78e+18
2923,Y,9666.666666666668,7.78e+18
2924,Yb,9666.666666666668,7.78e+18
2925,Zn,9666.666666666668,7.78e+18
2926,Ac,9666.666666666668,8.89e+18
2927,Ag,9666.666666666668,8.89e+18
2928,Al,9666.666666666668,8.89e+18
2929,Ar,9666.666666666668,8.89e+18
2930,As,9666.666666666668,8.89e+18
2931,Au,9666.666666666668,8.89e+18
2932,B,9666.666666666668,8.89e+18
2933,Ba,9666.666666666668,8.89e+18
2934,Be,9666.666666666668,8.89e+18
2935,Bi,9666.666666666668,8.89e+18
2936,Br,9666.666666666668,8.89e+18
2937,C,9666.666666666668,8.89e+18
2938,Ca,9666.666666666668,8.89e+18
2939,Cd,9666.666666666668,8.89e+18
2940,Ce,9666.666666666668,8.89e+18
2941,Cl,9666.666666666668,8.89e+18
2942,Co,9666.666666666668,8.89e+18
2943,Cr,9666.666666666668,8.89e+18
2944,Cs,9666.666666666668,8.89e+18
2945,Cu,9666.666666666668,8.89e+18
2946,Dy,9666.666666666668,8.89e+18
2947,Er,9666.666666666668,8.89e+18
2948,Eu,9666.666666666668,8.89e+18
2949,F,9666.666666666668,8.89e+18
2950,Fe,9666.666666666668,8.89e+18
2951,Fr,9666.666666666668,8.89e+18
2952,Ga,9666.666666666668,8.89e+18
2953,Gd,9666.666666666668,8.89e+18
2954,Ge,9666.666666666668,8.89e+18
2955,H,9666.666666666668,8.89e+18
2956,He,9666.666666666668,8.89e+18
2957,Hf,9666.666666666668,8.89e+18
2958,Hg,9666.666666666668,8.89e+18
2959,Ho,9666.666666666668,8.89e+18
2960,K,9666.666666666668,8.89e+18
2961,Kr,9666.666666666668,8.89e+18
2962,La,9666.666666666668,8.89e+18
2963,Li,9666.666666666668,8.89e+18
2964,Lu,9666.666666666668,8.89e+18
2965,Mg,9666.666666666668,8.89e+18
2966,Mn,9666.666666666668,8.89e+18
2967,Mo,9666.666666666668,8.89e+18
2968,N,9666.666666666668,8.89e+18
2969,Na,9666.666666666668,8.89e+18
2970,Nd,9666.666666666668,8.89e+18
2971,Ne,9666.666666666668,8.89e+18
2972,Ni,9666.666666666668,8.89e+18
2973,O,9666.666666666668,8.89e+18
2974,P,9666.666666666668,8.89e+18
2975,Pb,9666.666666666668,8.89e+18
2976,Pd,9666.666666666668,8.89e+18
2977,Pr,9666.666666666668,8.89e+18
2978,Pt,9666.666666666668,8.89e+18
2979,Ra,9666.666666666668,8.89e+18
2980,Rb,9666.666666666668,8.89e+18
2981,Rh,9666.666666666668,8.89e+18
2982,Ru,9666.666666666668,8.89e+18
2983,S,9666.666666666668,8.89e+18
2984,Sb,9666.666666666668,8.89e+18
2985,Sc,9666.666666666668,8.89e+18
2986,Si,9666.666666666668,8.89e+18
2987,Sm,9666.666666666668,8.89e+18
2988,Sn,9666.666666666668,8.89e+18
2989,Sr,9666.666666666668,8.89e+18
2990,Ta,9666.666666666668,8.89e+18
2991,Tb,9666.666666666668,8.89e+18
2992,Tc,9666.666666666668,8.89e+18
2993,Te,9666.666666666668,8.89e+18
2994,Ti,9666.666666666668,8.89e+18
2995,Tl,9666.666666666668,8.89e+18
2996,Tm,9666.666666666668,8.89e+18
2997,V,9666.666666666668,8.89e+18
2998,W,9666.666666666668,8.89e+18
2999,Xe,9666.666666666668,8.89e+18
3000,Y,9666.666666666668,8.89e+18
3001,Yb,9666.666666666668,8.89e+18
3002,Zn,9666.666666666668,8.89e+18
3003,Ac,9666.666666666668,1e+19
3004,Ag,9666.666666666668,1e+19
3005,Al,9666.666666666668,1e+19
3006,Ar,9666.666666666668,1e+19
3007,As,9666.666666666668,1e+19
3008,Au,9666.666666666668,1e+19
3009,B,9666.666666666668,1e+19
3010,Ba,9666.666666666668,1e+19
3011,Be,9666.666666666668,1e+19
3012,Bi,9666.666666666668,1e+19
3013,Br,9666.666666666668,1e+19
3014,C,9666.666666666668,1e+19
3015,Ca,9666.666666666668,1e+19
3016,Cd,9666.666666666668,1e+19
3017,Ce,9666.666666666668,1e+19
3018,Cl,9666.666666666668,1e+19
3019,Co,9666.666666666668,1e+19
3020,Cr,9666.666666666668,1e+19
3021,Cs,9666.666666666668,1e+19
3022,Cu,9666.666666666668,1e+19
3023,Dy,9666.666666666668,1e+19
3024,Er,9666.666666666668,1e+19
3025,Eu,9666.666666666668,1e+19
3026,F,9666.666666666668,1e+19
3027,Fe,9666.666666666668,1e+19
3028,Fr,9666.666666666668,1e+19
3029,Ga,9666.666666666668,1e+19
3030,Gd,9666.666666666668,1e+19
3031,Ge,9666.666666666668,1e+19
3032,H,9666.666666666668,1e+19
3033,He,9666.666666666668,1e+19
3034,Hf,9666.666666666668,1e+19
3035,Hg,9666.666666666668,1e+19
3036,Ho,9666.666666666668,1e+19
3037,K,9666.666666666668,1e+19
3038,Kr,9666.666666666668,1e+19
3039,La,9666.666666666668,1e+19
3040,Li,9666.666666666668,1e+19
3041,Lu,9666.666666666668,1e+19
3042,Mg,9666.666666666668,1e+19
3043,Mn,9666.666666666668,1e+19
3044,Mo,9666.666666666668,1e+19
3045,N,9666.666666666668,1e+19
3046,Na,9666.666666666668,1e+19
3047,Nd,9666.666666666668,1e+19
3048,Ne,9666.666666666668,1e+19
3049,Ni,9666.666666666668,1e+19
3050,O,9666.666666666668,1e+19
3051,P,9666.666666666668,1e+19
3052,Pb,9666.666666666668,1e+19
3053,Pd,9666.666666666668,1e+19
3054,Pr,9666.666666666668,1e+19
3055,Pt,9666.666666666668,1e+19
3056,Ra,9666.666666666668,1e+19
3057,Rb,9666.666666666668,1e+19
3058,Rh,9666.666666666668,1e+19
3059,Ru,9666.666666666668,1e+19
3060,S,9666.666666666668,1e+19
3061,Sb,9666.666666666668,1e+19
3062,Sc,9666.666666666668,1e+19
3063,Si,9666.666666666668,1e+19
3064,Sm,9666.666666666668,1e+19
3065,Sn,9666.666666666668,1e+19
3066,Sr,9666.666666666668,1e+19
3067,Ta,9666.666666666668,1e+19
3068,Tb,9666.666666666668,1e+19
3069,Tc,9666.666666666668,1e+19
3070,Te,9666.666666666668,1e+19
3071,Ti,9666.666666666668,1e+19
3072,Tl,9666.666666666668,1e+19
3073,Tm,9666.666666666668,1e+19
3074,V,9666.666666666668,1e+19
3075,W,9666.666666666668,1e+19
3076,Xe,9666.666666666668,1e+19
3077,Y,9666.666666666668,1e+19
3078,Yb,9666.666666666668,1e+19
3079,Zn,9666.666666666668,1e+19
3080,Ac,10555.555555555555,1e+16
3081,Ag,10555.555555555555,1e+16
3082,Al,10555.555555555555,1e+16
3083,Ar,10555.555555555555,1e+16
3084,As,10555.555555555555,1e+16
3085,Au,10555.555555555555,1e+16
3086,B,10555.555555555555,1e+16
3087,Ba,10555.555555555555,1e+16
3088,Be,10555.555555555555,1e+16
3089,Bi,10555.555555555555,1e+16
3090,Br,10555.555555555555,1e+16
3091,C,10555.555555555555,1e+16
3092,Ca,10555.555555555555,1e+16
3093,Cd,10555.555555555555,1e+16
3094,Ce,10555.555555555555,1e+16
3095,Cl,10555.555555555555,1e+16
3096,Co,10555.555555555555,1e+16
3097,Cr,10555.555555555555,1e+16
3098,Cs,10555.555555555555,1e+16
3099,Cu,10555.555555555555,1e+16
3100,Dy,10555.555555555555,1e+16
3101,Er,10555.555555555555,1e+16
3102,Eu,10555.555555555555,1e+16
3103,F,10555.555555555555,1e+16
3104,Fe,10555.555555555555,1e+16
3105,Fr,10555.555555555555,1e+16
3106,Ga,10555.555555555555,1e+16
3107,Gd,10555.555555555555,1e+16
3108,Ge,10555.555555555555,1e+16
3109,H,10555.555555555555,1e+16
3110,He,10555.555555555555,1e+16
3111,Hf,10555.555555555555,1e+16
3112,Hg,10555.555555555555,1e+16
3113,Ho,10555.555555555555,1e+16
3114,K,10555.555555555555,1e+16
3115,Kr,10555.555555555555,1e+16
3116,La,10555.555555555555,1e+16
3117,Li,10555.555555555555,1e+16
3118,Lu,10555.555555555555,1e+16
3119,Mg,10555.555555555555,1e+16
3120,Mn,10555.555555555555,1e+16
3121,Mo,10555.555555555555,1e+16
3122,N,10555.555555555555,1e+16
3123,Na,10555.555555555555,1e+16
3124,Nd,10555.555555555555,1e+16
3125,Ne,10555.555555555555,1e+16
3126,Ni,10555.555555555555,1e+16
3127,O,10555.555555555555,1e+16
3128,P,10555.555555555555,1e+16
3129,Pb,10555.555555555555,1e+16
3130,Pd,10555.555555555555,1e+16
3131,Pr,10555.555555555555,1e+16
3132,Pt,10555.555555555555,1e+16
3133,Ra,10555.555555555555,1e+16
3134,Rb,10555.555555555555,1e+16
3135,Rh,10555.555555555555,1e+16
3136,Ru,10555.555555555555,1e+16
3137,S,10555.555555555555,1e+16
3138,Sb,10555.555555555555,1e+16
3139,Sc,10555.555555555555,1e+16
3140,Si,10555.555555555555,1e+16
3141,Sm,10555.555555555555,1e+16
3142,Sn,10555.555555555555,1e+16
3143,Sr,10555.555555555555,1e+16
3144,Ta,10555.555555555555,1e+16
3145,Tb,10555.555555555555,1e+16
3146,Tc,10555.555555555555,1e+16
3147,Te,10555.555555555555,1e+16
3148,Ti,10555.555555555555,1e+16
3149,Tl,10555.555555555555,1e+16
3150,Tm,10555.555555555555,1e+16
3151,V,10555.555555555555,1e+16
3152,W,10555.555555555555,1e+16
3153,Xe,10555.555555555555,1e+16
3154,Y,10555.555555555555,1e+16
3155,Yb,10555.555555555555,1e+16
3156,Zn,10555.555555555555,1e+16
3157,Ac,10555.555555555555,1.12e+18
3158,Ag,10555.555555555555,1.12e+18
3159,Al,10555.555555555555,1.12e+18
3160,Ar,10555.555555555555,1.12e+18
3161,As,10555.555555555555,1.12e+18
3162,Au,10555.555555555555,1.12e+18
3163,B,10555.555555555555,1.12e+18
3164,Ba,10555.555555555555,1.12e+18
3165,Be,10555.555555555555,1.12e+18
3166,Bi,10555.555555555555,1.12e+18
3167,Br,10555.555555555555,1.12e+18
3168,C,10555.555555555555,1.12e+18
3169,Ca,10555.555555555555,1.12e+18
3170,Cd,10555.555555555555,1.12e+18
3171,Ce,10555.555555555555,1.12e+18
3172,Cl,10555.555555555555,1.12e+18
3173,Co,10555.555555555555,1.12e+18
3174,Cr,10555.555555555555,1.12e+18
3175,Cs,10555.555555555555,1.12e+18
3176,Cu,10555.555555555555,1.12e+18
3177,Dy,10555.555555555555,1.12e+18
3178,Er,10555.555555555555,1.12e+18
3179,Eu,10555.555555555555,1.12e+18
3180,F,10555.555555555555,1.12e+18
3181,Fe,10555.555555555555,1.12e+18
3182,Fr,10555.555555555555,1.12e+18
3183,Ga,10555.555555555555,1.12e+18
3184,Gd,10555.555555555555,1.12e+18
3185,Ge,10555.555555555555,1.12e+18
3186,H,10555.555555555555,1.12e+18
3187,He,10555.555555555555,1.12e+18
3188,Hf,10555.555555555555,1.12e+18
3189,Hg,10555.555555555555,1.12e+18
3190,Ho,10555.555555555555,1.12e+18
3191,K,10555.555555555555,1.12e+18
3192,Kr,10555.555555555555,1.12e+18
3193,La,10555.555555555555,1.12e+18
3194,Li,10555.555555555555,1.12e+18
3195,Lu,10555.555555555555,1.12e+18
3196,Mg,10555.555555555555,1.12e+18
3197,Mn,10555.555555555555,1.12e+18
3198,Mo,10555.555555555555,1.12e+18
3199,N,10555.555555555555,1.12e+18
3200,Na,10555.555555555555,1.12e+18
3201,Nd,10555.555555555555,1.12e+18
3202,Ne,10555.555555555555,1.12e+18
3203,Ni,10555.555555555555,1.12e+18
3204,O,10555.555555555555,1.12e+18
3205,P,10555.555555555555,1.12e+18
3206,Pb,10555.555555555555,1.12e+18
3207,Pd,10555.555555555555,1.12e+18
3208,Pr,10555.555555555555,1.12e+18
3209,Pt,10555.555555555555,1.12e+18
3210,Ra,10555.555555555555,1.12e+18
3211,Rb,10555.555555555555,1.12e+18
3212,Rh,10555.555555555555,1.12e+18
3213,Ru,10555.555555555555,1.12e+18
3214,S,10555.555555555555,1.12e+18
3215,Sb,10555.555555555555,1.12e+18
3216,Sc,10555.555555555555,1.12e+18
3217,Si,10555.555555555555,1.12e+18
3218,Sm,10555.555555555555,1.12e+18
3219,Sn,10555.555555555555,1.12e+18
3220,Sr,10555.555555555555,1.12e+18
3221,Ta,10555.555555555555,1.12e+18
3222,Tb,10555.555555555555,1.12e+18
3223,Tc,10555.555555555555,1.12e+18
3224,Te,10555.555555555555,1.12e+18
3225,Ti,10555.555555555555,1.12e+18
3226,Tl,10555.555555555555,1.12e+18
3227,Tm,10555.555555555555,1.12e+18
3228,V,10555.555555555555,1.12e+18
3229,W,10555.555555555555,1.12e+18
3230,Xe,10555.555555555555,1.12e+18
3231,Y,10555.555555555555,1.12e+18
3232,Yb,10555.555555555555,1.12e+18
3233,Zn,10555.555555555555,1.12e+18
3234,Ac,10555.555555555555,2.23e+18
3235,Ag,10555.555555555555,2.23e+18
3236,Al,10555.555555555555,2.23e+18
3237,Ar,10555.555555555555,2.23e+18
3238,As,10555.555555555555,2.23e+18
3239,Au,10555.555555555555,2.23e+18
3240,B,10555.555555555555,2.23e+18
3241,Ba,10555.555555555555,2.23e+18
3242,Be,10555.555555555555,2.23e+18
3243,Bi,10555.555555555555,2.23e+18
3244,Br,10555.555555555555,2.23e+18
3245,C,10555.555555555555,2.23e+18
3246,Ca,10555.555555555555,2.23e+18
3247,Cd,10555.555555555555,2.23e+18
3248,Ce,10555.555555555555,2.23e+18
3249,Cl,10555.555555555555,2.23e+18
3250,Co,10555.555555555555,2.23e+18
3251,Cr,10555.555555555555,2.23e+18
3252,Cs,10555.555555555555,2.23e+18
3253,Cu,10555.555555555555,2.23e+18
3254,Dy,10555.555555555555,2.23e+18
3255,Er,10555.555555555555,2.23e+18
3256,Eu,10555.555555555555,2.23e+18
3257,F,10555.555555555555,2.23e+18
3258,Fe,10555.555555555555,2.23e+18
3259,Fr,10555.555555555555,2.23e+18
3260,Ga,10555.555555555555,2.23e+18
3261,Gd,10555.555555555555,2.23e+18
3262,Ge,10555.555555555555,2.23e+18
3263,H,10555.555555555555,2.23e+18
3264,He,10555.555555555555,2.23e+18
3265,Hf,10555.555555555555,2.23e+18
3266,Hg,10555.555555555555,2.23e+18
3267,Ho,10555.555555555555,2.23e+18
3268,K,10555.555555555555,2.23e+18
3269,Kr,10555.555555555555,2.23e+18
3270,La,10555.555555555555,2.23e+18
3271,Li,10555.555555555555,2.23e+18
3272,Lu,10555.555555555555,2.23e+18
3273,Mg,10555.555555555555,2.23e+18
3274,Mn,10555.555555555555,2.23e+18
3275,Mo,10555.555555555555,2.23e+18
3276,N,10555.555555555555,2.23e+18
3277,Na,10555.555555555555,2.23e+18
3278,Nd,10555.555555555555,2.23e+18
3279,Ne,10555.555555555555,2.23e+18
3280,Ni,10555.555555555555,2.23e+18
3281,O,10555.555555555555,2.23e+18
3282,P,10555.555555555555,2.23e+18
3283,Pb,10555.555555555555,2.23e+18
3284,Pd,10555.555555555555,2.23e+18
3285,Pr,10555.555555555555,2.23e+18
3286,Pt,10555.555555555555,2.23e+18
3287,Ra,10555.555555555555,2.23e+18
3288,Rb,10555.555555555555,2.23e+18
3289,Rh,10555.555555555555,2.23e+18
3290,Ru,10555.555555555555,2.23e+18
3291,S,10555.555555555555,2.23e+18
3292,Sb,10555.555555555555,2.23e+18
3293,Sc,10555.555555555555,2.23e+18
3294,Si,10555.555555555555,2.23e+18
3295,Sm,10555.555555555555,2.23e+18
3296,Sn,10555.555555555555,2.23e+18
3297,Sr,10555.555555555555,2.23e+18
3298,Ta,10555.555555555555,2.23e+18
3299,Tb,10555.555555555555,2.23e+18
3300,Tc,10555.555555555555,2.23e+18
3301,Te,10555.555555555555,2.23e+18
3302,Ti,10555.555555555555,2.23e+18
3303,Tl,10555.555555555555,2.23e+18
3304,Tm,10555.555555555555,2.23e+18
3305,V,10555.555555555555,2.23e+18
3306,W,10555.555555555555,2.23e+18
3307,Xe,10555.555555555555,2.23e+18
3308,Y,10555.555555555555,2.23e+18
3309,Yb,10555.555555555555,2.23e+18
3310,Zn,10555.555555555555,2.23e+18
3311,Ac,10555.555555555555,3.34e+18
3312,Ag,10555.555555555555,3.34e+18
3313,Al,10555.555555555555,3.34e+18
3314,Ar,10555.555555555555,3.34e+18
3315,As,10555.555555555555,3.34e+18
3316,Au,10555.555555555555,3.34e+18
3317,B,10555.555555555555,3.34e+18
3318,Ba,10555.555555555555,3.34e+18
3319,Be,10555.555555555555,3.34e+18
3320,Bi,10555.555555555555,3.34e+18
3321,Br,10555.555555555555,3.34e+18
3322,C,10555.555555555555,3.34e+18
3323,Ca,10555.555555555555,3.34e+18
3324,Cd,10555.555555555555,3.34e+18
3325,Ce,10555.555555555555,3.34e+18
3326,Cl,10555.555555555555,3.34e+18
3327,Co,10555.555555555555,3.34e+18
3328,Cr,10555.555555555555,3.34e+18
3329,Cs,10555.555555555555,3.34e+18
3330,Cu,10555.555555555555,3.34e+18
3331,Dy,10555.555555555555,3.34e+18
3332,Er,10555.555555555555,3.34e+18
3333,Eu,10555.555555555555,3.34e+18
3334,F,10555.555555555555,3.34e+18
3335,Fe,10555.555555555555,3.34e+18
3336,Fr,10555.555555555555,3.34e+18
3337,Ga,10555.555555555555,3.34e+18
3338,Gd,10555.555555555555,3.34e+18
3339,Ge,10555.555555555555,3.34e+18
3340,H,10555.555555555555,3.34e+18
3341,He,10555.555555555555,3.34e+18
3342,Hf,10555.555555555555,3.34e+18
3343,Hg,10555.555555555555,3.34e+18
3344,Ho,10555.555555555555,3.34e+18
3345,K,10555.555555555555,3.34e+18
3346,Kr,10555.555555555555,3.34e+18
3347,La,10555.555555555555,3.34e+18
3348,Li,10555.555555555555,3.34e+18
3349,Lu,10555.555555555555,3.34e+18
3350,Mg,10555.555555555555,3.34e+18
3351,Mn,10555.555555555555,3.34e+18
3352,Mo,10555.555555555555,3.34e+18
3353,N,10555.555555555555,3.34e+18
3354,Na,10555.555555555555,3.34e+18
3355,Nd,10555.555555555555,3.34e+18
3356,Ne,10555.555555555555,3.34e+18
3357,Ni,10555.555555555555,3.34e+18
3358,O,10555.555555555555,3.34e+18
3359,P,10555.555555555555,3.34e+18
3360,Pb,10555.555555555555,3.34e+18
3361,Pd,10555.555555555555,3.34e+18
3362,Pr,10555.555555555555,3.34e+18
3363,Pt,10555.555555555555,3.34e+18
3364,Ra,10555.555555555555,3.34e+18
3365,Rb,10555.555555555555,3.34e+18
3366,Rh,10555.555555555555,3.34e+18
3367,Ru,10555.555555555555,3.34e+18
3368,S,10555.555555555555,3.34e+18
3369,Sb,10555.555555555555,3.34e+18
3370,Sc,10555.555555555555,3.34e+18
3371,Si,10555.555555555555,3.34e+18
3372,Sm,10555.555555555555,3.34e+18
3373,Sn,10555.555555555555,3.34e+18
3374,Sr,10555.555555555555,3.34e+18
3375,Ta,10555.555555555555,3.34e+18
3376,Tb,10555.555555555555,3.34e+18
3377,Tc,10555.555555555555,3.34e+18
3378,Te,10555.555555555555,3.34e+18
3379,Ti,10555.555555555555,3.34e+18
3380,Tl,10555.555555555555,3.34e+18
3381,Tm,10555.555555555555,3.34e+18
3382,V,10555.555555555555,3.34e+18
3383,W,10555.555555555555,3.34e+18
3384,Xe,10555.555555555555,3.34e+18
3385,Y,10555.555555555555,3.34e+18
3386,Yb,10555.555555555555,3.34e+18
3387,Zn,10555.555555555555,3.34e+18
3388,Ac,10555.555555555555,4.45e+18
3389,Ag,10555.555555555555,4.45e+18
3390,Al,10555.555555555555,4.45e+18
3391,Ar,10555.555555555555,4.45e+18
3392,As,10555.555555555555,4.45e+18
3393,Au,10555.555555555555,4.45e+18
3394,B,10555.555555555555,4.45e+18
3395,Ba,10555.555555555555,4.45e+18
3396,Be,10555.555555555555,4.45e+18
3397,Bi,10555.555555555555,4.45e+18
3398,Br,10555.555555555555,4.45e+18
3399,C,10555.555555555555,4.45e+18
3400,Ca,10555.555555555555,4.45e+18
3401,Cd,10555.555555555555,4.45e+18
3402,Ce,10555.555555555555,4.45e+18
3403,Cl,10555.555555555555,4.45e+18
3404,Co,10555.555555555555,4.45e+18
3405,Cr,10555.555555555555,4.45e+18
3406,Cs,10555.555555555555,4.45e+18
3407,Cu,10555.555555555555,4.45e+18
3408,Dy,10555.555555555555,4.45e+18
3409,Er,10555.555555555555,4.45e+18
3410,Eu,10555.555555555555,4.45e+18
3411,F,10555.555555555555,4.45e+18
3412,Fe,10555.555555555555,4.45e+18
3413,Fr,10555.555555555555,4.45e+18
3414,Ga,10555.555555555555,4.45e+18
3415,Gd,10555.555555555555,4.45e+18
3416,Ge,10555.555555555555,4.45e+18
3417,H,10555.555555555555,4.45e+18
3418,He,10555.555555555555,4.45e+18
3419,Hf,10555.555555555555,4.45e+18
3420,Hg,10555.555555555555,4.45e+18
3421,Ho,10555.555555555555,4.45e+18
3422,K,10555.555555555555,4.45e+18
3423,Kr,10555.555555555555,4.45e+18
3424,La,10555.555555555555,4.45e+18
3425,Li,10555.555555555555,4.45e+18
3426,Lu,10555.555555555555,4.45e+18
3427,Mg,10555.555555555555,4.45e+18
3428,Mn,10555.555555555555,4.45e+18
3429,Mo,10555.555555555555,4.45e+18
3430,N,10555.555555555555,4.45e+18
3431,Na,10555.555555555555,4.45e+18
3432,Nd,10555.555555555555,4.45e+18
3433,Ne,10555.555555555555,4.45e+18
3434,Ni,10555.555555555555,4.45e+18
3435,O,10555.555555555555,4.45e+18
3436,P,10555.555555555555,4.45e+18
3437,Pb,10555.555555555555,4.45e+18
3438,Pd,10555.555555555555,4.45e+18
3439,Pr,10555.555555555555,4.45e+18
3440,Pt,10555.555555555555,4.45e+18
3441,Ra,10555.555555555555,4.45e+18
3442,Rb,10555.555555555555,4.45e+18
3443,Rh,10555.555555555555,4.45e+18
3444,Ru,10555.555555555555,4.45e+18
3445,S,10555.555555555555,4.45e+18
3446,Sb,10555.555555555555,4.45e+18
3447,Sc,10555.555555555555,4.45e+18
3448,Si,10555.555555555555,4.45e+18
3449,Sm,10555.555555555555,4.45e+18
3450,Sn,10555.555555555555,4.45e+18
3451,Sr,10555.555555555555,4.45e+18
3452,Ta,10555.555555555555,4.45e+18
3453,Tb,10555.555555555555,4.45e+18
3454,Tc,10555.555555555555,4.45e+18
3455,Te,10555.555555555555,4.45e+18
3456,Ti,10555.555555555555,4.45e+18
3457,Tl,10555.555555555555,4.45e+18
3458,Tm,10555.555555555555,4.45e+18
3459,V,10555.555555555555,4.45e+18
3460,W,10555.555555555555,4.45e+18
3461,Xe,10555.555555555555,4.45e+18
3462,Y,10555.555555555555,4.45e+18
3463,Yb,10555.555555555555,4.45e+18
3464,Zn,10555.555555555555,4.45e+18
3465,Ac,10555.555555555555,5.56e+18
3466,Ag,10555.555555555555,5.56e+18
3467,Al,10555.555555555555,5.56e+18
3468,Ar,10555.555555555555,5.56e+18
3469,As,10555.555555555555,5.56e+18
3470,Au,10555.555555555555,5.56e+18
3471,B,10555.555555555555,5.56e+18
3472,Ba,10555.555555555555,5.56e+18
3473,Be,10555.555555555555,5.56e+18
3474,Bi,10555.555555555555,5.56e+18
3475,Br,10555.555555555555,5.56e+18
3476,C,10555.555555555555,5.56e+18
3477,Ca,10555.555555555555,5.56e+18
3478,Cd,10555.555555555555,5.56e+18
3479,Ce,10555.555555555555,5.56e+18
3480,Cl,10555.555555555555,5.56e+18
3481,Co,10555.555555555555,5.56e+18
3482,Cr,10555.555555555555,5.56e+18
3483,Cs,10555.555555555555,5.56e+18
3484,Cu,10555.555555555555,5.56e+18
3485,Dy,10555.555555555555,5.56e+18
3486,Er,10555.555555555555,5.56e+18
3487,Eu,10555.555555555555,5.56e+18
3488,F,10555.555555555555,5.56e+18
3489,Fe,10555.555555555555,5.56e+18
3490,Fr,10555.555555555555,5.56e+18
3491,Ga,10555.555555555555,5.56e+18
3492,Gd,10555.555555555555,5.56e+18
3493,Ge,10555.555555555555,5.56e+18
3494,H,10555.555555555555,5.56e+18
3495,He,10555.555555555555,5.56e+18
3496,Hf,10555.555555555555,5.56e+18
3497,Hg,10555.555555555555,5.56e+18
3498,Ho,10555.555555555555,5.56e+18
3499,K,10555.555555555555,5.56e+18
3500,Kr,10555.555555555555,5.56e+18
3501,La,10555.555555555555,5.56e+18
3502,Li,10555.555555555555,5.56e+18
3503,Lu,10555.555555555555,5.56e+18
3504,Mg,10555.555555555555,5.56e+18
3505,Mn,10555.555555555555,5.56e+18
3506,Mo,10555.555555555555,5.56e+18
3507,N,10555.555555555555,5.56e+18
3508,Na,10555.555555555555,5.56e+18
3509,Nd,10555.555555555555,5.56e+18
3510,Ne,10555.555555555555,5.56e+18
3511,Ni,10555.555555555555,5.56e+18
3512,O,10555.555555555555,5.56e+18
3513,P,10555.555555555555,5.56e+18
3514,Pb,10555.555555555555,5.56e+18
3515,Pd,10555.555555555555,5.56e+18
3516,Pr,10555.555555555555,5.56e+18
3517,Pt,10555.555555555555,5.56e+18
3518,Ra,10555.555555555555,5.56e+18
3519,Rb,10555.555555555555,5.56e+18
3520,Rh,10555.555555555555,5.56e+18
3521,Ru,10555.555555555555,5.56e+18
3522,S,10555.555555555555,5.56e+18
3523,Sb,10555.555555555555,5.56e+18
3524,Sc,10555.555555555555,5.56e+18
3525,Si,10555.555555555555,5.56e+18
3526,Sm,10555.555555555555,5.56e+18
3527,Sn,10555.555555555555,5.56e+18
3528,Sr,10555.555555555555,5.56e+18
3529,Ta,10555.555555555555,5.56e+18
3530,Tb,10555.555555555555,5.56e+18
3531,Tc,10555.555555555555,5.56e+18
3532,Te,10555.555555555555,5.56e+18
3533,Ti,10555.555555555555,5.56e+18
3534,Tl,10555.555555555555,5.56e+18
3535,Tm,10555.555555555555,5.56e+18
3536,V,10555.555555555555,5.56e+18
3537,W,10555.555555555555,5.56e+18
3538,Xe,10555.555555555555,5.56e+18
3539,Y,10555.555555555555,5.56e+18
3540,Yb,10555.555555555555,5.56e+18
3541,Zn,10555.555555555555,5.56e+18
3542,Ac,10555.555555555555,6.67e+18
3543,Ag,10555.555555555555,6.67e+18
3544,Al,10555.555555555555,6.67e+18
3545,Ar,10555.555555555555,6.67e+18
3546,As,10555.555555555555,6.67e+18
3547,Au,10555.555555555555,6.67e+18
3548,B,10555.555555555555,6.67e+18
3549,Ba,10555.555555555555,6.67e+18
3550,Be,10555.555555555555,6.67e+18
3551,Bi,10555.555555555555,6.67e+18
3552,Br,10555.555555555555,6.67e+18
3553,C,10555.555555555555,6.67e+18
3554,Ca,10555.555555555555,6.67e+18
3555,Cd,10555.555555555555,6.67e+18
3556,Ce,10555.555555555555,6.67e+18
3557,Cl,10555.555555555555,6.67e+18
3558,Co,10555.555555555555,6.67e+18
3559,Cr,10555.555555555555,6.67e+18
3560,Cs,10555.555555555555,6.67e+18
3561,Cu,10555.555555555555,6.67e+18
3562,Dy,10555.555555555555,6.67e+18
3563,Er,10555.555555555555,6.67e+18
3564,Eu,10555.555555555555,6.67e+18
3565,F,10555.555555555555,6.67e+18
3566,Fe,10555.555555555555,6.67e+18
3567,Fr,10555.555555555555,6.67e+18
3568,Ga,10555.555555555555,6.67e+18
3569,Gd,10555.555555555555,6.67e+18
3570,Ge,10555.555555555555,6.67e+18
3571,H,10555.555555555555,6.67e+18
3572,He,10555.555555555555,6.67e+18
3573,Hf,10555.555555555555,6.67e+18
3574,Hg,10555.555555555555,6.67e+18
3575,Ho,10555.555555555555,6.67e+18
3576,K,10555.555555555555,6.67e+18
3577,Kr,10555.555555555555,6.67e+18
3578,La,10555.555555555555,6.67e+18
3579,Li,10555.555555555555,6.67e+18
3580,Lu,10555.555555555555,6.67e+18
3581,Mg,10555.555555555555,6.67e+18
3582,Mn,10555.555555555555,6.67e+18
3583,Mo,10555.555555555555,6.67e+18
3584,N,10555.555555555555,6.67e+18
3585,Na,10555.555555555555,6.67e+18
3586,Nd,10555.555555555555,6.67e+18
3587,Ne,10555.555555555555,6.67e+18
3588,Ni,10555.555555555555,6.67e+18
3589,O,10555.555555555555,6.67e+18
3590,P,10555.555555555555,6.67e+18
3591,Pb,10555.555555555555,6.67e+18
3592,Pd,10555.555555555555,6.67e+18
3593,Pr,10555.555555555555,6.67e+18
3594,Pt,10555.555555555555,6.67e+18
3595,Ra,10555.555555555555,6.67e+18
3596,Rb,10555.555555555555,6.67e+18
3597,Rh,10555.555555555555,6.67e+18
3598,Ru,10555.555555555555,6.67e+18
3599,S,10555.555555555555,6.67e+18
3600,Sb,10555.555555555555,6.67e+18
3601,Sc,10555.555555555555,6.67e+18
3602,Si,10555.555555555555,6.67e+18
3603,Sm,10555.555555555555,6.67e+18
3604,Sn,10555.555555555555,6.67e+18
3605,Sr,10555.555555555555,6.67e+18
3606,Ta,10555.555555555555,6.67e+18
3607,Tb,10555.555555555555,6.67e+18
3608,Tc,10555.555555555555,6.67e+18
3609,Te,10555.555555555555,6.67e+18
3610,Ti,10555.555555555555,6.67e+18
3611,Tl,10555.555555555555,6.67e+18
3612,Tm,10555.555555555555,6.67e+18
3613,V,10555.555555555555,6.67e+18
3614,W,10555.555555555555,6.67e+18
3615,Xe,10555.555555555555,6.67e+18
3616,Y,10555.555555555555,6.67e+18
3617,Yb,10555.555555555555,6.67e+18
3618,Zn,10555.555555555555,6.67e+18
3619,Ac,10555.555555555555,7.78e+18
3620,Ag,10555.555555555555,7.78e+18
3621,Al,10555.555555555555,7.78e+18
3622,Ar,10555.555555555555,7.78e+18
3623,As,10555.555555555555,7.78e+18
3624,Au,10555.555555555555,7.78e+18
3625,B,10555.555555555555,7.78e+18
3626,Ba,10555.555555555555,7.78e+18
3627,Be,10555.555555555555,7.78e+18
3628,Bi,10555.555555555555,7.78e+18
3629,Br,10555.555555555555,7.78e+18
3630,C,10555.555555555555,7.78e+18
3631,Ca,10555.555555555555,7.78e+18
3632,Cd,10555.555555555555,7.78e+18
3633,Ce,10555.555555555555,7.78e+18
3634,Cl,10555.555555555555,7.78e+18
3635,Co,10555.555555555555,7.78e+18
3636,Cr,10555.555555555555,7.78e+18
3637,Cs,10555.555555555555,7.78e+18
3638,Cu,10555.555555555555,7.78e+18
3639,Dy,10555.555555555555,7.78e+18
3640,Er,10555.555555555555,7.78e+18
3641,Eu,10555.555555555555,7.78e+18
3642,F,10555.555555555555,7.78e+18
3643,Fe,10555.555555555555,7.78e+18
3644,Fr,10555.555555555555,7.78e+18
3645,Ga,10555.555555555555,7.78e+18
3646,Gd,10555.555555555555,7.78e+18
3647,Ge,10555.555555555555,7.78e+18
3648,H,10555.555555555555,7.78e+18
3649,He,10555.555555555555,7.78e+18
3650,Hf,10555.555555555555,7.78e+18
3651,Hg,10555.555555555555,7.78e+18
3652,Ho,10555.555555555555,7.78e+18
3653,K,10555.555555555555,7.78e+18
3654,Kr,10555.555555555555,7.78e+18
3655,La,10555.555555555555,7.78e+18
3656,Li,10555.555555555555,7.78e+18
3657,Lu,10555.555555555555,7.78e+18
3658,Mg,10555.555555555555,7.78e+18
3659,Mn,10555.555555555555,7.78e+18
3660,Mo,10555.555555555555,7.78e+18
3661,N,10555.555555555555,7.78e+18
3662,Na,10555.555555555555,7.78e+18
3663,Nd,10555.555555555555,7.78e+18
3664,Ne,10555.555555555555,7.78e+18
3665,Ni,10555.555555555555,7.78e+18
3666,O,10555.555555555555,7.78e+18
3667,P,10555.555555555555,7.78e+18
3668,Pb,10555.555555555555,7.78e+18
3669,Pd,10555.555555555555,7.78e+18
3670,Pr,10555.555555555555,7.78e+18
3671,Pt,10555.555555555555,7.78e+18
3672,Ra,10555.555555555555,7.78e+18
3673,Rb,10555.555555555555,7.78e+18
3674,Rh,10555.555555555555,7.78e+18
3675,Ru,10555.555555555555,7.78e+18
3676,S,10555.555555555555,7.78e+18
3677,Sb,10555.555555555555,7.78e+18
3678,Sc,10555.555555555555,7.78e+18
3679,Si,10555.555555555555,7.78e+18
3680,Sm,10555.555555555555,7.78e+18
3681,Sn,10555.555555555555,7.78e+18
3682,Sr,10555.555555555555,7.78e+18
3683,Ta,10555.555555555555,7.78e+18
3684,Tb,10555.555555555555,7.78e+18
3685,Tc,10555.555555555555,7.78e+18
3686,Te,10555.555555555555,7.78e+18
3687,Ti,10555.555555555555,7.78e+18
3688,Tl,10555.555555555555,7.78e+18
3689,Tm,10555.555555555555,7.78e+18
3690,V,10555.555555555555,7.78e+18
3691,W,10555.555555555555,7.78e+18
3692,Xe,10555.555555555555,7.78e+18
3693,Y,10555.555555555555,7.78e+18
3694,Yb,10555.555555555555,7.78e+18
3695,Zn,10555.555555555555,7.78e+18
3696,Ac,10555.555555555555,8.89e+18
3697,Ag,10555.555555555555,8.89e+18
3698,Al,10555.555555555555,8.89e+18
3699,Ar,10555.555555555555,8.89e+18
3700,As,10555.555555555555,8.89e+18
3701,Au,10555.555555555555,8.89e+18
3702,B,10555.555555555555,8.89e+18
3703,Ba,10555.555555555555,8.89e+18
3704,Be,10555.555555555555,8.89e+18
3705,Bi,10555.555555555555,8.89e+18
3706,Br,10555.555555555555,8.89e+18
3707,C,10555.555555555555,8.89e+18
3708,Ca,10555.555555555555,8.89e+18
3709,Cd,10555.555555555555,8.89e+18
3710,Ce,10555.555555555555,8.89e+18
3711,Cl,10555.555555555555,8.89e+18
3712,Co,10555.555555555555,8.89e+18
3713,Cr,10555.555555555555,8.89e+18
3714,Cs,10555.555555555555,8.89e+18
3715,Cu,10555.555555555555,8.89e+18
3716,Dy,10555.555555555555,8.89e+18
3717,Er,10555.555555555555,8.89e+18
3718,Eu,10555.555555555555,8.89e+18
3719,F,10555.555555555555,8.89e+18
3720,Fe,10555.555555555555,8.89e+18
3721,Fr,10555.555555555555,8.89e+18
3722,Ga,10555.555555555555,8.89e+18
3723,Gd,10555.555555555555,8.89e+18
3724,Ge,10555.555555555555,8.89e+18
3725,H,10555.555555555555,8.89e+18
3726,He,10555.555555555555,8.89e+18
3727,Hf,10555.555555555555,8.89e+18
3728,Hg,10555.555555555555,8.89e+18
3729,Ho,10555.555555555555,8.89e+18
3730,K,10555.555555555555,8.89e+18
3731,Kr,10555.555555555555,8.89e+18
3732,La,10555.555555555555,8.89e+18
3733,Li,10555.555555555555,8.89e+18
3734,Lu,10555.555555555555,8.89e+18
3735,Mg,10555.555555555555,8.89e+18
3736,Mn,10555.555555555555,8.89e+18
3737,Mo,10555.555555555555,8.89e+18
3738,N,10555.555555555555,8.89e+18
3739,Na,10555.555555555555,8.89e+18
3740,Nd,10555.555555555555,8.89e+18
3741,Ne,10555.555555555555,8.89e+18
3742,Ni,10555.555555555555,8.89e+18
3743,O,10555.555555555555,8.89e+18
3744,P,10555.555555555555,8.89e+18
3745,Pb,10555.555555555555,8.89e+18
3746,Pd,10555.555555555555,8.89e+18
3747,Pr,10555.555555555555,8.89e+18
3748,Pt,10555.555555555555,8.89e+18
3749,Ra,10555.555555555555,8.89e+18
3750,Rb,10555.555555555555,8.89e+18
3751,Rh,10555.555555555555,8.89e+18
3752,Ru,10555.555555555555,8.89e+18
3753,S,10555.555555555555,8.89e+18
3754,Sb,10555.555555555555,8.89e+18
3755,Sc,10555.555555555555,8.89e+18
3756,Si,10555.555555555555,8.89e+18
3757,Sm,10555.555555555555,8.89e+18
3758,Sn,10555.555555555555,8.89e+18
3759,Sr,10555.555555555555,8.89e+18
3760,Ta,10555.555555555555,8.89e+18
3761,Tb,10555.555555555555,8.89e+18
3762,Tc,10555.555555555555,8.89e+18
3763,Te,10555.555555555555,8.89e+18
3764,Ti,10555.555555555555,8.89e+18
3765,Tl,10555.555555555555,8.89e+18
3766,Tm,10555.555555555555,8.89e+18
3767,V,10555.555555555555,8.89e+18
3768,W,10555.555555555555,8.89e+18
3769,Xe,10555.555555555555,8.89e+18
3770,Y,10555.555555555555,8.89e+18
3771,Yb,10555.555555555555,8.89e+18
3772,Zn,10555.555555555555,8.89e+18
3773,Ac,10555.555555555555,1e+19
3774,Ag,10555.555555555555,1e+19
3775,Al,10555.555555555555,1e+19
3776,Ar,10555.555555555555,1e+19
3777,As,10555.555555555555,1e+19
3778,Au,10555.555555555555,1e+19
3779,B,10555.555555555555,1e+19
3780,Ba,10555.555555555555,1e+19
3781,Be,10555.555555555555,1e+19
3782,Bi,10555.555555555555,1e+19
3783,Br,10555.555555555555,1e+19
3784,C,10555.555555555555,1e+19
3785,Ca,10555.555555555555,1e+19
3786,Cd,10555.555555555555,1e+19
3787,Ce,10555.555555555555,1e+19
3788,Cl,10555.555555555555,1e+19
3789,Co,10555.555555555555,1e+19
3790,Cr,10555.555555555555,1e+19
3791,Cs,10555.555555555555,1e+19
3792,Cu,10555.555555555555,1e+19
3793,Dy,10555.555555555555,1e+19
3794,Er,10555.555555555555,1e+19
3795,Eu,10555.555555555555,1e+19
3796,F,10555.555555555555,1e+19
3797,Fe,10555.555555555555,1e+19
3798,Fr,10555.555555555555,1e+19
3799,Ga,10555.555555555555,1e+19
3800,Gd,10555.555555555555,1e+19
3801,Ge,10555.555555555555,1e+19
3802,H,10555.555555555555,1e+19
3803,He,10555.555555555555,1e+19
3804,Hf,10555.555555555555,1e+19
3805,Hg,10555.555555555555,1e+19
3806,Ho,10555.555555555555,1e+19
3807,K,10555.555555555555,1e+19
3808,Kr,10555.555555555555,1e+19
3809,La,10555.555555555555,1e+19
3810,Li,10555.555555555555,1e+19
3811,Lu,10555.555555555555,1e+19
3812,Mg,10555.555555555555,1e+19
3813,Mn,10555.555555555555,1e+19
3814,Mo,10555.555555555555,1e+19
3815,N,10555.555555555555,1e+19
3816,Na,10555.555555555555,1e+19
3817,Nd,10555.555555555555,1e+19
3818,Ne,10555.555555555555,1e+19
3819,Ni,10555.555555555555,1e+19
3820,O,10555.555555555555,1e+19
3821,P,10555.555555555555,1e+19
3822,Pb,10555.555555555555,1e+19
3823,Pd,10555.555555555555,1e+19
3824,Pr,10555.555555555555,1e+19
3825,Pt,10555.555555555555,1e+19
3826,Ra,10555.555555555555,1e+19
3827,Rb,10555.555555555555,1e+19
3828,Rh,10555.555555555555,1e+19
3829,Ru,10555.555555555555,1e+19
3830,S,10555.555555555555,1e+19
3831,Sb,10555.555555555555,1e+19
3832,Sc,10555.555555555555,1e+19
3833,Si,10555.555555555555,1e+19
3834,Sm,10555.555555555555,1e+19
3835,Sn,10555.555555555555,1e+19
3836,Sr,10555.555555555555,1e+19
3837,Ta,10555.555555555555,1e+19
3838,Tb,10555.555555555555,1e+19
3839,Tc,10555.555555555555,1e+19
3840,Te,10555.555555555555,1e+19
3841,Ti,10555.555555555555,1e+19
3842,Tl,10555.555555555555,1e+19
3843,Tm,10555.555555555555,1e+19
3844,V,10555.555555555555,1e+19
3845,W,10555.555555555555,1e+19
3846,Xe,10555.555555555555,1e+19
3847,Y,10555.555555555555,1e+19
3848,Yb,10555.555555555555,1e+19
3849,Zn,10555.555555555555,1e+19
3850,Ac,11444.444444444445,1e+16
3851,Ag,11444.444444444445,1e+16
3852,Al,11444.444444444445,1e+16
3853,Ar,11444.444444444445,1e+16
3854,As,11444.444444444445,1e+16
3855,Au,11444.444444444445,1e+16
3856,B,11444.444444444445,1e+16
3857,Ba,11444.444444444445,1e+16
3858,Be,11444.444444444445,1e+16
3859,Bi,11444.444444444445,1e+16
3860,Br,11444.444444444445,1e+16
3861,C,11444.444444444445,1e+16
3862,Ca,11444.444444444445,1e+16
3863,Cd,11444.444444444445,1e+16
3864,Ce,11444.444444444445,1e+16
3865,Cl,11444.444444444445,1e+16
3866,Co,11444.444444444445,1e+16
3867,Cr,11444.444444444445,1e+16
3868,Cs,11444.444444444445,1e+16
3869,Cu,11444.444444444445,1e+16
3870,Dy,11444.444444444445,1e+16
3871,Er,11444.444444444445,1e+16
3872,Eu,11444.444444444445,1e+16
3873,F,11444.444444444445,1e+16
3874,Fe,11444.444444444445,1e+16
3875,Fr,11444.444444444445,1e+16
3876,Ga,11444.444444444445,1e+16
3877,Gd,11444.444444444445,1e+16
3878,Ge,11444.444444444445,1e+16
3879,H,11444.444444444445,1e+16
3880,He,11444.444444444445,1e+16
3881,Hf,11444.444444444445,1e+16
3882,Hg,11444.444444444445,1e+16
3883,Ho,11444.444444444445,1e+16
3884,K,11444.444444444445,1e+16
3885,Kr,11444.444444444445,1e+16
3886,La,11444.444444444445,1e+16
3887,Li,11444.444444444445,1e+16
3888,Lu,11444.444444444445,1e+16
3889,Mg,11444.444444444445,1e+16
3890,Mn,11444.444444444445,1e+16
3891,Mo,11444.444444444445,1e+16
3892,N,11444.444444444445,1e+16
3893,Na,11444.444444444445,1e+16
3894,Nd,11444.444444444445,1e+16
3895,Ne,11444.444444444445,1e+16
3896,Ni,11444.444444444445,1e+16
3897,O,11444.444444444445,1e+16
3898,P,11444.444444444445,1e+16
3899,Pb,11444.444444444445,1e+16
3900,Pd,11444.444444444445,1e+16
3901,Pr,11444.444444444445,1e+16
3902,Pt,11444.444444444445,1e+16
3903,Ra,11444.444444444445,1e+16
3904,Rb,11444.444444444445,1e+16
3905,Rh,11444.444444444445,1e+16
3906,Ru,11444.444444444445,1e+16
3907,S,11444.444444444445,1e+16
3908,Sb,11444.444444444445,1e+16
3909,Sc,11444.444444444445,1e+16
3910,Si,11444.444444444445,1e+16
3911,Sm,11444.444444444445,1e+16
3912,Sn,11444.444444444445,1e+16
3913,Sr,11444.444444444445,1e+16
3914,Ta,11444.444444444445,1e+16
3915,Tb,11444.444444444445,1e+16
3916,Tc,11444.444444444445,1e+16
3917,Te,11444.444444444445,1e+16
3918,Ti,11444.444444444445,1e+16
3919,Tl,11444.444444444445,1e+16
3920,Tm,11444.444444444445,1e+16
3921,V,11444.444444444445,1e+16
3922,W,11444.444444444445,1e+16
3923,Xe,11444.444444444445,1e+16
3924,Y,11444.444444444445,1e+16
3925,Yb,11444.444444444445,1e+16
3926,Zn,11444.444444444445,1e+16
3927,Ac,11444.444444444445,1.12e+18
3928,Ag,11444.444444444445,1.12e+18
3929,Al,11444.444444444445,1.12e+18
3930,Ar,11444.444444444445,1.12e+18
3931,As,11444.444444444445,1.12e+18
3932,Au,11444.444444444445,1.12e+18
3933,B,11444.444444444445,1.12e+18
3934,Ba,11444.444444444445,1.12e+18
3935,Be,11444.444444444445,1.12e+18
3936,Bi,11444.444444444445,1.12e+18
3937,Br,11444.444444444445,1.12e+18
3938,C,11444.444444444445,1.12e+18
3939,Ca,11444.444444444445,1.12e+18
3940,Cd,11444.444444444445,1.12e+18
3941,Ce,11444.444444444445,1.12e+18
3942,Cl,11444.444444444445,1.12e+18
3943,Co,11444.444444444445,1.12e+18
3944,Cr,11444.444444444445,1.12e+18
3945,Cs,11444.444444444445,1.12e+18
3946,Cu,11444.444444444445,1.12e+18
3947,Dy,11444.444444444445,1.12e+18
3948,Er,11444.444444444445,1.12e+18
3949,Eu,11444.444444444445,1.12e+18
3950,F,11444.444444444445,1.12e+18
3951,Fe,11444.444444444445,1.12e+18
3952,Fr,11444.444444444445,1.12e+18
3953,Ga,11444.444444444445,1.12e+18
3954,Gd,11444.444444444445,1.12e+18
3955,Ge,11444.444444444445,1.12e+18
3956,H,11444.444444444445,1.12e+18
3957,He,11444.444444444445,1.12e+18
3958,Hf,11444.444444444445,1.12e+18
3959,Hg,11444.444444444445,1.12e+18
3960,Ho,11444.444444444445,1.12e+18
3961,K,11444.444444444445,1.12e+18
3962,Kr,11444.444444444445,1.12e+18
3963,La,11444.444444444445,1.12e+18
3964,Li,11444.444444444445,1.12e+18
3965,Lu,11444.444444444445,1.12e+18
3966,Mg,11444.444444444445,1.12e+18
3967,Mn,11444.444444444445,1.12e+18
3968,Mo,11444.444444444445,1.12e+18
3969,N,11444.444444444445,1.12e+18
3970,Na,11444.444444444445,1.12e+18
3971,Nd,11444.444444444445,1.12e+18
3972,Ne,11444.444444444445,1.12e+18
3973,Ni,11444.444444444445,1.12e+18
3974,O,11444.444444444445,1.12e+18
3975,P,11444.444444444445,1.12e+18
3976,Pb,11444.444444444445,1.12e+18
3977,Pd,11444.444444444445,1.12e+18
3978,Pr,11444.444444444445,1.12e+18
3979,Pt,11444.444444444445,1.12e+18
3980,Ra,11444.444444444445,1.12e+18
3981,Rb,11444.444444444445,1.12e+18
3982,Rh,11444.444444444445,1.12e+18
3983,Ru,11444.444444444445,1.12e+18
3984,S,11444.444444444445,1.12e+18
3985,Sb,11444.444444444445,1.12e+18
3986,Sc,11444.444444444445,1.12e+18
3987,Si,11444.444444444445,1.12e+18
3988,Sm,11444.444444444445,1.12e+18
3989,Sn,11444.444444444445,1.12e+18
3990,Sr,11444.444444444445,1.12e+18
3991,Ta,11444.444444444445,1.12e+18
3992,Tb,11444.444444444445,1.12e+18
3993,Tc,11444.444444444445,1.12e+18
3994,Te,11444.444444444445,1.12e+18
3995,Ti,11444.444444444445,1.12e+18
3996,Tl,11444.444444444445,1.12e+18
3997,Tm,11444.444444444445,1.12e+18
3998,V,11444.444444444445,1.12e+18
3999,W,11444.444444444445,1.12e+18
4000,Xe,11444.444444444445,1.12e+18
4001,Y,11444.444444444445,1.12e+18
4002,Yb,11444.444444444445,1.12e+18
4003,Zn,11444.444444444445,1.12e+18
4004,Ac,11444.444444444445,2.23e+18
4005,Ag,11444.444444444445,2.23e+18
4006,Al,11444.444444444445,2.23e+18
4007,Ar,11444.444444444445,2.23e+18
4008,As,11444.444444444445,2.23e+18
4009,Au,11444.444444444445,2.23e+18
4010,B,11444.444444444445,2.23e+18
4011,Ba,11444.444444444445,2.23e+18
4012,Be,11444.444444444445,2.23e+18
4013,Bi,11444.444444444445,2.23e+18
4014,Br,11444.444444444445,2.23e+18
4015,C,11444.444444444445,2.23e+18
4016,Ca,11444.444444444445,2.23e+18
4017,Cd,11444.444444444445,2.23e+18
4018,Ce,11444.444444444445,2.23e+18
4019,Cl,11444.444444444445,2.23e+18
4020,Co,11444.444444444445,2.23e+18
4021,Cr,11444.444444444445,2.23e+18
4022,Cs,11444.444444444445,2.23e+18
4023,Cu,11444.444444444445,2.23e+18
4024,Dy,11444.444444444445,2.23e+18
4025,Er,11444.444444444445,2.23e+18
4026,Eu,11444.444444444445,2.23e+18
4027,F,11444.444444444445,2.23e+18
4028,Fe,11444.444444444445,2.23e+18
4029,Fr,11444.444444444445,2.23e+18
4030,Ga,11444.444444444445,2.23e+18
4031,Gd,11444.444444444445,2.23e+18
4032,Ge,11444.444444444445,2.23e+18
4033,H,11444.444444444445,2.23e+18
4034,He,11444.444444444445,2.23e+18
4035,Hf,11444.444444444445,2.23e+18
4036,Hg,11444.444444444445,2.23e+18
4037,Ho,11444.444444444445,2.23e+18
4038,K,11444.444444444445,2.23e+18
4039,Kr,11444.444444444445,2.23e+18
4040,La,11444.444444444445,2.23e+18
4041,Li,11444.444444444445,2.23e+18
4042,Lu,11444.444444444445,2.23e+18
4043,Mg,11444.444444444445,2.23e+18
4044,Mn,11444.444444444445,2.23e+18
4045,Mo,11444.444444444445,2.23e+18
4046,N,11444.444444444445,2.23e+18
4047,Na,11444.444444444445,2.23e+18
4048,Nd,11444.444444444445,2.23e+18
4049,Ne,11444.444444444445,2.23e+18
4050,Ni,11444.444444444445,2.23e+18
4051,O,11444.444444444445,2.23e+18
4052,P,11444.444444444445,2.23e+18
4053,Pb,11444.444444444445,2.23e+18
4054,Pd,11444.444444444445,2.23e+18
4055,Pr,11444.444444444445,2.23e+18
4056,Pt,11444.444444444445,2.23e+18
4057,Ra,11444.444444444445,2.23e+18
4058,Rb,11444.444444444445,2.23e+18
4059,Rh,11444.444444444445,2.23e+18
4060,Ru,11444.444444444445,2.23e+18
4061,S,11444.444444444445,2.23e+18
4062,Sb,11444.444444444445,2.23e+18
4063,Sc,11444.444444444445,2.23e+18
4064,Si,11444.444444444445,2.23e+18
4065,Sm,11444.444444444445,2.23e+18
4066,Sn,11444.444444444445,2.23e+18
4067,Sr,11444.444444444445,2.23e+18
4068,Ta,11444.444444444445,2.23e+18
4069,Tb,11444.444444444445,2.23e+18
4070,Tc,11444.444444444445,2.23e+18
4071,Te,11444.444444444445,2.23e+18
4072,Ti,11444.444444444445,2.23e+18
4073,Tl,11444.444444444445,2.23e+18
4074,Tm,11444.444444444445,2.23e+18
4075,V,11444.444444444445,2.23e+18
4076,W,11444.444444444445,2.23e+18
4077,Xe,11444.444444444445,2.23e+18
4078,Y,11444.444444444445,2.23e+18
4079,Yb,11444.444444444445,2.23e+18
4080,Zn,11444.444444444445,2.23e+18
4081,Ac,11444.444444444445,3.34e+18
4082,Ag,11444.444444444445,3.34e+18
4083,Al,11444.444444444445,3.34e+18
4084,Ar,11444.444444444445,3.34e+18
4085,As,11444.444444444445,3.34e+18
4086,Au,11444.444444444445,3.34e+18
4087,B,11444.444444444445,3.34e+18
4088,Ba,11444.444444444445,3.34e+18
4089,Be,11444.444444444445,3.34e+18
4090,Bi,11444.444444444445,3.34e+18
4091,Br,11444.444444444445,3.34e+18
4092,C,11444.444444444445,3.34e+18
4093,Ca,11444.444444444445,3.34e+18
4094,Cd,11444.444444444445,3.34e+18
4095,Ce,11444.444444444445,3.34e+18
4096,Cl,11444.444444444445,3.34e+18
4097,Co,11444.444444444445,3.34e+18
4098,Cr,11444.444444444445,3.34e+18
4099,Cs,11444.444444444445,3.34e+18
4100,Cu,11444.444444444445,3.34e+18
4101,Dy,11444.444444444445,3.34e+18
4102,Er,11444.444444444445,3.34e+18
4103,Eu,11444.444444444445,3.34e+18
4104,F,11444.444444444445,3.34e+18
4105,Fe,11444.444444444445,3.34e+18
4106,Fr,11444.444444444445,3.34e+18
4107,Ga,11444.444444444445,3.34e+18
4108,Gd,11444.444444444445,3.34e+18
4109,Ge,11444.444444444445,3.34e+18
4110,H,11444.444444444445,3.34e+18
4111,He,11444.444444444445,3.34e+18
4112,Hf,11444.444444444445,3.34e+18
4113,Hg,11444.444444444445,3.34e+18
4114,Ho,11444.444444444445,3.34e+18
4115,K,11444.444444444445,3.34e+18
4116,Kr,11444.444444444445,3.34e+18
4117,La,11444.444444444445,3.34e+18
4118,Li,11444.444444444445,3.34e+18
4119,Lu,11444.444444444445,3.34e+18
4120,Mg,11444.444444444445,3.34e+18
4121,Mn,11444.444444444445,3.34e+18
4122,Mo,11444.444444444445,3.34e+18
4123,N,11444.444444444445,3.34e+18
4124,Na,11444.444444444445,3.34e+18
4125,Nd,11444.444444444445,3.34e+18
4126,Ne,11444.444444444445,3.34e+18
4127,Ni,11444.444444444445,3.34e+18
4128,O,11444.444444444445,3.34e+18
4129,P,11444.444444444445,3.34e+18
4130,Pb,11444.444444444445,3.34e+18
4131,Pd,11444.444444444445,3.34e+18
4132,Pr,11444.444444444445,3.34e+18
4133,Pt,11444.444444444445,3.34e+18
4134,Ra,11444.444444444445,3.34e+18
4135,Rb,11444.444444444445,3.34e+18
4136,Rh,11444.444444444445,3.34e+18
4137,Ru,11444.444444444445,3.34e+18
4138,S,11444.444444444445,3.34e+18
4139,Sb,11444.444444444445,3.34e+18
4140,Sc,11444.444444444445,3.34e+18
4141,Si,11444.444444444445,3.34e+18
4142,Sm,11444.444444444445,3.34e+18
4143,Sn,11444.444444444445,3.34e+18
4144,Sr,11444.444444444445,3.34e+18
4145,Ta,11444.444444444445,3.34e+18
4146,Tb,11444.444444444445,3.34e+18
4147,Tc,11444.444444444445,3.34e+18
4148,Te,11444.444444444445,3.34e+18
4149,Ti,11444.444444444445,3.34e+18
4150,Tl,11444.444444444445,3.34e+18
4151,Tm,11444.444444444445,3.34e+18
4152,V,11444.444444444445,3.34e+18
4153,W,11444.444444444445,3.34e+18
4154,Xe,11444.444444444445,3.34e+18
4155,Y,11444.444444444445,3.34e+18
4156,Yb,11444.444444444445,3.34e+18
4157,Zn,11444.444444444445,3.34e+18
4158,Ac,11444.444444444445,4.45e+18
4159,Ag,11444.444444444445,4.45e+18
4160,Al,11444.444444444445,4.45e+18
4161,Ar,11444.444444444445,4.45e+18
4162,As,11444.444444444445,4.45e+18
4163,Au,11444.444444444445,4.45e+18
4164,B,11444.444444444445,4.45e+18
4165,Ba,11444.444444444445,4.45e+18
4166,Be,11444.444444444445,4.45e+18
4167,Bi,11444.444444444445,4.45e+18
4168,Br,11444.444444444445,4.45e+18
4169,C,11444.444444444445,4.45e+18
4170,Ca,11444.444444444445,4.45e+18
4171,Cd,11444.444444444445,4.45e+18
4172,Ce,11444.444444444445,4.45e+18
4173,Cl,11444.444444444445,4.45e+18
4174,Co,11444.444444444445,4.45e+18
4175,Cr,11444.444444444445,4.45e+18
4176,Cs,11444.444444444445,4.45e+18
4177,Cu,11444.444444444445,4.45e+18
4178,Dy,11444.444444444445,4.45e+18
4179,Er,11444.444444444445,4.45e+18
4180,Eu,11444.444444444445,4.45e+18
4181,F,11444.444444444445,4.45e+18
4182,Fe,11444.444444444445,4.45e+18
4183,Fr,11444.444444444445,4.45e+18
4184,Ga,11444.444444444445,4.45e+18
4185,Gd,11444.444444444445,4.45e+18
4186,Ge,11444.444444444445,4.45e+18
4187,H,11444.444444444445,4.45e+18
4188,He,11444.444444444445,4.45e+18
4189,Hf,11444.444444444445,4.45e+18
4190,Hg,11444.444444444445,4.45e+18
4191,Ho,11444.444444444445,4.45e+18
4192,K,11444.444444444445,4.45e+18
4193,Kr,11444.444444444445,4.45e+18
4194,La,11444.444444444445,4.45e+18
4195,Li,11444.444444444445,4.45e+18
4196,Lu,11444.444444444445,4.45e+18
4197,Mg,11444.444444444445,4.45e+18
4198,Mn,11444.444444444445,4.45e+18
4199,Mo,11444.444444444445,4.45e+18
4200,N,11444.444444444445,4.45e+18
4201,Na,11444.444444444445,4.45e+18
4202,Nd,11444.444444444445,4.45e+18
4203,Ne,11444.444444444445,4.45e+18
4204,Ni,11444.444444444445,4.45e+18
4205,O,11444.444444444445,4.45e+18
4206,P,11444.444444444445,4.45e+18
4207,Pb,11444.444444444445,4.45e+18
4208,Pd,11444.444444444445,4.45e+18
4209,Pr,11444.444444444445,4.45e+18
4210,Pt,11444.444444444445,4.45e+18
4211,Ra,11444.444444444445,4.45e+18
4212,Rb,11444.444444444445,4.45e+18
4213,Rh,11444.444444444445,4.45e+18
4214,Ru,11444.444444444445,4.45e+18
4215,S,11444.444444444445,4.45e+18
4216,Sb,11444.444444444445,4.45e+18
4217,Sc,11444.444444444445,4.45e+18
4218,Si,11444.444444444445,4.45e+18
4219,Sm,11444.444444444445,4.45e+18
4220,Sn,11444.444444444445,4.45e+18
4221,Sr,11444.444444444445,4.45e+18
4222,Ta,11444.444444444445,4.45e+18
4223,Tb,11444.444444444445,4.45e+18
4224,Tc,11444.444444444445,4.45e+18
4225,Te,11444.444444444445,4.45e+18
4226,Ti,11444.444444444445,4.45e+18
4227,Tl,11444.444444444445,4.45e+18
4228,Tm,11444.444444444445,4.45e+18
4229,V,11444.444444444445,4.45e+18
4230,W,11444.444444444445,4.45e+18
4231,Xe,11444.444444444445,4.45e+18
4232,Y,11444.444444444445,4.45e+18
4233,Yb,11444.444444444445,4.45e+18
4234,Zn,11444.444444444445,4.45e+18
4235,Ac,11444.444444444445,5.56e+18
4236,Ag,11444.444444444445,5.56e+18
4237,Al,11444.444444444445,5.56e+18
4238,Ar,11444.444444444445,5.56e+18
4239,As,11444.444444444445,5.56e+18
4240,Au,11444.444444444445,5.56e+18
4241,B,11444.444444444445,5.56e+18
4242,Ba,11444.444444444445,5.56e+18
4243,Be,11444.444444444445,5.56e+18
4244,Bi,11444.444444444445,5.56e+18
4245,Br,11444.444444444445,5.56e+18
4246,C,11444.444444444445,5.56e+18
4247,Ca,11444.444444444445,5.56e+18
4248,Cd,11444.444444444445,5.56e+18
4249,Ce,11444.444444444445,5.56e+18
4250,Cl,11444.444444444445,5.56e+18
4251,Co,11444.444444444445,5.56e+18
4252,Cr,11444.444444444445,5.56e+18
4253,Cs,11444.444444444445,5.56e+18
4254,Cu,11444.444444444445,5.56e+18
4255,Dy,11444.444444444445,5.56e+18
4256,Er,11444.444444444445,5.56e+18
4257,Eu,11444.444444444445,5.56e+18
4258,F,11444.444444444445,5.56e+18
4259,Fe,11444.444444444445,5.56e+18
4260,Fr,11444.444444444445,5.56e+18
4261,Ga,11444.444444444445,5.56e+18
4262,Gd,11444.444444444445,5.56e+18
4263,Ge,11444.444444444445,5.56e+18
4264,H,11444.444444444445,5.56e+18
4265,He,11444.444444444445,5.56e+18
4266,Hf,11444.444444444445,5.56e+18
4267,Hg,11444.444444444445,5.56e+18
4268,Ho,11444.444444444445,5.56e+18
4269,K,11444.444444444445,5.56e+18
4270,Kr,11444.444444444445,5.56e+18
4271,La,11444.444444444445,5.56e+18
4272,Li,11444.444444444445,5.56e+18
4273,Lu,11444.444444444445,5.56e+18
4274,Mg,11444.444444444445,5.56e+18
4275,Mn,11444.444444444445,5.56e+18
4276,Mo,11444.444444444445,5.56e+18
4277,N,11444.444444444445,5.56e+18
4278,Na,11444.444444444445,5.56e+18
4279,Nd,11444.444444444445,5.56e+18
4280,Ne,11444.444444444445,5.56e+18
4281,Ni,11444.444444444445,5.56e+18
4282,O,11444.444444444445,5.56e+18
4283,P,11444.444444444445,5.56e+18
4284,Pb,11444.444444444445,5.56e+18
4285,Pd,11444.444444444445,5.56e+18
4286,Pr,11444.444444444445,5.56e+18
4287,Pt,11444.444444444445,5.56e+18
4288,Ra,11444.444444444445,5.56e+18
4289,Rb,11444.444444444445,5.56e+18
4290,Rh,11444.444444444445,5.56e+18
4291,Ru,11444.444444444445,5.56e+18
4292,S,11444.444444444445,5.56e+18
4293,Sb,11444.444444444445,5.56e+18
4294,Sc,11444.444444444445,5.56e+18
4295,Si,11444.444444444445,5.56e+18
4296,Sm,11444.444444444445,5.56e+18
4297,Sn,11444.444444444445,5.56e+18
4298,Sr,11444.444444444445,5.56e+18
4299,Ta,11444.444444444445,5.56e+18
4300,Tb,11444.444444444445,5.56e+18
4301,Tc,11444.444444444445,5.56e+18
4302,Te,11444.444444444445,5.56e+18
4303,Ti,11444.444444444445,5.56e+18
4304,Tl,11444.444444444445,5.56e+18
4305,Tm,11444.444444444445,5.56e+18
4306,V,11444.444444444445,5.56e+18
4307,W,11444.444444444445,5.56e+18
4308,Xe,11444.444444444445,5.56e+18
4309,Y,11444.444444444445,5.56e+18
4310,Yb,11444.444444444445,5.56e+18
4311,Zn,11444.444444444445,5.56e+18
4312,Ac,11444.444444444445,6.67e+18
4313,Ag,11444.444444444445,6.67e+18
4314,Al,11444.444444444445,6.67e+18
4315,Ar,11444.444444444445,6.67e+18
4316,As,11444.444444444445,6.67e+18
4317,Au,11444.444444444445,6.67e+18
4318,B,11444.444444444445,6.67e+18
4319,Ba,11444.444444444445,6.67e+18
4320,Be,11444.444444444445,6.67e+18
4321,Bi,11444.444444444445,6.67e+18
4322,Br,11444.444444444445,6.67e+18
4323,C,11444.444444444445,6.67e+18
4324,Ca,11444.444444444445,6.67e+18
4325,Cd,11444.444444444445,6.67e+18
4326,Ce,11444.444444444445,6.67e+18
4327,Cl,11444.444444444445,6.67e+18
4328,Co,11444.444444444445,6.67e+18
4329,Cr,11444.444444444445,6.67e+18
4330,Cs,11444.444444444445,6.67e+18
4331,Cu,11444.444444444445,6.67e+18
4332,Dy,11444.444444444445,6.67e+18
4333,Er,11444.444444444445,6.67e+18
4334,Eu,11444.444444444445,6.67e+18
4335,F,11444.444444444445,6.67e+18
4336,Fe,11444.444444444445,6.67e+18
4337,Fr,11444.444444444445,6.67e+18
4338,Ga,11444.444444444445,6.67e+18
4339,Gd,11444.444444444445,6.67e+18
4340,Ge,11444.444444444445,6.67e+18
4341,H,11444.444444444445,6.67e+18
4342,He,11444.444444444445,6.67e+18
4343,Hf,11444.444444444445,6.67e+18
4344,Hg,11444.444444444445,6.67e+18
4345,Ho,11444.444444444445,6.67e+18
4346,K,11444.444444444445,6.67e+18
4347,Kr,11444.444444444445,6.67e+18
4348,La,11444.444444444445,6.67e+18
4349,Li,11444.444444444445,6.67e+18
4350,Lu,11444.444444444445,6.67e+18
4351,Mg,11444.444444444445,6.67e+18
4352,Mn,11444.444444444445,6.67e+18
4353,Mo,11444.444444444445,6.67e+18
4354,N,11444.444444444445,6.67e+18
4355,Na,11444.444444444445,6.67e+18
4356,Nd,11444.444444444445,6.67e+18
4357,Ne,11444.444444444445,6.67e+18
4358,Ni,11444.444444444445,6.67e+18
4359,O,11444.444444444445,6.67e+18
4360,P,11444.444444444445,6.67e+18
4361,Pb,11444.444444444445,6.67e+18
4362,Pd,11444.444444444445,6.67e+18
4363,Pr,11444.444444444445,6.67e+18
4364,Pt,11444.444444444445,6.67e+18
4365,Ra,11444.444444444445,6.67e+18
4366,Rb,11444.444444444445,6.67e+18
4367,Rh,11444.444444444445,6.67e+18
4368,Ru,11444.444444444445,6.67e+18
4369,S,11444.444444444445,6.67e+18
4370,Sb,11444.444444444445,6.67e+18
4371,Sc,11444.444444444445,6.67e+18
4372,Si,11444.444444444445,6.67e+18
4373,Sm,11444.444444444445,6.67e+18
4374,Sn,11444.444444444445,6.67e+18
4375,Sr,11444.444444444445,6.67e+18
4376,Ta,11444.444444444445,6.67e+18
4377,Tb,11444.444444444445,6.67e+18
4378,Tc,11444.444444444445,6.67e+18
4379,Te,11444.444444444445,6.67e+18
4380,Ti,11444.444444444445,6.67e+18
4381,Tl,11444.444444444445,6.67e+18
4382,Tm,11444.444444444445,6.67e+18
4383,V,11444.444444444445,6.67e+18
4384,W,11444.444444444445,6.67e+18
4385,Xe,11444.444444444445,6.67e+18
4386,Y,11444.444444444445,6.67e+18
4387,Yb,11444.444444444445,6.67e+18
4388,Zn,11444.444444444445,6.67e+18
4389,Ac,11444.444444444445,7.78e+18
4390,Ag,11444.444444444445,7.78e+18
4391,Al,11444.444444444445,7.78e+18
4392,Ar,11444.444444444445,7.78e+18
4393,As,11444.444444444445,7.78e+18
4394,Au,11444.444444444445,7.78e+18
4395,B,11444.444444444445,7.78e+18
4396,Ba,11444.444444444445,7.78e+18
4397,Be,11444.444444444445,7.78e+18
4398,Bi,11444.444444444445,7.78e+18
4399,Br,11444.444444444445,7.78e+18
4400,C,11444.444444444445,7.78e+18
4401,Ca,11444.444444444445,7.78e+18
4402,Cd,11444.444444444445,7.78e+18
4403,Ce,11444.444444444445,7.78e+18
4404,Cl,11444.444444444445,7.78e+18
4405,Co,11444.444444444445,7.78e+18
4406,Cr,11444.444444444445,7.78e+18
4407,Cs,11444.444444444445,7.78e+18
4408,Cu,11444.444444444445,7.78e+18
4409,Dy,11444.444444444445,7.78e+18
4410,Er,11444.444444444445,7.78e+18
4411,Eu,11444.444444444445,7.78e+18
4412,F,11444.444444444445,7.78e+18
4413,Fe,11444.444444444445,7.78e+18
4414,Fr,11444.444444444445,7.78e+18
4415,Ga,11444.444444444445,7.78e+18
4416,Gd,11444.444444444445,7.78e+18
4417,Ge,11444.444444444445,7.78e+18
4418,H,11444.444444444445,7.78e+18
4419,He,11444.444444444445,7.78e+18
4420,Hf,11444.444444444445,7.78e+18
4421,Hg,11444.444444444445,7.78e+18
4422,Ho,11444.444444444445,7.78e+18
4423,K,11444.444444444445,7.78e+18
4424,Kr,11444.444444444445,7.78e+18
4425,La,11444.444444444445,7.78e+18
4426,Li,11444.444444444445,7.78e+18
4427,Lu,11444.444444444445,7.78e+18
4428,Mg,11444.444444444445,7.78e+18
4429,Mn,11444.444444444445,7.78e+18
4430,Mo,11444.444444444445,7.78e+18
4431,N,11444.444444444445,7.78e+18
4432,Na,11444.444444444445,7.78e+18
4433,Nd,11444.444444444445,7.78e+18
4434,Ne,11444.444444444445,7.78e+18
4435,Ni,11444.444444444445,7.78e+18
4436,O,11444.444444444445,7.78e+18
4437,P,11444.444444444445,7.78e+18
4438,Pb,11444.444444444445,7.78e+18
4439,Pd,11444.444444444445,7.78e+18
4440,Pr,11444.444444444445,7.78e+18
4441,Pt,11444.444444444445,7.78e+18
4442,Ra,11444.444444444445,7.78e+18
4443,Rb,11444.444444444445,7.78e+18
4444,Rh,11444.444444444445,7.78e+18
4445,Ru,11444.444444444445,7.78e+18
4446,S,11444.444444444445,7.78e+18
4447,Sb,11444.444444444445,7.78e+18
4448,Sc,11444.444444444445,7.78e+18
4449,Si,11444.444444444445,7.78e+18
4450,Sm,11444.444444444445,7.78e+18
4451,Sn,11444.444444444445,7.78e+18
4452,Sr,11444.444444444445,7.78e+18
4453,Ta,11444.444444444445,7.78e+18
4454,Tb,11444.444444444445,7.78e+18
4455,Tc,11444.444444444445,7.78e+18
4456,Te,11444.444444444445,7.78e+18
4457,Ti,11444.444444444445,7.78e+18
4458,Tl,11444.444444444445,7.78e+18
4459,Tm,11444.444444444445,7.78e+18
4460,V,11444.444444444445,7.78e+18
4461,W,11444.444444444445,7.78e+18
4462,Xe,11444.444444444445,7.78e+18
4463,Y,11444.444444444445,7.78e+18
4464,Yb,11444.444444444445,7.78e+18
4465,Zn,11444.444444444445,7.78e+18
4466,Ac,11444.444444444445,8.89e+18
4467,Ag,11444.444444444445,8.89e+18
4468,Al,11444.444444444445,8.89e+18
4469,Ar,11444.444444444445,8.89e+18
4470,As,11444.444444444445,8.89e+18
4471,Au,11444.444444444445,8.89e+18
4472,B,11444.444444444445,8.89e+18
4473,Ba,11444.444444444445,8.89e+18
4474,Be,11444.444444444445,8.89e+18
4475,Bi,11444.444444444445,8.89e+18
4476,Br,11444.444444444445,8.89e+18
4477,C,11444.444444444445,8.89e+18
4478,Ca,11444.444444444445,8.89e+18
4479,Cd,11444.444444444445,8.89e+18
4480,Ce,11444.444444444445,8.89e+18
4481,Cl,11444.444444444445,8.89e+18
4482,Co,11444.444444444445,8.89e+18
4483,Cr,11444.444444444445,8.89e+18
4484,Cs,11444.444444444445,8.89e+18
4485,Cu,11444.444444444445,8.89e+18
4486,Dy,11444.444444444445,8.89e+18
4487,Er,11444.444444444445,8.89e+18
4488,Eu,11444.444444444445,8.89e+18
4489,F,11444.444444444445,8.89e+18
4490,Fe,11444.444444444445,8.89e+18
4491,Fr,11444.444444444445,8.89e+18
4492,Ga,11444.444444444445,8.89e+18
4493,Gd,11444.444444444445,8.89e+18
4494,Ge,11444.444444444445,8.89e+18
4495,H,11444.444444444445,8.89e+18
4496,He,11444.444444444445,8.89e+18
4497,Hf,11444.444444444445,8.89e+18
4498,Hg,11444.444444444445,8.89e+18
4499,Ho,11444.444444444445,8.89e+18
4500,K,11444.444444444445,8.89e+18
4501,Kr,11444.444444444445,8.89e+18
4502,La,11444.444444444445,8.89e+18
4503,Li,11444.444444444445,8.89e+18
4504,Lu,11444.444444444445,8.89e+18
4505,Mg,11444.444444444445,8.89e+18
4506,Mn,11444.444444444445,8.89e+18
4507,Mo,11444.444444444445,8.89e+18
4508,N,11444.444444444445,8.89e+18
4509,Na,11444.444444444445,8.89e+18
4510,Nd,11444.444444444445,8.89e+18
4511,Ne,11444.444444444445,8.89e+18
4512,Ni,11444.444444444445,8.89e+18
4513,O,11444.444444444445,8.89e+18
4514,P,11444.444444444445,8.89e+18
4515,Pb,11444.444444444445,8.89e+18
4516,Pd,11444.444444444445,8.89e+18
4517,Pr,11444.444444444445,8.89e+18
4518,Pt,11444.444444444445,8.89e+18
4519,Ra,11444.444444444445,8.89e+18
4520,Rb,11444.444444444445,8.89e+18
4521,Rh,11444.444444444445,8.89e+18
4522,Ru,11444.444444444445,8.89e+18
4523,S,11444.444444444445,8.89e+18
4524,Sb,11444.444444444445,8.89e+18
4525,Sc,11444.444444444445,8.89e+18
4526,Si,11444.444444444445,8.89e+18
4527,Sm,11444.444444444445,8.89e+18
4528,Sn,11444.444444444445,8.89e+18
4529,Sr,11444.444444444445,8.89e+18
4530,Ta,11444.444444444445,8.89e+18
4531,Tb,11444.444444444445,8.89e+18
4532,Tc,11444.444444444445,8.89e+18
4533,Te,11444.444444444445,8.89e+18
4534,Ti,11444.444444444445,8.89e+18
4535,Tl,11444.444444444445,8.89e+18
4536,Tm,11444.444444444445,8.89e+18
4537,V,11444.444444444445,8.89e+18
4538,W,11444.444444444445,8.89e+18
4539,Xe,11444.444444444445,8.89e+18
4540,Y,11444.444444444445,8.89e+18
4541,Yb,11444.444444444445,8.89e+18
4542,Zn,11444.444444444445,8.89e+18
4543,Ac,11444.444444444445,1e+19
4544,Ag,11444.444444444445,1e+19
4545,Al,11444.444444444445,1e+19
4546,Ar,11444.444444444445,1e+19
4547,As,11444.444444444445,1e+19
4548,Au,11444.444444444445,1e+19
4549,B,11444.444444444445,1e+19
4550,Ba,11444.444444444445,1e+19
4551,Be,11444.444444444445,1e+19
4552,Bi,11444.444444444445,1e+19
4553,Br,11444.444444444445,1e+19
4554,C,11444.444444444445,1e+19
4555,Ca,11444.444444444445,1e+19
4556,Cd,11444.444444444445,1e+19
4557,Ce,11444.444444444445,1e+19
4558,Cl,11444.444444444445,1e+19
4559,Co,11444.444444444445,1e+19
4560,Cr,11444.444444444445,1e+19
4561,Cs,11444.444444444445,1e+19
4562,Cu,11444.444444444445,1e+19
4563,Dy,11444.444444444445,1e+19
4564,Er,11444.444444444445,1e+19
4565,Eu,11444.444444444445,1e+19
4566,F,11444.444444444445,1e+19
4567,Fe,11444.444444444445,1e+19
4568,Fr,11444.444444444445,1e+19
4569,Ga,11444.444444444445,1e+19
4570,Gd,11444.444444444445,1e+19
4571,Ge,11444.444444444445,1e+19
4572,H,11444.444444444445,1e+19
4573,He,11444.444444444445,1e+19
4574,Hf,11444.444444444445,1e+19
4575,Hg,11444.444444444445,1e+19
4576,Ho,11444.444444444445,1e+19
4577,K,11444.444444444445,1e+19
4578,Kr,11444.444444444445,1e+19
4579,La,11444.444444444445,1e+19
4580,Li,11444.444444444445,1e+19
4581,Lu,11444.444444444445,1e+19
4582,Mg,11444.444444444445,1e+19
4583,Mn,11444.444444444445,1e+19
4584,Mo,11444.444444444445,1e+19
4585,N,11444.444444444445,1e+19
4586,Na,11444.444444444445,1e+19
4587,Nd,11444.444444444445,1e+19
4588,Ne,11444.444444444445,1e+19
4589,Ni,11444.444444444445,1e+19
4590,O,11444.444444444445,1e+19
4591,P,11444.444444444445,1e+19
4592,Pb,11444.444444444445,1e+19
4593,Pd,11444.444444444445,1e+19
4594,Pr,11444.444444444445,1e+19
4595,Pt,11444.444444444445,1e+19
4596,Ra,11444.444444444445,1e+19
4597,Rb,11444.444444444445,1e+19
4598,Rh,11444.444444444445,1e+19
4599,Ru,11444.444444444445,1e+19
4600,S,11444.444444444445,1e+19
4601,Sb,11444.444444444445,1e+19
4602,Sc,11444.444444444445,1e+19
4603,Si,11444.444444444445,1e+19
4604,Sm,11444.444444444445,1e+19
4605,Sn,11444.444444444445,1e+19
4606,Sr,11444.444444444445,1e+19
4607,Ta,11444.444444444445,1e+19
4608,Tb,11444.444444444445,1e+19
4609,Tc,11444.444444444445,1e+19
4610,Te,11444.444444444445,1e+19
4611,Ti,11444.444444444445,1e+19
4612,Tl,11444.444444444445,1e+19
4613,Tm,11444.444444444445,1e+19
4614,V,11444.444444444445,1e+19
4615,W,11444.444444444445,1e+19
4616,Xe,11444.444444444445,1e+19
4617,Y,11444.444444444445,1e+19
4618,Yb,11444.444444444445,1e+19
4619,Zn,11444.444444444445,1e+19
4620,Ac,12333.333333333334,1e+16
4621,Ag,12333.333333333334,1e+16
4622,Al,12333.333333333334,1e+16
4623,Ar,12333.333333333334,1e+16
4624,As,12333.333333333334,1e+16
4625,Au,12333.333333333334,1e+16
4626,B,12333.333333333334,1e+16
4627,Ba,12333.333333333334,1e+16
4628,Be,12333.333333333334,1e+16
4629,Bi,12333.333333333334,1e+16
4630,Br,12333.333333333334,1e+16
4631,C,12333.333333333334,1e+16
4632,Ca,12333.333333333334,1e+16
4633,Cd,12333.333333333334,1e+16
4634,Ce,12333.333333333334,1e+16
4635,Cl,12333.333333333334,1e+16
4636,Co,12333.333333333334,1e+16
4637,Cr,12333.333333333334,1e+16
4638,Cs,12333.333333333334,1e+16
4639,Cu,12333.333333333334,1e+16
4640,Dy,12333.333333333334,1e+16
4641,Er,12333.333333333334,1e+16
4642,Eu,12333.333333333334,1e+16
4643,F,12333.333333333334,1e+16
4644,Fe,12333.333333333334,1e+16
4645,Fr,12333.333333333334,1e+16
4646,Ga,12333.333333333334,1e+16
4647,Gd,12333.333333333334,1e+16
4648,Ge,12333.333333333334,1e+16
4649,H,12333.333333333334,1e+16
4650,He,12333.333333333334,1e+16
4651,Hf,12333.333333333334,1e+16
4652,Hg,12333.333333333334,1e+16
4653,Ho,12333.333333333334,1e+16
4654,K,12333.333333333334,1e+16
4655,Kr,12333.333333333334,1e+16
4656,La,12333.333333333334,1e+16
4657,Li,12333.333333333334,1e+16
4658,Lu,12333.333333333334,1e+16
4659,Mg,12333.333333333334,1e+16
4660,Mn,12333.333333333334,1e+16
4661,Mo,12333.333333333334,1e+16
4662,N,12333.333333333334,1e+16
4663,Na,12333.333333333334,1e+16
4664,Nd,12333.333333333334,1e+16
4665,Ne,12333.333333333334,1e+16
4666,Ni,12333.333333333334,1e+16
4667,O,12333.333333333334,1e+16
4668,P,12333.333333333334,1e+16
4669,Pb,12333.333333333334,1e+16
4670,Pd,12333.333333333334,1e+16
4671,Pr,12333.333333333334,1e+16
4672,Pt,12333.333333333334,1e+16
4673,Ra,12333.333333333334,1e+16
4674,Rb,12333.333333333334,1e+16
4675,Rh,12333.333333333334,1e+16
4676,Ru,12333.333333333334,1e+16
4677,S,12333.333333333334,1e+16
4678,Sb,12333.333333333334,1e+16
4679,Sc,12333.333333333334,1e+16
4680,Si,12333.333333333334,1e+16
4681,Sm,12333.333333333334,1e+16
4682,Sn,12333.333333333334,1e+16
4683,Sr,12333.333333333334,1e+16
4684,Ta,12333.333333333334,1e+16
4685,Tb,12333.333333333334,1e+16
4686,Tc,12333.333333333334,1e+16
4687,Te,12333.333333333334,1e+16
4688,Ti,12333.333333333334,1e+16
4689,Tl,12333.333333333334,1e+16
4690,Tm,12333.333333333334,1e+16
4691,V,12333.333333333334,1e+16
4692,W,12333.333333333334,1e+16
4693,Xe,12333.333333333334,1e+16
4694,Y,12333.333333333334,1e+16
4695,Yb,12333.333333333334,1e+16
4696,Zn,12333.333333333334,1e+16
4697,Ac,12333.333333333334,1.12e+18
4698,Ag,12333.333333333334,1.12e+18
4699,Al,12333.333333333334,1.12e+18
4700,Ar,12333.333333333334,1.12e+18
4701,As,12333.333333333334,1.12e+18
4702,Au,12333.333333333334,1.12e+18
4703,B,12333.333333333334,1.12e+18
4704,Ba,12333.333333333334,1.12e+18
4705,Be,12333.333333333334,1.12e+18
4706,Bi,12333.333333333334,1.12e+18
4707,Br,12333.333333333334,1.12e+18
4708,C,12333.333333333334,1.12e+18
4709,Ca,12333.333333333334,1.12e+18
4710,Cd,12333.333333333334,1.12e+18
4711,Ce,12333.333333333334,1.12e+18
4712,Cl,12333.333333333334,1.12e+18
4713,Co,12333.333333333334,1.12e+18
4714,Cr,12333.333333333334,1.12e+18
4715,Cs,12333.333333333334,1.12e+18
4716,Cu,12333.333333333334,1.12e+18
4717,Dy,12333.333333333334,1.12e+18
4718,Er,12333.333333333334,1.12e+18
4719,Eu,12333.333333333334,1.12e+18
4720,F,12333.333333333334,1.12e+18
4721,Fe,12333.333333333334,1.12e+18
4722,Fr,12333.333333333334,1.12e+18
4723,Ga,12333.333333333334,1.12e+18
4724,Gd,12333.333333333334,1.12e+18
4725,Ge,12333.333333333334,1.12e+18
4726,H,12333.333333333334,1.12e+18
4727,He,12333.333333333334,1.12e+18
4728,Hf,12333.333333333334,1.12e+18
4729,Hg,12333.333333333334,1.12e+18
4730,Ho,12333.333333333334,1.12e+18
4731,K,12333.333333333334,1.12e+18
4732,Kr,12333.333333333334,1.12e+18
4733,La,12333.333333333334,1.12e+18
4734,Li,12333.333333333334,1.12e+18
4735,Lu,12333.333333333334,1.12e+18
4736,Mg,12333.333333333334,1.12e+18
4737,Mn,12333.333333333334,1.12e+18
4738,Mo,12333.333333333334,1.12e+18
4739,N,12333.333333333334,1.12e+18
4740,Na,12333.333333333334,1.12e+18
4741,Nd,12333.333333333334,1.12e+18
4742,Ne,12333.333333333334,1.12e+18
4743,Ni,12333.333333333334,1.12e+18
4744,O,12333.333333333334,1.12e+18
4745,P,12333.333333333334,1.12e+18
4746,Pb,12333.333333333334,1.12e+18
4747,Pd,12333.333333333334,1.12e+18
4748,Pr,12333.333333333334,1.12e+18
4749,Pt,12333.333333333334,1.12e+18
4750,Ra,12333.333333333334,1.12e+18
4751,Rb,12333.333333333334,1.12e+18
4752,Rh,12333.333333333334,1.12e+18
4753,Ru,12333.333333333334,1.12e+18
4754,S,12333.333333333334,1.12e+18
4755,Sb,12333.333333333334,1.12e+18
4756,Sc,12333.333333333334,1.12e+18
4757,Si,12333.333333333334,1.12e+18
4758,Sm,12333.333333333334,1.12e+18
4759,Sn,12333.333333333334,1.12e+18
4760,Sr,12333.333333333334,1.12e+18
4761,Ta,12333.333333333334,1.12e+18
4762,Tb,12333.333333333334,1.12e+18
4763,Tc,12333.333333333334,1.12e+18
4764,Te,12333.333333333334,1.12e+18
4765,Ti,12333.333333333334,1.12e+18
4766,Tl,12333.333333333334,1.12e+18
4767,Tm,12333.333333333334,1.12e+18
4768,V,12333.333333333334,1.12e+18
4769,W,12333.333333333334,1.12e+18
4770,Xe,12333.333333333334,1.12e+18
4771,Y,12333.333333333334,1.12e+18
4772,Yb,12333.333333333334,1.12e+18
4773,Zn,12333.333333333334,1.12e+18
4774,Ac,12333.333333333334,2.23e+18
4775,Ag,12333.333333333334,2.23e+18
4776,Al,12333.333333333334,2.23e+18
4777,Ar,12333.333333333334,2.23e+18
4778,As,12333.333333333334,2.23e+18
4779,Au,12333.333333333334,2.23e+18
4780,B,12333.333333333334,2.23e+18
4781,Ba,12333.333333333334,2.23e+18
4782,Be,12333.333333333334,2.23e+18
4783,Bi,12333.333333333334,2.23e+18
4784,Br,12333.333333333334,2.23e+18
4785,C,12333.333333333334,2.23e+18
4786,Ca,12333.333333333334,2.23e+18
4787,Cd,12333.333333333334,2.23e+18
4788,Ce,12333.333333333334,2.23e+18
4789,Cl,12333.333333333334,2.23e+18
4790,Co,12333.333333333334,2.23e+18
4791,Cr,12333.333333333334,2.23e+18
4792,Cs,12333.333333333334,2.23e+18
4793,Cu,12333.333333333334,2.23e+18
4794,Dy,12333.333333333334,2.23e+18
4795,Er,12333.333333333334,2.23e+18
4796,Eu,12333.333333333334,2.23e+18
4797,F,12333.333333333334,2.23e+18
4798,Fe,12333.333333333334,2.23e+18
4799,Fr,12333.333333333334,2.23e+18
4800,Ga,12333.333333333334,2.23e+18
4801,Gd,12333.333333333334,2.23e+18
4802,Ge,12333.333333333334,2.23e+18
4803,H,12333.333333333334,2.23e+18
4804,He,12333.333333333334,2.23e+18
4805,Hf,12333.333333333334,2.23e+18
4806,Hg,12333.333333333334,2.23e+18
4807,Ho,12333.333333333334,2.23e+18
4808,K,12333.333333333334,2.23e+18
4809,Kr,12333.333333333334,2.23e+18
4810,La,12333.333333333334,2.23e+18
4811,Li,12333.333333333334,2.23e+18
4812,Lu,12333.333333333334,2.23e+18
4813,Mg,12333.333333333334,2.23e+18
4814,Mn,12333.333333333334,2.23e+18
4815,Mo,12333.333333333334,2.23e+18
4816,N,12333.333333333334,2.23e+18
4817,Na,12333.333333333334,2.23e+18
4818,Nd,12333.333333333334,2.23e+18
4819,Ne,12333.333333333334,2.23e+18
4820,Ni,12333.333333333334,2.23e+18
4821,O,12333.333333333334,2.23e+18
4822,P,12333.333333333334,2.23e+18
4823,Pb,12333.333333333334,2.23e+18
4824,Pd,12333.333333333334,2.23e+18
4825,Pr,12333.333333333334,2.23e+18
4826,Pt,12333.333333333334,2.23e+18
4827,Ra,12333.333333333334,2.23e+18
4828,Rb,12333.333333333334,2.23e+18
4829,Rh,12333.333333333334,2.23e+18
4830,Ru,12333.333333333334,2.23e+18
4831,S,12333.333333333334,2.23e+18
4832,Sb,12333.333333333334,2.23e+18
4833,Sc,12333.333333333334,2.23e+18
4834,Si,12333.333333333334,2.23e+18
4835,Sm,12333.333333333334,2.23e+18
4836,Sn,12333.333333333334,2.23e+18
4837,Sr,12333.333333333334,2.23e+18
4838,Ta,12333.333333333334,2.23e+18
4839,Tb,12333.333333333334,2.23e+18
4840,Tc,12333.333333333334,2.23e+18
4841,Te,12333.333333333334,2.23e+18
4842,Ti,12333.333333333334,2.23e+18
4843,Tl,12333.333333333334,2.23e+18
4844,Tm,12333.333333333334,2.23e+18
4845,V,12333.333333333334,2.23e+18
4846,W,12333.333333333334,2.23e+18
4847,Xe,12333.333333333334,2.23e+18
4848,Y,12333.333333333334,2.23e+18
4849,Yb,12333.333333333334,2.23e+18
4850,Zn,12333.333333333334,2.23e+18
4851,Ac,12333.333333333334,3.34e+18
4852,Ag,12333.333333333334,3.34e+18
4853,Al,12333.333333333334,3.34e+18
4854,Ar,12333.333333333334,3.34e+18
4855,As,12333.333333333334,3.34e+18
4856,Au,12333.333333333334,3.34e+18
4857,B,12333.333333333334,3.34e+18
4858,Ba,12333.333333333334,3.34e+18
4859,Be,12333.333333333334,3.34e+18
4860,Bi,12333.333333333334,3.34e+18
4861,Br,12333.333333333334,3.34e+18
4862,C,12333.333333333334,3.34e+18
4863,Ca,12333.333333333334,3.34e+18
4864,Cd,12333.333333333334,3.34e+18
4865,Ce,12333.333333333334,3.34e+18
4866,Cl,12333.333333333334,3.34e+18
4867,Co,12333.333333333334,3.34e+18
4868,Cr,12333.333333333334,3.34e+18
4869,Cs,12333.333333333334,3.34e+18
4870,Cu,12333.333333333334,3.34e+18
4871,Dy,12333.333333333334,3.34e+18
4872,Er,12333.333333333334,3.34e+18
4873,Eu,12333.333333333334,3.34e+18
4874,F,12333.333333333334,3.34e+18
4875,Fe,12333.333333333334,3.34e+18
4876,Fr,12333.333333333334,3.34e+18
4877,Ga,12333.333333333334,3.34e+18
4878,Gd,12333.333333333334,3.34e+18
4879,Ge,12333.333333333334,3.34e+18
4880,H,12333.333333333334,3.34e+18
4881,He,12333.333333333334,3.34e+18
4882,Hf,12333.333333333334,3.34e+18
4883,Hg,12333.333333333334,3.34e+18
4884,Ho,12333.333333333334,3.34e+18
4885,K,12333.333333333334,3.34e+18
4886,Kr,12333.333333333334,3.34e+18
4887,La,12333.333333333334,3.34e+18
4888,Li,12333.333333333334,3.34e+18
4889,Lu,12333.333333333334,3.34e+18
4890,Mg,12333.333333333334,3.34e+18
4891,Mn,12333.333333333334,3.34e+18
4892,Mo,12333.333333333334,3.34e+18
4893,N,12333.333333333334,3.34e+18
4894,Na,12333.333333333334,3.34e+18
4895,Nd,12333.333333333334,3.34e+18
4896,Ne,12333.333333333334,3.34e+18
4897,Ni,12333.333333333334,3.34e+18
4898,O,12333.333333333334,3.34e+18
4899,P,12333.333333333334,3.34e+18
4900,Pb,12333.333333333334,3.34e+18
4901,Pd,12333.333333333334,3.34e+18
4902,Pr,12333.333333333334,3.34e+18
4903,Pt,12333.333333333334,3.34e+18
4904,Ra,12333.333333333334,3.34e+18
4905,Rb,12333.333333333334,3.34e+18
4906,Rh,12333.333333333334,3.34e+18
4907,Ru,12333.333333333334,3.34e+18
4908,S,12333.333333333334,3.34e+18
4909,Sb,12333.333333333334,3.34e+18
4910,Sc,12333.333333333334,3.34e+18
4911,Si,12333.333333333334,3.34e+18
4912,Sm,12333.333333333334,3.34e+18
4913,Sn,12333.333333333334,3.34e+18
4914,Sr,12333.333333333334,3.34e+18
4915,Ta,12333.333333333334,3.34e+18
4916,Tb,12333.333333333334,3.34e+18
4917,Tc,12333.333333333334,3.34e+18
4918,Te,12333.333333333334,3.34e+18
4919,Ti,12333.333333333334,3.34e+18
4920,Tl,12333.333333333334,3.34e+18
4921,Tm,12333.333333333334,3.34e+18
4922,V,12333.333333333334,3.34e+18
4923,W,12333.333333333334,3.34e+18
4924,Xe,12333.333333333334,3.34e+18
4925,Y,12333.333333333334,3.34e+18
4926,Yb,12333.333333333334,3.34e+18
4927,Zn,12333.333333333334,3.34e+18
4928,Ac,12333.333333333334,4.45e+18
4929,Ag,12333.333333333334,4.45e+18
4930,Al,12333.333333333334,4.45e+18
4931,Ar,12333.333333333334,4.45e+18
4932,As,12333.333333333334,4.45e+18
4933,Au,12333.333333333334,4.45e+18
4934,B,12333.333333333334,4.45e+18
4935,Ba,12333.333333333334,4.45e+18
4936,Be,12333.333333333334,4.45e+18
4937,Bi,12333.333333333334,4.45e+18
4938,Br,12333.333333333334,4.45e+18
4939,C,12333.333333333334,4.45e+18
4940,Ca,12333.333333333334,4.45e+18
4941,Cd,12333.333333333334,4.45e+18
4942,Ce,12333.333333333334,4.45e+18
4943,Cl,12333.333333333334,4.45e+18
4944,Co,12333.333333333334,4.45e+18
4945,Cr,12333.333333333334,4.45e+18
4946,Cs,12333.333333333334,4.45e+18
4947,Cu,12333.333333333334,4.45e+18
4948,Dy,12333.333333333334,4.45e+18
4949,Er,12333.333333333334,4.45e+18
4950,Eu,12333.333333333334,4.45e+18
4951,F,12333.333333333334,4.45e+18
4952,Fe,12333.333333333334,4.45e+18
4953,Fr,12333.333333333334,4.45e+18
4954,Ga,12333.333333333334,4.45e+18
4955,Gd,12333.333333333334,4.45e+18
4956,Ge,12333.333333333334,4.45e+18
4957,H,12333.333333333334,4.45e+18
4958,He,12333.333333333334,4.45e+18
4959,Hf,12333.333333333334,4.45e+18
4960,Hg,12333.333333333334,4.45e+18
4961,Ho,12333.333333333334,4.45e+18
4962,K,12333.333333333334,4.45e+18
4963,Kr,12333.333333333334,4.45e+18
4964,La,12333.333333333334,4.45e+18
4965,Li,12333.333333333334,4.45e+18
4966,Lu,12333.333333333334,4.45e+18
4967,Mg,12333.333333333334,4.45e+18
4968,Mn,12333.333333333334,4.45e+18
4969,Mo,12333.333333333334,4.45e+18
4970,N,12333.333333333334,4.45e+18
4971,Na,12333.333333333334,4.45e+18
4972,Nd,12333.333333333334,4.45e+18
4973,Ne,12333.333333333334,4.45e+18
4974,Ni,12333.333333333334,4.45e+18
4975,O,12333.333333333334,4.45e+18
4976,P,12333.333333333334,4.45e+18
4977,Pb,12333.333333333334,4.45e+18
4978,Pd,12333.333333333334,4.45e+18
4979,Pr,12333.333333333334,4.45e+18
4980,Pt,12333.333333333334,4.45e+18
4981,Ra,12333.333333333334,4.45e+18
4982,Rb,12333.333333333334,4.45e+18
4983,Rh,12333.333333333334,4.45e+18
4984,Ru,12333.333333333334,4.45e+18
4985,S,12333.333333333334,4.45e+18
4986,Sb,12333.333333333334,4.45e+18
4987,Sc,12333.333333333334,4.45e+18
4988,Si,12333.333333333334,4.45e+18
4989,Sm,12333.333333333334,4.45e+18
4990,Sn,12333.333333333334,4.45e+18
4991,Sr,12333.333333333334,4.45e+18
4992,Ta,12333.333333333334,4.45e+18
4993,Tb,12333.333333333334,4.45e+18
4994,Tc,12333.333333333334,4.45e+18
4995,Te,12333.333333333334,4.45e+18
4996,Ti,12333.333333333334,4.45e+18
4997,Tl,12333.333333333334,4.45e+18
4998,Tm,12333.333333333334,4.45e+18
4999,V,12333.333333333334,4.45e+18
5000,W,12333.333333333334,4.45e+18
5001,Xe,12333.333333333334,4.45e+18
5002,Y,12333.333333333334,4.45e+18
5003,Yb,12333.333333333334,4.45e+18
5004,Zn,12333.333333333334,4.45e+18
5005,Ac,12333.333333333334,5.56e+18
5006,Ag,12333.333333333334,5.56e+18
5007,Al,12333.333333333334,5.56e+18
5008,Ar,12333.333333333334,5.56e+18
5009,As,12333.333333333334,5.56e+18
5010,Au,12333.333333333334,5.56e+18
5011,B,12333.333333333334,5.56e+18
5012,Ba,12333.333333333334,5.56e+18
5013,Be,12333.333333333334,5.56e+18
5014,Bi,12333.333333333334,5.56e+18
5015,Br,12333.333333333334,5.56e+18
5016,C,12333.333333333334,5.56e+18
5017,Ca,12333.333333333334,5.56e+18
5018,Cd,12333.333333333334,5.56e+18
5019,Ce,12333.333333333334,5.56e+18
5020,Cl,12333.333333333334,5.56e+18
5021,Co,12333.333333333334,5.56e+18
5022,Cr,12333.333333333334,5.56e+18
5023,Cs,12333.333333333334,5.56e+18
5024,Cu,12333.333333333334,5.56e+18
5025,Dy,12333.333333333334,5.56e+18
5026,Er,12333.333333333334,5.56e+18
5027,Eu,12333.333333333334,5.56e+18
5028,F,12333.333333333334,5.56e+18
5029,Fe,12333.333333333334,5.56e+18
5030,Fr,12333.333333333334,5.56e+18
5031,Ga,12333.333333333334,5.56e+18
5032,Gd,12333.333333333334,5.56e+18
5033,Ge,12333.333333333334,5.56e+18
5034,H,12333.333333333334,5.56e+18
5035,He,12333.333333333334,5.56e+18
5036,Hf,12333.333333333334,5.56e+18
5037,Hg,12333.333333333334,5.56e+18
5038,Ho,12333.333333333334,5.56e+18
5039,K,12333.333333333334,5.56e+18
5040,Kr,12333.333333333334,5.56e+18
5041,La,12333.333333333334,5.56e+18
5042,Li,12333.333333333334,5.56e+18
5043,Lu,12333.333333333334,5.56e+18
5044,Mg,12333.333333333334,5.56e+18
5045,Mn,12333.333333333334,5.56e+18
5046,Mo,12333.333333333334,5.56e+18
5047,N,12333.333333333334,5.56e+18
5048,Na,12333.333333333334,5.56e+18
5049,Nd,12333.333333333334,5.56e+18
5050,Ne,12333.333333333334,5.56e+18
5051,Ni,12333.333333333334,5.56e+18
5052,O,12333.333333333334,5.56e+18
5053,P,12333.333333333334,5.56e+18
5054,Pb,12333.333333333334,5.56e+18
5055,Pd,12333.333333333334,5.56e+18
5056,Pr,12333.333333333334,5.56e+18
5057,Pt,12333.333333333334,5.56e+18
5058,Ra,12333.333333333334,5.56e+18
5059,Rb,12333.333333333334,5.56e+18
5060,Rh,12333.333333333334,5.56e+18
5061,Ru,12333.333333333334,5.56e+18
5062,S,12333.333333333334,5.56e+18
5063,Sb,12333.333333333334,5.56e+18
5064,Sc,12333.333333333334,5.56e+18
5065,Si,12333.333333333334,5.56e+18
5066,Sm,12333.333333333334,5.56e+18
5067,Sn,12333.333333333334,5.56e+18
5068,Sr,12333.333333333334,5.56e+18
5069,Ta,12333.333333333334,5.56e+18
5070,Tb,12333.333333333334,5.56e+18
5071,Tc,12333.333333333334,5.56e+18
5072,Te,12333.333333333334,5.56e+18
5073,Ti,12333.333333333334,5.56e+18
5074,Tl,12333.333333333334,5.56e+18
5075,Tm,12333.333333333334,5.56e+18
5076,V,12333.333333333334,5.56e+18
5077,W,12333.333333333334,5.56e+18
5078,Xe,12333.333333333334,5.56e+18
5079,Y,12333.333333333334,5.56e+18
5080,Yb,12333.333333333334,5.56e+18
5081,Zn,12333.333333333334,5.56e+18
5082,Ac,12333.333333333334,6.67e+18
5083,Ag,12333.333333333334,6.67e+18
5084,Al,12333.333333333334,6.67e+18
5085,Ar,12333.333333333334,6.67e+18
5086,As,12333.333333333334,6.67e+18
5087,Au,12333.333333333334,6.67e+18
5088,B,12333.333333333334,6.67e+18
5089,Ba,12333.333333333334,6.67e+18
5090,Be,12333.333333333334,6.67e+18
5091,Bi,12333.333333333334,6.67e+18
5092,Br,12333.333333333334,6.67e+18
5093,C,12333.333333333334,6.67e+18
5094,Ca,12333.333333333334,6.67e+18
5095,Cd,12333.333333333334,6.67e+18
5096,Ce,12333.333333333334,6.67e+18
5097,Cl,12333.333333333334,6.67e+18
5098,Co,12333.333333333334,6.67e+18
5099,Cr,12333.333333333334,6.67e+18
5100,Cs,12333.333333333334,6.67e+18
5101,Cu,12333.333333333334,6.67e+18
5102,Dy,12333.333333333334,6.67e+18
5103,Er,12333.333333333334,6.67e+18
5104,Eu,12333.333333333334,6.67e+18
5105,F,12333.333333333334,6.67e+18
5106,Fe,12333.333333333334,6.67e+18
5107,Fr,12333.333333333334,6.67e+18
5108,Ga,12333.333333333334,6.67e+18
5109,Gd,12333.333333333334,6.67e+18
5110,Ge,12333.333333333334,6.67e+18
5111,H,12333.333333333334,6.67e+18
5112,He,12333.333333333334,6.67e+18
5113,Hf,12333.333333333334,6.67e+18
5114,Hg,12333.333333333334,6.67e+18
5115,Ho,12333.333333333334,6.67e+18
5116,K,12333.333333333334,6.67e+18
5117,Kr,12333.333333333334,6.67e+18
5118,La,12333.333333333334,6.67e+18
5119,Li,12333.333333333334,6.67e+18
5120,Lu,12333.333333333334,6.67e+18
5121,Mg,12333.333333333334,6.67e+18
5122,Mn,12333.333333333334,6.67e+18
5123,Mo,12333.333333333334,6.67e+18
5124,N,12333.333333333334,6.67e+18
5125,Na,12333.333333333334,6.67e+18
5126,Nd,12333.333333333334,6.67e+18
5127,Ne,12333.333333333334,6.67e+18
5128,Ni,12333.333333333334,6.67e+18
5129,O,12333.333333333334,6.67e+18
5130,P,12333.333333333334,6.67e+18
5131,Pb,12333.333333333334,6.67e+18
5132,Pd,12333.333333333334,6.67e+18
5133,Pr,12333.333333333334,6.67e+18
5134,Pt,12333.333333333334,6.67e+18
5135,Ra,12333.333333333334,6.67e+18
5136,Rb,12333.333333333334,6.67e+18
5137,Rh,12333.333333333334,6.67e+18
5138,Ru,12333.333333333334,6.67e+18
5139,S,12333.333333333334,6.67e+18
5140,Sb,12333.333333333334,6.67e+18
5141,Sc,12333.333333333334,6.67e+18
5142,Si,12333.333333333334,6.67e+18
5143,Sm,12333.333333333334,6.67e+18
5144,Sn,12333.333333333334,6.67e+18
5145,Sr,12333.333333333334,6.67e+18
5146,Ta,12333.333333333334,6.67e+18
5147,Tb,12333.333333333334,6.67e+18
5148,Tc,12333.333333333334,6.67e+18
5149,Te,12333.333333333334,6.67e+18
5150,Ti,12333.333333333334,6.67e+18
5151,Tl,12333.333333333334,6.67e+18
5152,Tm,12333.333333333334,6.67e+18
5153,V,12333.333333333334,6.67e+18
5154,W,12333.333333333334,6.67e+18
5155,Xe,12333.333333333334,6.67e+18
5156,Y,12333.333333333334,6.67e+18
5157,Yb,12333.333333333334,6.67e+18
5158,Zn,12333.333333333334,6.67e+18
5159,Ac,12333.333333333334,7.78e+18
5160,Ag,12333.333333333334,7.78e+18
5161,Al,12333.333333333334,7.78e+18
5162,Ar,12333.333333333334,7.78e+18
5163,As,12333.333333333334,7.78e+18
5164,Au,12333.333333333334,7.78e+18
5165,B,12333.333333333334,7.78e+18
5166,Ba,12333.333333333334,7.78e+18
5167,Be,12333.333333333334,7.78e+18
5168,Bi,12333.333333333334,7.78e+18
5169,Br,12333.333333333334,7.78e+18
5170,C,12333.333333333334,7.78e+18
5171,Ca,12333.333333333334,7.78e+18
5172,Cd,12333.333333333334,7.78e+18
5173,Ce,12333.333333333334,7.78e+18
5174,Cl,12333.333333333334,7.78e+18
5175,Co,12333.333333333334,7.78e+18
5176,Cr,12333.333333333334,7.78e+18
5177,Cs,12333.333333333334,7.78e+18
5178,Cu,12333.333333333334,7.78e+18
5179,Dy,12333.333333333334,7.78e+18
5180,Er,12333.333333333334,7.78e+18
5181,Eu,12333.333333333334,7.78e+18
5182,F,12333.333333333334,7.78e+18
5183,Fe,12333.333333333334,7.78e+18
5184,Fr,12333.333333333334,7.78e+18
5185,Ga,12333.333333333334,7.78e+18
5186,Gd,12333.333333333334,7.78e+18
5187,Ge,12333.333333333334,7.78e+18
5188,H,12333.333333333334,7.78e+18
5189,He,12333.333333333334,7.78e+18
5190,Hf,12333.333333333334,7.78e+18
5191,Hg,12333.333333333334,7.78e+18
5192,Ho,12333.333333333334,7.78e+18
5193,K,12333.333333333334,7.78e+18
5194,Kr,12333.333333333334,7.78e+18
5195,La,12333.333333333334,7.78e+18
5196,Li,12333.333333333334,7.78e+18
5197,Lu,12333.333333333334,7.78e+18
5198,Mg,12333.333333333334,7.78e+18
5199,Mn,12333.333333333334,7.78e+18
5200,Mo,12333.333333333334,7.78e+18
5201,N,12333.333333333334,7.78e+18
5202,Na,12333.333333333334,7.78e+18
5203,Nd,12333.333333333334,7.78e+18
5204,Ne,12333.333333333334,7.78e+18
5205,Ni,12333.333333333334,7.78e+18
5206,O,12333.333333333334,7.78e+18
5207,P,12333.333333333334,7.78e+18
5208,Pb,12333.333333333334,7.78e+18
5209,Pd,12333.333333333334,7.78e+18
5210,Pr,12333.333333333334,7.78e+18
5211,Pt,12333.333333333334,7.78e+18
5212,Ra,12333.333333333334,7.78e+18
5213,Rb,12333.333333333334,7.78e+18
5214,Rh,12333.333333333334,7.78e+18
5215,Ru,12333.333333333334,7.78e+18
5216,S,12333.333333333334,7.78e+18
5217,Sb,12333.333333333334,7.78e+18
5218,Sc,12333.333333333334,7.78e+18
5219,Si,12333.333333333334,7.78e+18
5220,Sm,12333.333333333334,7.78e+18
5221,Sn,12333.333333333334,7.78e+18
5222,Sr,12333.333333333334,7.78e+18
5223,Ta,12333.333333333334,7.78e+18
5224,Tb,12333.333333333334,7.78e+18
5225,Tc,12333.333333333334,7.78e+18
5226,Te,12333.333333333334,7.78e+18
5227,Ti,12333.333333333334,7.78e+18
5228,Tl,12333.333333333334,7.78e+18
5229,Tm,12333.333333333334,7.78e+18
5230,V,12333.333333333334,7.78e+18
5231,W,12333.333333333334,7.78e+18
5232,Xe,12333.333333333334,7.78e+18
5233,Y,12333.333333333334,7.78e+18
5234,Yb,12333.333333333334,7.78e+18
5235,Zn,12333.333333333334,7.78e+18
5236,Ac,12333.333333333334,8.89e+18
5237,Ag,12333.333333333334,8.89e+18
5238,Al,12333.333333333334,8.89e+18
5239,Ar,12333.333333333334,8.89e+18
5240,As,12333.333333333334,8.89e+18
5241,Au,12333.333333333334,8.89e+18
5242,B,12333.333333333334,8.89e+18
5243,Ba,12333.333333333334,8.89e+18
5244,Be,12333.333333333334,8.89e+18
5245,Bi,12333.333333333334,8.89e+18
5246,Br,12333.333333333334,8.89e+18
5247,C,12333.333333333334,8.89e+18
5248,Ca,12333.333333333334,8.89e+18
5249,Cd,12333.333333333334,8.89e+18
5250,Ce,12333.333333333334,8.89e+18
5251,Cl,12333.333333333334,8.89e+18
5252,Co,12333.333333333334,8.89e+18
5253,Cr,12333.333333333334,8.89e+18
5254,Cs,12333.333333333334,8.89e+18
5255,Cu,12333.333333333334,8.89e+18
5256,Dy,12333.333333333334,8.89e+18
5257,Er,12333.333333333334,8.89e+18
5258,Eu,12333.333333333334,8.89e+18
5259,F,12333.333333333334,8.89e+18
5260,Fe,12333.333333333334,8.89e+18
5261,Fr,12333.333333333334,8.89e+18
5262,Ga,12333.333333333334,8.89e+18
5263,Gd,12333.333333333334,8.89e+18
5264,Ge,12333.333333333334,8.89e+18
5265,H,12333.333333333334,8.89e+18
5266,He,12333.333333333334,8.89e+18
5267,Hf,12333.333333333334,8.89e+18
5268,Hg,12333.333333333334,8.89e+18
5269,Ho,12333.333333333334,8.89e+18
5270,K,12333.333333333334,8.89e+18
5271,Kr,12333.333333333334,8.89e+18
5272,La,12333.333333333334,8.89e+18
5273,Li,12333.333333333334,8.89e+18
5274,Lu,12333.333333333334,8.89e+18
5275,Mg,12333.333333333334,8.89e+18
5276,Mn,12333.333333333334,8.89e+18
5277,Mo,12333.333333333334,8.89e+18
5278,N,12333.333333333334,8.89e+18
5279,Na,12333.333333333334,8.89e+18
5280,Nd,12333.333333333334,8.89e+18
5281,Ne,12333.333333333334,8.89e+18
5282,Ni,12333.333333333334,8.89e+18
5283,O,12333.333333333334,8.89e+18
5284,P,12333.333333333334,8.89e+18
5285,Pb,12333.333333333334,8.89e+18
5286,Pd,12333.333333333334,8.89e+18
5287,Pr,12333.333333333334,8.89e+18
5288,Pt,12333.333333333334,8.89e+18
5289,Ra,12333.333333333334,8.89e+18
5290,Rb,12333.333333333334,8.89e+18
5291,Rh,12333.333333333334,8.89e+18
5292,Ru,12333.333333333334,8.89e+18
5293,S,12333.333333333334,8.89e+18
5294,Sb,12333.333333333334,8.89e+18
5295,Sc,12333.333333333334,8.89e+18
5296,Si,12333.333333333334,8.89e+18
5297,Sm,12333.333333333334,8.89e+18
5298,Sn,12333.333333333334,8.89e+18
5299,Sr,12333.333333333334,8.89e+18
5300,Ta,12333.333333333334,8.89e+18
5301,Tb,12333.333333333334,8.89e+18
5302,Tc,12333.333333333334,8.89e+18
5303,Te,12333.333333333334,8.89e+18
5304,Ti,12333.333333333334,8.89e+18
5305,Tl,12333.333333333334,8.89e+18
5306,Tm,12333.333333333334,8.89e+18
5307,V,12333.333333333334,8.89e+18
5308,W,12333.333333333334,8.89e+18
5309,Xe,12333.333333333334,8.89e+18
5310,Y,12333.333333333334,8.89e+18
5311,Yb,12333.333333333334,8.89e+18
5312,Zn,12333.333333333334,8.89e+18
5313,Ac,12333.333333333334,1e+19
5314,Ag,12333.333333333334,1e+19
5315,Al,12333.333333333334,1e+19
5316,Ar,12333.333333333334,1e+19
5317,As,12333.333333333334,1e+19
5318,Au,12333.333333333334,1e+19
5319,B,12333.333333333334,1e+19
5320,Ba,12333.333333333334,1e+19
5321,Be,12333.333333333334,1e+19
5322,Bi,12333.333333333334,1e+19
5323,Br,12333.333333333334,1e+19
5324,C,12333.333333333334,1e+19
5325,Ca,12333.333333333334,1e+19
5326,Cd,12333.333333333334,1e+19
5327,Ce,12333.333333333334,1e+19
5328,Cl,12333.333333333334,1e+19
5329,Co,12333.333333333334,1e+19
5330,Cr,12333.333333333334,1e+19
5331,Cs,12333.333333333334,1e+19
5332,Cu,12333.333333333334,1e+19
5333,Dy,12333.333333333334,1e+19
5334,Er,12333.333333333334,1e+19
5335,Eu,12333.333333333334,1e+19
5336,F,12333.333333333334,1e+19
5337,Fe,12333.333333333334,1e+19
5338,Fr,12333.333333333334,1e+19
5339,Ga,12333.333333333334,1e+19
5340,Gd,12333.333333333334,1e+19
5341,Ge,12333.333333333334,1e+19
5342,H,12333.333333333334,1e+19
5343,He,12333.333333333334,1e+19
5344,Hf,12333.333333333334,1e+19
5345,Hg,12333.333333333334,1e+19
5346,Ho,12333.333333333334,1e+19
5347,K,12333.333333333334,1e+19
5348,Kr,12333.333333333334,1e+19
5349,La,12333.333333333334,1e+19
5350,Li,12333.333333333334,1e+19
5351,Lu,12333.333333333334,1e+19
5352,Mg,12333.333333333334,1e+19
5353,Mn,12333.333333333334,1e+19
5354,Mo,12333.333333333334,1e+19
5355,N,12333.333333333334,1e+19
5356,Na,12333.333333333334,1e+19
5357,Nd,12333.333333333334,1e+19
5358,Ne,12333.333333333334,1e+19
5359,Ni,12333.333333333334,1e+19
5360,O,12333.333333333334,1e+19
5361,P,12333.333333333334,1e+19
5362,Pb,12333.333333333334,1e+19
5363,Pd,12333.333333333334,1e+19
5364,Pr,12333.333333333334,1e+19
5365,Pt,12333.333333333334,1e+19
5366,Ra,12333.333333333334,1e+19
5367,Rb,12333.333333333334,1e+19
5368,Rh,12333.333333333334,1e+19
5369,Ru,12333.333333333334,1e+19
5370,S,12333.333333333334,1e+19
5371,Sb,12333.333333333334,1e+19
5372,Sc,12333.333333333334,1e+19
5373,Si,12333.333333333334,1e+19
5374,Sm,12333.333333333334,1e+19
5375,Sn,12333.333333333334,1e+19
5376,Sr,12333.333333333334,1e+19
5377,Ta,12333.333333333334,1e+19
5378,Tb,12333.333333333334,1e+19
5379,Tc,12333.333333333334,1e+19
5380,Te,12333.333333333334,1e+19
5381,Ti,12333.333333333334,1e+19
5382,Tl,12333.333333333334,1e+19
5383,Tm,12333.333333333334,1e+19
5384,V,12333.333333333334,1e+19
5385,W,12333.333333333334,1e+19
5386,Xe,12333.333333333334,1e+19
5387,Y,12333.333333333334,1e+19
5388,Yb,12333.333333333334,1e+19
5389,Zn,12333.333333333334,1e+19
5390,Ac,13222.222222222223,1e+16
5391,Ag,13222.222222222223,1e+16
5392,Al,13222.222222222223,1e+16
5393,Ar,13222.222222222223,1e+16
5394,As,13222.222222222223,1e+16
5395,Au,13222.222222222223,1e+16
5396,B,13222.222222222223,1e+16
5397,Ba,13222.222222222223,1e+16
5398,Be,13222.222222222223,1e+16
5399,Bi,13222.222222222223,1e+16
5400,Br,13222.222222222223,1e+16
5401,C,13222.222222222223,1e+16
5402,Ca,13222.222222222223,1e+16
5403,Cd,13222.222222222223,1e+16
5404,Ce,13222.222222222223,1e+16
5405,Cl,13222.222222222223,1e+16
5406,Co,13222.222222222223,1e+16
5407,Cr,13222.222222222223,1e+16
5408,Cs,13222.222222222223,1e+16
5409,Cu,13222.222222222223,1e+16
5410,Dy,13222.222222222223,1e+16
5411,Er,13222.222222222223,1e+16
5412,Eu,13222.222222222223,1e+16
5413,F,13222.222222222223,1e+16
5414,Fe,13222.222222222223,1e+16
5415,Fr,13222.222222222223,1e+16
5416,Ga,13222.222222222223,1e+16
5417,Gd,13222.222222222223,1e+16
5418,Ge,13222.222222222223,1e+16
5419,H,13222.222222222223,1e+16
5420,He,13222.222222222223,1e+16
5421,Hf,13222.222222222223,1e+16
5422,Hg,13222.222222222223,1e+16
5423,Ho,13222.222222222223,1e+16
5424,K,13222.222222222223,1e+16
5425,Kr,13222.222222222223,1e+16
5426,La,13222.222222222223,1e+16
5427,Li,13222.222222222223,1e+16
5428,Lu,13222.222222222223,1e+16
5429,Mg,13222.222222222223,1e+16
5430,Mn,13222.222222222223,1e+16
5431,Mo,13222.222222222223,1e+16
5432,N,13222.222222222223,1e+16
5433,Na,13222.222222222223,1e+16
5434,Nd,13222.222222222223,1e+16
5435,Ne,13222.222222222223,1e+16
5436,Ni,13222.222222222223,1e+16
5437,O,13222.222222222223,1e+16
5438,P,13222.222222222223,1e+16
5439,Pb,13222.222222222223,1e+16
5440,Pd,13222.222222222223,1e+16
5441,Pr,13222.222222222223,1e+16
5442,Pt,13222.222222222223,1e+16
5443,Ra,13222.222222222223,1e+16
5444,Rb,13222.222222222223,1e+16
5445,Rh,13222.222222222223,1e+16
5446,Ru,13222.222222222223,1e+16
5447,S,13222.222222222223,1e+16
5448,Sb,13222.222222222223,1e+16
5449,Sc,13222.222222222223,1e+16
5450,Si,13222.222222222223,1e+16
5451,Sm,13222.222222222223,1e+16
5452,Sn,13222.222222222223,1e+16
5453,Sr,13222.222222222223,1e+16
5454,Ta,13222.222222222223,1e+16
5455,Tb,13222.222222222223,1e+16
5456,Tc,13222.222222222223,1e+16
5457,Te,13222.222222222223,1e+16
5458,Ti,13222.222222222223,1e+16
5459,Tl,13222.222222222223,1e+16
5460,Tm,13222.222222222223,1e+16
5461,V,13222.222222222223,1e+16
5462,W,13222.222222222223,1e+16
5463,Xe,13222.222222222223,1e+16
5464,Y,13222.222222222223,1e+16
5465,Yb,13222.222222222223,1e+16
5466,Zn,13222.222222222223,1e+16
5467,Ac,13222.222222222223,1.12e+18
5468,Ag,13222.222222222223,1.12e+18
5469,Al,13222.222222222223,1.12e+18
5470,Ar,13222.222222222223,1.12e+18
5471,As,13222.222222222223,1.12e+18
5472,Au,13222.222222222223,1.12e+18
5473,B,13222.222222222223,1.12e+18
5474,Ba,13222.222222222223,1.12e+18
5475,Be,13222.222222222223,1.12e+18
5476,Bi,13222.222222222223,1.12e+18
5477,Br,13222.222222222223,1.12e+18
5478,C,13222.222222222223,1.12e+18
5479,Ca,13222.222222222223,1.12e+18
5480,Cd,13222.222222222223,1.12e+18
5481,Ce,13222.222222222223,1.12e+18
5482,Cl,13222.222222222223,1.12e+18
5483,Co,13222.222222222223,1.12e+18
5484,Cr,13222.222222222223,1.12e+18
5485,Cs,13222.222222222223,1.12e+18
5486,Cu,13222.222222222223,1.12e+18
5487,Dy,13222.222222222223,1.12e+18
5488,Er,13222.222222222223,1.12e+18
5489,Eu,13222.222222222223,1.12e+18
5490,F,13222.222222222223,1.12e+18
5491,Fe,13222.222222222223,1.12e+18
5492,Fr,13222.222222222223,1.12e+18
5493,Ga,13222.222222222223,1.12e+18
5494,Gd,13222.222222222223,1.12e+18
5495,Ge,13222.222222222223,1.12e+18
5496,H,13222.222222222223,1.12e+18
5497,He,13222.222222222223,1.12e+18
5498,Hf,13222.222222222223,1.12e+18
5499,Hg,13222.222222222223,1.12e+18
5500,Ho,13222.222222222223,1.12e+18
5501,K,13222.222222222223,1.12e+18
5502,Kr,13222.222222222223,1.12e+18
5503,La,13222.222222222223,1.12e+18
5504,Li,13222.222222222223,1.12e+18
5505,Lu,13222.222222222223,1.12e+18
5506,Mg,13222.222222222223,1.12e+18
5507,Mn,13222.222222222223,1.12e+18
5508,Mo,13222.222222222223,1.12e+18
5509,N,13222.222222222223,1.12e+18
5510,Na,13222.222222222223,1.12e+18
5511,Nd,13222.222222222223,1.12e+18
5512,Ne,13222.222222222223,1.12e+18
5513,Ni,13222.222222222223,1.12e+18
5514,O,13222.222222222223,1.12e+18
5515,P,13222.222222222223,1.12e+18
5516,Pb,13222.222222222223,1.12e+18
5517,Pd,13222.222222222223,1.12e+18
5518,Pr,13222.222222222223,1.12e+18
5519,Pt,13222.222222222223,1.12e+18
5520,Ra,13222.222222222223,1.12e+18
5521,Rb,13222.222222222223,1.12e+18
5522,Rh,13222.222222222223,1.12e+18
5523,Ru,13222.222222222223,1.12e+18
5524,S,13222.222222222223,1.12e+18
5525,Sb,13222.222222222223,1.12e+18
5526,Sc,13222.222222222223,1.12e+18
5527,Si,13222.222222222223,1.12e+18
5528,Sm,13222.222222222223,1.12e+18
5529,Sn,13222.222222222223,1.12e+18
5530,Sr,13222.222222222223,1.12e+18
5531,Ta,13222.222222222223,1.12e+18
5532,Tb,13222.222222222223,1.12e+18
5533,Tc,13222.222222222223,1.12e+18
5534,Te,13222.222222222223,1.12e+18
5535,Ti,13222.222222222223,1.12e+18
5536,Tl,13222.222222222223,1.12e+18
5537,Tm,13222.222222222223,1.12e+18
5538,V,13222.222222222223,1.12e+18
5539,W,13222.222222222223,1.12e+18
5540,Xe,13222.222222222223,1.12e+18
5541,Y,13222.222222222223,1.12e+18
5542,Yb,13222.222222222223,1.12e+18
5543,Zn,13222.222222222223,1.12e+18
5544,Ac,13222.222222222223,2.23e+18
5545,Ag,13222.222222222223,2.23e+18
5546,Al,13222.222222222223,2.23e+18
5547,Ar,13222.222222222223,2.23e+18
5548,As,13222.222222222223,2.23e+18
5549,Au,13222.222222222223,2.23e+18
5550,B,13222.222222222223,2.23e+18
5551,Ba,13222.222222222223,2.23e+18
5552,Be,13222.222222222223,2.23e+18
5553,Bi,13222.222222222223,2.23e+18
5554,Br,13222.222222222223,2.23e+18
5555,C,13222.222222222223,2.23e+18
5556,Ca,13222.222222222223,2.23e+18
5557,Cd,13222.222222222223,2.23e+18
5558,Ce,13222.222222222223,2.23e+18
5559,Cl,13222.222222222223,2.23e+18
5560,Co,13222.222222222223,2.23e+18
5561,Cr,13222.222222222223,2.23e+18
5562,Cs,13222.222222222223,2.23e+18
5563,Cu,13222.222222222223,2.23e+18
5564,Dy,13222.222222222223,2.23e+18
5565,Er,13222.222222222223,2.23e+18
5566,Eu,13222.222222222223,2.23e+18
5567,F,13222.222222222223,2.23e+18
5568,Fe,13222.222222222223,2.23e+18
5569,Fr,13222.222222222223,2.23e+18
5570,Ga,13222.222222222223,2.23e+18
5571,Gd,13222.222222222223,2.23e+18
5572,Ge,13222.222222222223,2.23e+18
5573,H,13222.222222222223,2.23e+18
5574,He,13222.222222222223,2.23e+18
5575,Hf,13222.222222222223,2.23e+18
5576,Hg,13222.222222222223,2.23e+18
5577,Ho,13222.222222222223,2.23e+18
5578,K,13222.222222222223,2.23e+18
5579,Kr,13222.222222222223,2.23e+18
5580,La,13222.222222222223,2.23e+18
5581,Li,13222.222222222223,2.23e+18
5582,Lu,13222.222222222223,2.23e+18
5583,Mg,13222.222222222223,2.23e+18
5584,Mn,13222.222222222223,2.23e+18
5585,Mo,13222.222222222223,2.23e+18
5586,N,13222.222222222223,2.23e+18
5587,Na,13222.222222222223,2.23e+18
5588,Nd,13222.222222222223,2.23e+18
5589,Ne,13222.222222222223,2.23e+18
5590,Ni,13222.222222222223,2.23e+18
5591,O,13222.222222222223,2.23e+18
5592,P,13222.222222222223,2.23e+18
5593,Pb,13222.222222222223,2.23e+18
5594,Pd,13222.222222222223,2.23e+18
5595,Pr,13222.222222222223,2.23e+18
5596,Pt,13222.222222222223,2.23e+18
5597,Ra,13222.222222222223,2.23e+18
5598,Rb,13222.222222222223,2.23e+18
5599,Rh,13222.222222222223,2.23e+18
5600,Ru,13222.222222222223,2.23e+18
5601,S,13222.222222222223,2.23e+18
5602,Sb,13222.222222222223,2.23e+18
5603,Sc,13222.222222222223,2.23e+18
5604,Si,13222.222222222223,2.23e+18
5605,Sm,13222.222222222223,2.23e+18
5606,Sn,13222.222222222223,2.23e+18
5607,Sr,13222.222222222223,2.23e+18
5608,Ta,13222.222222222223,2.23e+18
5609,Tb,13222.222222222223,2.23e+18
5610,Tc,13222.222222222223,2.23e+18
5611,Te,13222.222222222223,2.23e+18
5612,Ti,13222.222222222223,2.23e+18
5613,Tl,13222.222222222223,2.23e+18
5614,Tm,13222.222222222223,2.23e+18
5615,V,13222.222222222223,2.23e+18
5616,W,13222.222222222223,2.23e+18
5617,Xe,13222.222222222223,2.23e+18
5618,Y,13222.222222222223,2.23e+18
5619,Yb,13222.222222222223,2.23e+18
5620,Zn,13222.222222222223,2.23e+18
5621,Ac,13222.222222222223,3.34e+18
5622,Ag,13222.222222222223,3.34e+18
5623,Al,13222.222222222223,3.34e+18
5624,Ar,13222.222222222223,3.34e+18
5625,As,13222.222222222223,3.34e+18
5626,Au,13222.222222222223,3.34e+18
5627,B,13222.222222222223,3.34e+18
5628,Ba,13222.222222222223,3.34e+18
5629,Be,13222.222222222223,3.34e+18
5630,Bi,13222.222222222223,3.34e+18
5631,Br,13222.222222222223,3.34e+18
5632,C,13222.222222222223,3.34e+18
5633,Ca,13222.222222222223,3.34e+18
5634,Cd,13222.222222222223,3.34e+18
5635,Ce,13222.222222222223,3.34e+18
5636,Cl,13222.222222222223,3.34e+18
5637,Co,13222.222222222223,3.34e+18
5638,Cr,13222.222222222223,3.34e+18
5639,Cs,13222.222222222223,3.34e+18
5640,Cu,13222.222222222223,3.34e+18
5641,Dy,13222.222222222223,3.34e+18
5642,Er,13222.222222222223,3.34e+18
5643,Eu,13222.222222222223,3.34e+18
5644,F,13222.222222222223,3.34e+18
5645,Fe,13222.222222222223,3.34e+18
5646,Fr,13222.222222222223,3.34e+18
5647,Ga,13222.222222222223,3.34e+18
5648,Gd,13222.222222222223,3.34e+18
5649,Ge,13222.222222222223,3.34e+18
5650,H,13222.222222222223,3.34e+18
5651,He,13222.222222222223,3.34e+18
5652,Hf,13222.222222222223,3.34e+18
5653,Hg,13222.222222222223,3.34e+18
5654,Ho,13222.222222222223,3.34e+18
5655,K,13222.222222222223,3.34e+18
5656,Kr,13222.222222222223,3.34e+18
5657,La,13222.222222222223,3.34e+18
5658,Li,13222.222222222223,3.34e+18
5659,Lu,13222.222222222223,3.34e+18
5660,Mg,13222.222222222223,3.34e+18
5661,Mn,13222.222222222223,3.34e+18
5662,Mo,13222.222222222223,3.34e+18
5663,N,13222.222222222223,3.34e+18
5664,Na,13222.222222222223,3.34e+18
5665,Nd,13222.222222222223,3.34e+18
5666,Ne,13222.222222222223,3.34e+18
5667,Ni,13222.222222222223,3.34e+18
5668,O,13222.222222222223,3.34e+18
5669,P,13222.222222222223,3.34e+18
5670,Pb,13222.222222222223,3.34e+18
5671,Pd,13222.222222222223,3.34e+18
5672,Pr,13222.222222222223,3.34e+18
5673,Pt,13222.222222222223,3.34e+18
5674,Ra,13222.222222222223,3.34e+18
5675,Rb,13222.222222222223,3.34e+18
5676,Rh,13222.222222222223,3.34e+18
5677,Ru,13222.222222222223,3.34e+18
5678,S,13222.222222222223,3.34e+18
5679,Sb,13222.222222222223,3.34e+18
5680,Sc,13222.222222222223,3.34e+18
5681,Si,13222.222222222223,3.34e+18
5682,Sm,13222.222222222223,3.34e+18
5683,Sn,13222.222222222223,3.34e+18
5684,Sr,13222.222222222223,3.34e+18
5685,Ta,13222.222222222223,3.34e+18
5686,Tb,13222.222222222223,3.34e+18
5687,Tc,13222.222222222223,3.34e+18
5688,Te,13222.222222222223,3.34e+18
5689,Ti,13222.222222222223,3.34e+18
5690,Tl,13222.222222222223,3.34e+18
5691,Tm,13222.222222222223,3.34e+18
5692,V,13222.222222222223,3.34e+18
5693,W,13222.222222222223,3.34e+18
5694,Xe,13222.222222222223,3.34e+18
5695,Y,13222.222222222223,3.34e+18
5696,Yb,13222.222222222223,3.34e+18
5697,Zn,13222.222222222223,3.34e+18
5698,Ac,13222.222222222223,4.45e+18
5699,Ag,13222.222222222223,4.45e+18
5700,Al,13222.222222222223,4.45e+18
5701,Ar,13222.222222222223,4.45e+18
5702,As,13222.222222222223,4.45e+18
5703,Au,13222.222222222223,4.45e+18
5704,B,13222.222222222223,4.45e+18
5705,Ba,13222.222222222223,4.45e+18
5706,Be,13222.222222222223,4.45e+18
5707,Bi,13222.222222222223,4.45e+18
5708,Br,13222.222222222223,4.45e+18
5709,C,13222.222222222223,4.45e+18
5710,Ca,13222.222222222223,4.45e+18
5711,Cd,13222.222222222223,4.45e+18
5712,Ce,13222.222222222223,4.45e+18
5713,Cl,13222.222222222223,4.45e+18
5714,Co,13222.222222222223,4.45e+18
5715,Cr,13222.222222222223,4.45e+18
5716,Cs,13222.222222222223,4.45e+18
5717,Cu,13222.222222222223,4.45e+18
5718,Dy,13222.222222222223,4.45e+18
5719,Er,13222.222222222223,4.45e+18
5720,Eu,13222.222222222223,4.45e+18
5721,F,13222.222222222223,4.45e+18
5722,Fe,13222.222222222223,4.45e+18
5723,Fr,13222.222222222223,4.45e+18
5724,Ga,13222.222222222223,4.45e+18
5725,Gd,13222.222222222223,4.45e+18
5726,Ge,13222.222222222223,4.45e+18
5727,H,13222.222222222223,4.45e+18
5728,He,13222.222222222223,4.45e+18
5729,Hf,13222.222222222223,4.45e+18
5730,Hg,13222.222222222223,4.45e+18
5731,Ho,13222.222222222223,4.45e+18
5732,K,13222.222222222223,4.45e+18
5733,Kr,13222.222222222223,4.45e+18
5734,La,13222.222222222223,4.45e+18
5735,Li,13222.222222222223,4.45e+18
5736,Lu,13222.222222222223,4.45e+18
5737,Mg,13222.222222222223,4.45e+18
5738,Mn,13222.222222222223,4.45e+18
5739,Mo,13222.222222222223,4.45e+18
5740,N,13222.222222222223,4.45e+18
5741,Na,13222.222222222223,4.45e+18
5742,Nd,13222.222222222223,4.45e+18
5743,Ne,13222.222222222223,4.45e+18
5744,Ni,13222.222222222223,4.45e+18
5745,O,13222.222222222223,4.45e+18
5746,P,13222.222222222223,4.45e+18
5747,Pb,13222.222222222223,4.45e+18
5748,Pd,13222.222222222223,4.45e+18
5749,Pr,13222.222222222223,4.45e+18
5750,Pt,13222.222222222223,4.45e+18
5751,Ra,13222.222222222223,4.45e+18
5752,Rb,13222.222222222223,4.45e+18
5753,Rh,13222.222222222223,4.45e+18
5754,Ru,13222.222222222223,4.45e+18
5755,S,13222.222222222223,4.45e+18
5756,Sb,13222.222222222223,4.45e+18
5757,Sc,13222.222222222223,4.45e+18
5758,Si,13222.222222222223,4.45e+18
5759,Sm,13222.222222222223,4.45e+18
5760,Sn,13222.222222222223,4.45e+18
5761,Sr,13222.222222222223,4.45e+18
5762,Ta,13222.222222222223,4.45e+18
5763,Tb,13222.222222222223,4.45e+18
5764,Tc,13222.222222222223,4.45e+18
5765,Te,13222.222222222223,4.45e+18
5766,Ti,13222.222222222223,4.45e+18
5767,Tl,13222.222222222223,4.45e+18
5768,Tm,13222.222222222223,4.45e+18
5769,V,13222.222222222223,4.45e+18
5770,W,13222.222222222223,4.45e+18
5771,Xe,13222.222222222223,4.45e+18
5772,Y,13222.222222222223,4.45e+18
5773,Yb,13222.222222222223,4.45e+18
5774,Zn,13222.222222222223,4.45e+18
5775,Ac,13222.222222222223,5.56e+18
5776,Ag,13222.222222222223,5.56e+18
5777,Al,13222.222222222223,5.56e+18
5778,Ar,13222.222222222223,5.56e+18
5779,As,13222.222222222223,5.56e+18
5780,Au,13222.222222222223,5.56e+18
5781,B,13222.222222222223,5.56e+18
5782,Ba,13222.222222222223,5.56e+18
5783,Be,13222.222222222223,5.56e+18
5784,Bi,13222.222222222223,5.56e+18
5785,Br,13222.222222222223,5.56e+18
5786,C,13222.222222222223,5.56e+18
5787,Ca,13222.222222222223,5.56e+18
5788,Cd,13222.222222222223,5.56e+18
5789,Ce,13222.222222222223,5.56e+18
5790,Cl,13222.222222222223,5.56e+18
5791,Co,13222.222222222223,5.56e+18
5792,Cr,13222.222222222223,5.56e+18
5793,Cs,13222.222222222223,5.56e+18
5794,Cu,13222.222222222223,5.56e+18
5795,Dy,13222.222222222223,5.56e+18
5796,Er,13222.222222222223,5.56e+18
5797,Eu,13222.222222222223,5.56e+18
5798,F,13222.222222222223,5.56e+18
5799,Fe,13222.222222222223,5.56e+18
5800,Fr,13222.222222222223,5.56e+18
5801,Ga,13222.222222222223,5.56e+18
5802,Gd,13222.222222222223,5.56e+18
5803,Ge,13222.222222222223,5.56e+18
5804,H,13222.222222222223,5.56e+18
5805,He,13222.222222222223,5.56e+18
5806,Hf,13222.222222222223,5.56e+18
5807,Hg,13222.222222222223,5.56e+18
5808,Ho,13222.222222222223,5.56e+18
5809,K,13222.222222222223,5.56e+18
5810,Kr,13222.222222222223,5.56e+18
5811,La,13222.222222222223,5.56e+18
5812,Li,13222.222222222223,5.56e+18
5813,Lu,13222.222222222223,5.56e+18
5814,Mg,13222.222222222223,5.56e+18
5815,Mn,13222.222222222223,5.56e+18
5816,Mo,13222.222222222223,5.56e+18
5817,N,13222.222222222223,5.56e+18
5818,Na,13222.222222222223,5.56e+18
5819,Nd,13222.222222222223,5.56e+18
5820,Ne,13222.222222222223,5.56e+18
5821,Ni,13222.222222222223,5.56e+18
5822,O,13222.222222222223,5.56e+18
5823,P,13222.222222222223,5.56e+18
5824,Pb,13222.222222222223,5.56e+18
5825,Pd,13222.222222222223,5.56e+18
5826,Pr,13222.222222222223,5.56e+18
5827,Pt,13222.222222222223,5.56e+18
5828,Ra,13222.222222222223,5.56e+18
5829,Rb,13222.222222222223,5.56e+18
5830,Rh,13222.222222222223,5.56e+18
5831,Ru,13222.222222222223,5.56e+18
5832,S,13222.222222222223,5.56e+18
5833,Sb,13222.222222222223,5.56e+18
5834,Sc,13222.222222222223,5.56e+18
5835,Si,13222.222222222223,5.56e+18
5836,Sm,13222.222222222223,5.56e+18
5837,Sn,13222.222222222223,5.56e+18
5838,Sr,13222.222222222223,5.56e+18
5839,Ta,13222.222222222223,5.56e+18
5840,Tb,13222.222222222223,5.56e+18
5841,Tc,13222.222222222223,5.56e+18
5842,Te,13222.222222222223,5.56e+18
5843,Ti,13222.222222222223,5.56e+18
5844,Tl,13222.222222222223,5.56e+18
5845,Tm,13222.222222222223,5.56e+18
5846,V,13222.222222222223,5.56e+18
5847,W,13222.222222222223,5.56e+18
5848,Xe,13222.222222222223,5.56e+18
5849,Y,13222.222222222223,5.56e+18
5850,Yb,13222.222222222223,5.56e+18
5851,Zn,13222.222222222223,5.56e+18
5852,Ac,13222.222222222223,6.67e+18
5853,Ag,13222.222222222223,6.67e+18
5854,Al,13222.222222222223,6.67e+18
5855,Ar,13222.222222222223,6.67e+18
5856,As,13222.222222222223,6.67e+18
5857,Au,13222.222222222223,6.67e+18
5858,B,13222.222222222223,6.67e+18
5859,Ba,13222.222222222223,6.67e+18
5860,Be,13222.222222222223,6.67e+18
5861,Bi,13222.222222222223,6.67e+18
5862,Br,13222.222222222223,6.67e+18
5863,C,13222.222222222223,6.67e+18
5864,Ca,13222.222222222223,6.67e+18
5865,Cd,13222.222222222223,6.67e+18
5866,Ce,13222.222222222223,6.67e+18
5867,Cl,13222.222222222223,6.67e+18
5868,Co,13222.222222222223,6.67e+18
5869,Cr,13222.222222222223,6.67e+18
5870,Cs,13222.222222222223,6.67e+18
5871,Cu,13222.222222222223,6.67e+18
5872,Dy,13222.222222222223,6.67e+18
5873,Er,13222.222222222223,6.67e+18
5874,Eu,13222.222222222223,6.67e+18
5875,F,13222.222222222223,6.67e+18
5876,Fe,13222.222222222223,6.67e+18
5877,Fr,13222.222222222223,6.67e+18
5878,Ga,13222.222222222223,6.67e+18
5879,Gd,13222.222222222223,6.67e+18
5880,Ge,13222.222222222223,6.67e+18
5881,H,13222.222222222223,6.67e+18
5882,He,13222.222222222223,6.67e+18
5883,Hf,13222.222222222223,6.67e+18
5884,Hg,13222.222222222223,6.67e+18
5885,Ho,13222.222222222223,6.67e+18
5886,K,13222.222222222223,6.67e+18
5887,Kr,13222.222222222223,6.67e+18
5888,La,13222.222222222223,6.67e+18
5889,Li,13222.222222222223,6.67e+18
5890,Lu,13222.222222222223,6.67e+18
5891,Mg,13222.222222222223,6.67e+18
5892,Mn,13222.222222222223,6.67e+18
5893,Mo,13222.222222222223,6.67e+18
5894,N,13222.222222222223,6.67e+18
5895,Na,13222.222222222223,6.67e+18
5896,Nd,13222.222222222223,6.67e+18
5897,Ne,13222.222222222223,6.67e+18
5898,Ni,13222.222222222223,6.67e+18
5899,O,13222.222222222223,6.67e+18
5900,P,13222.222222222223,6.67e+18
5901,Pb,13222.222222222223,6.67e+18
5902,Pd,13222.222222222223,6.67e+18
5903,Pr,13222.222222222223,6.67e+18
5904,Pt,13222.222222222223,6.67e+18
5905,Ra,13222.222222222223,6.67e+18
5906,Rb,13222.222222222223,6.67e+18
5907,Rh,13222.222222222223,6.67e+18
5908,Ru,13222.222222222223,6.67e+18
5909,S,13222.222222222223,6.67e+18
5910,Sb,13222.222222222223,6.67e+18
5911,Sc,13222.222222222223,6.67e+18
5912,Si,13222.222222222223,6.67e+18
5913,Sm,13222.222222222223,6.67e+18
5914,Sn,13222.222222222223,6.67e+18
5915,Sr,13222.222222222223,6.67e+18
5916,Ta,13222.222222222223,6.67e+18
5917,Tb,13222.222222222223,6.67e+18
5918,Tc,13222.222222222223,6.67e+18
5919,Te,13222.222222222223,6.67e+18
5920,Ti,13222.222222222223,6.67e+18
5921,Tl,13222.222222222223,6.67e+18
5922,Tm,13222.222222222223,6.67e+18
5923,V,13222.222222222223,6.67e+18
5924,W,13222.222222222223,6.67e+18
5925,Xe,13222.222222222223,6.67e+18
5926,Y,13222.222222222223,6.67e+18
5927,Yb,13222.222222222223,6.67e+18
5928,Zn,13222.222222222223,6.67e+18
5929,Ac,13222.222222222223,7.78e+18
5930,Ag,13222.222222222223,7.78e+18
5931,Al,13222.222222222223,7.78e+18
5932,Ar,13222.222222222223,7.78e+18
5933,As,13222.222222222223,7.78e+18
5934,Au,13222.222222222223,7.78e+18
5935,B,13222.222222222223,7.78e+18
5936,Ba,13222.222222222223,7.78e+18
5937,Be,13222.222222222223,7.78e+18
5938,Bi,13222.222222222223,7.78e+18
5939,Br,13222.222222222223,7.78e+18
5940,C,13222.222222222223,7.78e+18
5941,Ca,13222.222222222223,7.78e+18
5942,Cd,13222.222222222223,7.78e+18
5943,Ce,13222.222222222223,7.78e+18
5944,Cl,13222.222222222223,7.78e+18
5945,Co,13222.222222222223,7.78e+18
5946,Cr,13222.222222222223,7.78e+18
5947,Cs,13222.222222222223,7.78e+18
5948,Cu,13222.222222222223,7.78e+18
5949,Dy,13222.222222222223,7.78e+18
5950,Er,13222.222222222223,7.78e+18
5951,Eu,13222.222222222223,7.78e+18
5952,F,13222.222222222223,7.78e+18
5953,Fe,13222.222222222223,7.78e+18
5954,Fr,13222.222222222223,7.78e+18
5955,Ga,13222.222222222223,7.78e+18
5956,Gd,13222.222222222223,7.78e+18
5957,Ge,13222.222222222223,7.78e+18
5958,H,13222.222222222223,7.78e+18
5959,He,13222.222222222223,7.78e+18
5960,Hf,13222.222222222223,7.78e+18
5961,Hg,13222.222222222223,7.78e+18
5962,Ho,13222.222222222223,7.78e+18
5963,K,13222.222222222223,7.78e+18
5964,Kr,13222.222222222223,7.78e+18
5965,La,13222.222222222223,7.78e+18
5966,Li,13222.222222222223,7.78e+18
5967,Lu,13222.222222222223,7.78e+18
5968,Mg,13222.222222222223,7.78e+18
5969,Mn,13222.222222222223,7.78e+18
5970,Mo,13222.222222222223,7.78e+18
5971,N,13222.222222222223,7.78e+18
5972,Na,13222.222222222223,7.78e+18
5973,Nd,13222.222222222223,7.78e+18
5974,Ne,13222.222222222223,7.78e+18
5975,Ni,13222.222222222223,7.78e+18
5976,O,13222.222222222223,7.78e+18
5977,P,13222.222222222223,7.78e+18
5978,Pb,13222.222222222223,7.78e+18
5979,Pd,13222.222222222223,7.78e+18
5980,Pr,13222.222222222223,7.78e+18
5981,Pt,13222.222222222223,7.78e+18
5982,Ra,13222.222222222223,7.78e+18
5983,Rb,13222.222222222223,7.78e+18
5984,Rh,13222.222222222223,7.78e+18
5985,Ru,13222.222222222223,7.78e+18
5986,S,13222.222222222223,7.78e+18
5987,Sb,13222.222222222223,7.78e+18
5988,Sc,13222.222222222223,7.78e+18
5989,Si,13222.222222222223,7.78e+18
5990,Sm,13222.222222222223,7.78e+18
5991,Sn,13222.222222222223,7.78e+18
5992,Sr,13222.222222222223,7.78e+18
5993,Ta,13222.222222222223,7.78e+18
5994,Tb,13222.222222222223,7.78e+18
5995,Tc,13222.222222222223,7.78e+18
5996,Te,13222.222222222223,7.78e+18
5997,Ti,13222.222222222223,7.78e+18
5998,Tl,13222.222222222223,7.78e+18
5999,Tm,13222.222222222223,7.78e+18
6000,V,13222.222222222223,7.78e+18
6001,W,13222.222222222223,7.78e+18
6002,Xe,13222.222222222223,7.78e+18
6003,Y,13222.222222222223,7.78e+18
6004,Yb,13222.222222222223,7.78e+18
6005,Zn,13222.222222222223,7.78e+18
6006,Ac,13222.222222222223,8.89e+18
6007,Ag,13222.222222222223,8.89e+18
6008,Al,13222.222222222223,8.89e+18
6009,Ar,13222.222222222223,8.89e+18
6010,As,13222.222222222223,8.89e+18
6011,Au,13222.222222222223,8.89e+18
6012,B,13222.222222222223,8.89e+18
6013,Ba,13222.222222222223,8.89e+18
6014,Be,13222.222222222223,8.89e+18
6015,Bi,13222.222222222223,8.89e+18
6016,Br,13222.222222222223,8.89e+18
6017,C,13222.222222222223,8.89e+18
6018,Ca,13222.222222222223,8.89e+18
6019,Cd,13222.222222222223,8.89e+18
6020,Ce,13222.222222222223,8.89e+18
6021,Cl,13222.222222222223,8.89e+18
6022,Co,13222.222222222223,8.89e+18
6023,Cr,13222.222222222223,8.89e+18
6024,Cs,13222.222222222223,8.89e+18
6025,Cu,13222.222222222223,8.89e+18
6026,Dy,13222.222222222223,8.89e+18
6027,Er,13222.222222222223,8.89e+18
6028,Eu,13222.222222222223,8.89e+18
6029,F,13222.222222222223,8.89e+18
6030,Fe,13222.222222222223,8.89e+18
6031,Fr,13222.222222222223,8.89e+18
6032,Ga,13222.222222222223,8.89e+18
6033,Gd,13222.222222222223,8.89e+18
6034,Ge,13222.222222222223,8.89e+18
6035,H,13222.222222222223,8.89e+18
6036,He,13222.222222222223,8.89e+18
6037,Hf,13222.222222222223,8.89e+18
6038,Hg,13222.222222222223,8.89e+18
6039,Ho,13222.222222222223,8.89e+18
6040,K,13222.222222222223,8.89e+18
6041,Kr,13222.222222222223,8.89e+18
6042,La,13222.222222222223,8.89e+18
6043,Li,13222.222222222223,8.89e+18
6044,Lu,13222.222222222223,8.89e+18
6045,Mg,13222.222222222223,8.89e+18
6046,Mn,13222.222222222223,8.89e+18
6047,Mo,13222.222222222223,8.89e+18
6048,N,13222.222222222223,8.89e+18
6049,Na,13222.222222222223,8.89e+18
6050,Nd,13222.222222222223,8.89e+18
6051,Ne,13222.222222222223,8.89e+18
6052,Ni,13222.222222222223,8.89e+18
6053,O,13222.222222222223,8.89e+18
6054,P,13222.222222222223,8.89e+18
6055,Pb,13222.222222222223,8.89e+18
6056,Pd,13222.222222222223,8.89e+18
6057,Pr,13222.222222222223,8.89e+18
6058,Pt,13222.222222222223,8.89e+18
6059,Ra,13222.222222222223,8.89e+18
6060,Rb,13222.222222222223,8.89e+18
6061,Rh,13222.222222222223,8.89e+18
6062,Ru,13222.222222222223,8.89e+18
6063,S,13222.222222222223,8.89e+18
6064,Sb,13222.222222222223,8.89e+18
6065,Sc,13222.222222222223,8.89e+18
6066,Si,13222.222222222223,8.89e+18
6067,Sm,13222.222222222223,8.89e+18
6068,Sn,13222.222222222223,8.89e+18
6069,Sr,13222.222222222223,8.89e+18
6070,Ta,13222.222222222223,8.89e+18
6071,Tb,13222.222222222223,8.89e+18
6072,Tc,13222.222222222223,8.89e+18
6073,Te,13222.222222222223,8.89e+18
6074,Ti,13222.222222222223,8.89e+18
6075,Tl,13222.222222222223,8.89e+18
6076,Tm,13222.222222222223,8.89e+18
6077,V,13222.222222222223,8.89e+18
6078,W,13222.222222222223,8.89e+18
6079,Xe,13222.222222222223,8.89e+18
6080,Y,13222.222222222223,8.89e+18
6081,Yb,13222.222222222223,8.89e+18
6082,Zn,13222.222222222223,8.89e+18
6083,Ac,13222.222222222223,1e+19
6084,Ag,13222.222222222223,1e+19
6085,Al,13222.222222222223,1e+19
6086,Ar,13222.222222222223,1e+19
6087,As,13222.222222222223,1e+19
6088,Au,13222.222222222223,1e+19
6089,B,13222.222222222223,1e+19
6090,Ba,13222.222222222223,1e+19
6091,Be,13222.222222222223,1e+19
6092,Bi,13222.222222222223,1e+19
6093,Br,13222.222222222223,1e+19
6094,C,13222.222222222223,1e+19
6095,Ca,13222.222222222223,1e+19
6096,Cd,13222.222222222223,1e+19
6097,Ce,13222.222222222223,1e+19
6098,Cl,13222.222222222223,1e+19
6099,Co,13222.222222222223,1e+19
6100,Cr,13222.222222222223,1e+19
6101,Cs,13222.222222222223,1e+19
6102,Cu,13222.222222222223,1e+19
6103,Dy,13222.222222222223,1e+19
6104,Er,13222.222222222223,1e+19
6105,Eu,13222.222222222223,1e+19
6106,F,13222.222222222223,1e+19
6107,Fe,13222.222222222223,1e+19
6108,Fr,13222.222222222223,1e+19
6109,Ga,13222.222222222223,1e+19
6110,Gd,13222.222222222223,1e+19
6111,Ge,13222.222222222223,1e+19
6112,H,13222.222222222223,1e+19
6113,He,13222.222222222223,1e+19
6114,Hf,13222.222222222223,1e+19
6115,Hg,13222.222222222223,1e+19
6116,Ho,13222.222222222223,1e+19
6117,K,13222.222222222223,1e+19
6118,Kr,13222.222222222223,1e+19
6119,La,13222.222222222223,1e+19
6120,Li,13222.222222222223,1e+19
6121,Lu,13222.222222222223,1e+19
6122,Mg,13222.222222222223,1e+19
6123,Mn,13222.222222222223,1e+19
6124,Mo,13222.222222222223,1e+19
6125,N,13222.222222222223,1e+19
6126,Na,13222.222222222223,1e+19
6127,Nd,13222.222222222223,1e+19
6128,Ne,13222.222222222223,1e+19
6129,Ni,13222.222222222223,1e+19
6130,O,13222.222222222223,1e+19
6131,P,13222.222222222223,1e+19
6132,Pb,13222.222222222223,1e+19
6133,Pd,13222.222222222223,1e+19
6134,Pr,13222.222222222223,1e+19
6135,Pt,13222.222222222223,1e+19
6136,Ra,13222.222222222223,1e+19
6137,Rb,13222.222222222223,1e+19
6138,Rh,13222.222222222223,1e+19
6139,Ru,13222.222222222223,1e+19
6140,S,13222.222222222223,1e+19
6141,Sb,13222.222222222223,1e+19
6142,Sc,13222.222222222223,1e+19
6143,Si,13222.222222222223,1e+19
6144,Sm,13222.222222222223,1e+19
6145,Sn,13222.222222222223,1e+19
6146,Sr,13222.222222222223,1e+19
6147,Ta,13222.222222222223,1e+19
6148,Tb,13222.222222222223,1e+19
6149,Tc,13222.222222222223,1e+19
6150,Te,13222.222222222223,1e+19
6151,Ti,13222.222222222223,1e+19
6152,Tl,13222.222222222223,1e+19
6153,Tm,13222.222222222223,1e+19
6154,V,13222.222222222223,1e+19
6155,W,13222.222222222223,1e+19
6156,Xe,13222.222222222223,1e+19
6157,Y,13222.222222222223,1e+19
6158,Yb,13222.222222222223,1e+19
6159,Zn,13222.222222222223,1e+19
6160,Ac,14111.111111111111,1e+16
6161,Ag,14111.111111111111,1e+16
6162,Al,14111.111111111111,1e+16
6163,Ar,14111.111111111111,1e+16
6164,As,14111.111111111111,1e+16
6165,Au,14111.111111111111,1e+16
6166,B,14111.111111111111,1e+16
6167,Ba,14111.111111111111,1e+16
6168,Be,14111.111111111111,1e+16
6169,Bi,14111.111111111111,1e+16
6170,Br,14111.111111111111,1e+16
6171,C,14111.111111111111,1e+16
6172,Ca,14111.111111111111,1e+16
6173,Cd,14111.111111111111,1e+16
6174,Ce,14111.111111111111,1e+16
6175,Cl,14111.111111111111,1e+16
6176,Co,14111.111111111111,1e+16
6177,Cr,14111.111111111111,1e+16
6178,Cs,14111.111111111111,1e+16
6179,Cu,14111.111111111111,1e+16
6180,Dy,14111.111111111111,1e+16
6181,Er,14111.111111111111,1e+16
6182,Eu,14111.111111111111,1e+16
6183,F,14111.111111111111,1e+16
6184,Fe,14111.111111111111,1e+16
6185,Fr,14111.111111111111,1e+16
6186,Ga,14111.111111111111,1e+16
6187,Gd,14111.111111111111,1e+16
6188,Ge,14111.111111111111,1e+16
6189,H,14111.111111111111,1e+16
6190,He,14111.111111111111,1e+16
6191,Hf,14111.111111111111,1e+16
6192,Hg,14111.111111111111,1e+16
6193,Ho,14111.111111111111,1e+16
6194,K,14111.111111111111,1e+16
6195,Kr,14111.111111111111,1e+16
6196,La,14111.111111111111,1e+16
6197,Li,14111.111111111111,1e+16
6198,Lu,14111.111111111111,1e+16
6199,Mg,14111.111111111111,1e+16
6200,Mn,14111.111111111111,1e+16
6201,Mo,14111.111111111111,1e+16
6202,N,14111.111111111111,1e+16
6203,Na,14111.111111111111,1e+16
6204,Nd,14111.111111111111,1e+16
6205,Ne,14111.111111111111,1e+16
6206,Ni,14111.111111111111,1e+16
6207,O,14111.111111111111,1e+16
6208,P,14111.111111111111,1e+16
6209,Pb,14111.111111111111,1e+16
6210,Pd,14111.111111111111,1e+16
6211,Pr,14111.111111111111,1e+16
6212,Pt,14111.111111111111,1e+16
6213,Ra,14111.111111111111,1e+16
6214,Rb,14111.111111111111,1e+16
6215,Rh,14111.111111111111,1e+16
6216,Ru,14111.111111111111,1e+16
6217,S,14111.111111111111,1e+16
6218,Sb,14111.111111111111,1e+16
6219,Sc,14111.111111111111,1e+16
6220,Si,14111.111111111111,1e+16
6221,Sm,14111.111111111111,1e+16
6222,Sn,14111.111111111111,1e+16
6223,Sr,14111.111111111111,1e+16
6224,Ta,14111.111111111111,1e+16
6225,Tb,14111.111111111111,1e+16
6226,Tc,14111.111111111111,1e+16
6227,Te,14111.111111111111,1e+16
6228,Ti,14111.111111111111,1e+16
6229,Tl,14111.111111111111,1e+16
6230,Tm,14111.111111111111,1e+16
6231,V,14111.111111111111,1e+16
6232,W,14111.111111111111,1e+16
6233,Xe,14111.111111111111,1e+16
6234,Y,14111.111111111111,1e+16
6235,Yb,14111.111111111111,1e+16
6236,Zn,14111.111111111111,1e+16
6237,Ac,14111.111111111111,1.12e+18
6238,Ag,14111.111111111111,1.12e+18
6239,Al,14111.111111111111,1.12e+18
6240,Ar,14111.111111111111,1.12e+18
6241,As,14111.111111111111,1.12e+18
6242,Au,14111.111111111111,1.12e+18
6243,B,14111.111111111111,1.12e+18
6244,Ba,14111.111111111111,1.12e+18
6245,Be,14111.111111111111,1.12e+18
6246,Bi,14111.111111111111,1.12e+18
6247,Br,14111.111111111111,1.12e+18
6248,C,14111.111111111111,1.12e+18
6249,Ca,14111.111111111111,1.12e+18
6250,Cd,14111.111111111111,1.12e+18
6251,Ce,14111.111111111111,1.12e+18
6252,Cl,14111.111111111111,1.12e+18
6253,Co,14111.111111111111,1.12e+18
6254,Cr,14111.111111111111,1.12e+18
6255,Cs,14111.111111111111,1.12e+18
6256,Cu,14111.111111111111,1.12e+18
6257,Dy,14111.111111111111,1.12e+18
6258,Er,14111.111111111111,1.12e+18
6259,Eu,14111.111111111111,1.12e+18
6260,F,14111.111111111111,1.12e+18
6261,Fe,14111.111111111111,1.12e+18
6262,Fr,14111.111111111111,1.12e+18
6263,Ga,14111.111111111111,1.12e+18
6264,Gd,14111.111111111111,1.12e+18
6265,Ge,14111.111111111111,1.12e+18
6266,H,14111.111111111111,1.12e+18
6267,He,14111.111111111111,1.12e+18
6268,Hf,14111.111111111111,1.12e+18
6269,Hg,14111.111111111111,1.12e+18
6270,Ho,14111.111111111111,1.12e+18
6271,K,14111.111111111111,1.12e+18
6272,Kr,14111.111111111111,1.12e+18
6273,La,14111.111111111111,1.12e+18
6274,Li,14111.111111111111,1.12e+18
6275,Lu,14111.111111111111,1.12e+18
6276,Mg,14111.111111111111,1.12e+18
6277,Mn,14111.111111111111,1.12e+18
6278,Mo,14111.111111111111,1.12e+18
6279,N,14111.111111111111,1.12e+18
6280,Na,14111.111111111111,1.12e+18
6281,Nd,14111.111111111111,1.12e+18
6282,Ne,14111.111111111111,1.12e+18
6283,Ni,14111.111111111111,1.12e+18
6284,O,14111.111111111111,1.12e+18
6285,P,14111.111111111111,1.12e+18
6286,Pb,14111.111111111111,1.12e+18
6287,Pd,14111.111111111111,1.12e+18
6288,Pr,14111.111111111111,1.12e+18
6289,Pt,14111.111111111111,1.12e+18
6290,Ra,14111.111111111111,1.12e+18
6291,Rb,14111.111111111111,1.12e+18
6292,Rh,14111.111111111111,1.12e+18
6293,Ru,14111.111111111111,1.12e+18
6294,S,14111.111111111111,1.12e+18
6295,Sb,14111.111111111111,1.12e+18
6296,Sc,14111.111111111111,1.12e+18
6297,Si,14111.111111111111,1.12e+18
6298,Sm,14111.111111111111,1.12e+18
6299,Sn,14111.111111111111,1.12e+18
6300,Sr,14111.111111111111,1.12e+18
6301,Ta,14111.111111111111,1.12e+18
6302,Tb,14111.111111111111,1.12e+18
6303,Tc,14111.111111111111,1.12e+18
6304,Te,14111.111111111111,1.12e+18
6305,Ti,14111.111111111111,1.12e+18
6306,Tl,14111.111111111111,1.12e+18
6307,Tm,14111.111111111111,1.12e+18
6308,V,14111.111111111111,1.12e+18
6309,W,14111.111111111111,1.12e+18
6310,Xe,14111.111111111111,1.12e+18
6311,Y,14111.111111111111,1.12e+18
6312,Yb,14111.111111111111,1.12e+18
6313,Zn,14111.111111111111,1.12e+18
6314,Ac,14111.111111111111,2.23e+18
6315,Ag,14111.111111111111,2.23e+18
6316,Al,14111.111111111111,2.23e+18
6317,Ar,14111.111111111111,2.23e+18
6318,As,14111.111111111111,2.23e+18
6319,Au,14111.111111111111,2.23e+18
6320,B,14111.111111111111,2.23e+18
6321,Ba,14111.111111111111,2.23e+18
6322,Be,14111.111111111111,2.23e+18
6323,Bi,14111.111111111111,2.23e+18
6324,Br,14111.111111111111,2.23e+18
6325,C,14111.111111111111,2.23e+18
6326,Ca,14111.111111111111,2.23e+18
6327,Cd,14111.111111111111,2.23e+18
6328,Ce,14111.111111111111,2.23e+18
6329,Cl,14111.111111111111,2.23e+18
6330,Co,14111.111111111111,2.23e+18
6331,Cr,14111.111111111111,2.23e+18
6332,Cs,14111.111111111111,2.23e+18
6333,Cu,14111.111111111111,2.23e+18
6334,Dy,14111.111111111111,2.23e+18
6335,Er,14111.111111111111,2.23e+18
6336,Eu,14111.111111111111,2.23e+18
6337,F,14111.111111111111,2.23e+18
6338,Fe,14111.111111111111,2.23e+18
6339,Fr,14111.111111111111,2.23e+18
6340,Ga,14111.111111111111,2.23e+18
6341,Gd,14111.111111111111,2.23e+18
6342,Ge,14111.111111111111,2.23e+18
6343,H,14111.111111111111,2.23e+18
6344,He,14111.111111111111,2.23e+18
6345,Hf,14111.111111111111,2.23e+18
6346,Hg,14111.111111111111,2.23e+18
6347,Ho,14111.111111111111,2.23e+18
6348,K,14111.111111111111,2.23e+18
6349,Kr,14111.111111111111,2.23e+18
6350,La,14111.111111111111,2.23e+18
6351,Li,14111.111111111111,2.23e+18
6352,Lu,14111.111111111111,2.23e+18
6353,Mg,14111.111111111111,2.23e+18
6354,Mn,14111.111111111111,2.23e+18
6355,Mo,14111.111111111111,2.23e+18
6356,N,14111.111111111111,2.23e+18
6357,Na,14111.111111111111,2.23e+18
6358,Nd,14111.111111111111,2.23e+18
6359,Ne,14111.111111111111,2.23e+18
6360,Ni,14111.111111111111,2.23e+18
6361,O,14111.111111111111,2.23e+18
6362,P,14111.111111111111,2.23e+18
6363,Pb,14111.111111111111,2.23e+18
6364,Pd,14111.111111111111,2.23e+18
6365,Pr,14111.111111111111,2.23e+18
6366,Pt,14111.111111111111,2.23e+18
6367,Ra,14111.111111111111,2.23e+18
6368,Rb,14111.111111111111,2.23e+18
6369,Rh,14111.111111111111,2.23e+18
6370,Ru,14111.111111111111,2.23e+18
6371,S,14111.111111111111,2.23e+18
6372,Sb,14111.111111111111,2.23e+18
6373,Sc,14111.111111111111,2.23e+18
6374,Si,14111.111111111111,2.23e+18
6375,Sm,14111.111111111111,2.23e+18
6376,Sn,14111.111111111111,2.23e+18
6377,Sr,14111.111111111111,2.23e+18
6378,Ta,14111.111111111111,2.23e+18
6379,Tb,14111.111111111111,2.23e+18
6380,Tc,14111.111111111111,2.23e+18
6381,Te,14111.111111111111,2.23e+18
6382,Ti,14111.111111111111,2.23e+18
6383,Tl,14111.111111111111,2.23e+18
6384,Tm,14111.111111111111,2.23e+18
6385,V,14111.111111111111,2.23e+18
6386,W,14111.111111111111,2.23e+18
6387,Xe,14111.111111111111,2.23e+18
6388,Y,14111.111111111111,2.23e+18
6389,Yb,14111.111111111111,2.23e+18
6390,Zn,14111.111111111111,2.23e+18
6391,Ac,14111.111111111111,3.34e+18
6392,Ag,14111.111111111111,3.34e+18
6393,Al,14111.111111111111,3.34e+18
6394,Ar,14111.111111111111,3.34e+18
6395,As,14111.111111111111,3.34e+18
6396,Au,14111.111111111111,3.34e+18
6397,B,14111.111111111111,3.34e+18
6398,Ba,14111.111111111111,3.34e+18
6399,Be,14111.111111111111,3.34e+18
6400,Bi,14111.111111111111,3.34e+18
6401,Br,14111.111111111111,3.34e+18
6402,C,14111.111111111111,3.34e+18
6403,Ca,14111.111111111111,3.34e+18
6404,Cd,14111.111111111111,3.34e+18
6405,Ce,14111.111111111111,3.34e+18
6406,Cl,14111.111111111111,3.34e+18
6407,Co,14111.111111111111,3.34e+18
6408,Cr,14111.111111111111,3.34e+18
6409,Cs,14111.111111111111,3.34e+18
6410,Cu,14111.111111111111,3.34e+18
6411,Dy,14111.111111111111,3.34e+18
6412,Er,14111.111111111111,3.34e+18
6413,Eu,14111.111111111111,3.34e+18
6414,F,14111.111111111111,3.34e+18
6415,Fe,14111.111111111111,3.34e+18
6416,Fr,14111.111111111111,3.34e+18
6417,Ga,14111.111111111111,3.34e+18
6418,Gd,14111.111111111111,3.34e+18
6419,Ge,14111.111111111111,3.34e+18
6420,H,14111.111111111111,3.34e+18
6421,He,14111.111111111111,3.34e+18
6422,Hf,14111.111111111111,3.34e+18
6423,Hg,14111.111111111111,3.34e+18
6424,Ho,14111.111111111111,3.34e+18
6425,K,14111.111111111111,3.34e+18
6426,Kr,14111.111111111111,3.34e+18
6427,La,14111.111111111111,3.34e+18
6428,Li,14111.111111111111,3.34e+18
6429,Lu,14111.111111111111,3.34e+18
6430,Mg,14111.111111111111,3.34e+18
6431,Mn,14111.111111111111,3.34e+18
6432,Mo,14111.111111111111,3.34e+18
6433,N,14111.111111111111,3.34e+18
6434,Na,14111.111111111111,3.34e+18
6435,Nd,14111.111111111111,3.34e+18
6436,Ne,14111.111111111111,3.34e+18
6437,Ni,14111.111111111111,3.34e+18
6438,O,14111.111111111111,3.34e+18
6439,P,14111.111111111111,3.34e+18
6440,Pb,14111.111111111111,3.34e+18
6441,Pd,14111.111111111111,3.34e+18
6442,Pr,14111.111111111111,3.34e+18
6443,Pt,14111.111111111111,3.34e+18
6444,Ra,14111.111111111111,3.34e+18
6445,Rb,14111.111111111111,3.34e+18
6446,Rh,14111.111111111111,3.34e+18
6447,Ru,14111.111111111111,3.34e+18
6448,S,14111.111111111111,3.34e+18
6449,Sb,14111.111111111111,3.34e+18
6450,Sc,14111.111111111111,3.34e+18
6451,Si,14111.111111111111,3.34e+18
6452,Sm,14111.111111111111,3.34e+18
6453,Sn,14111.111111111111,3.34e+18
6454,Sr,14111.111111111111,3.34e+18
6455,Ta,14111.111111111111,3.34e+18
6456,Tb,14111.111111111111,3.34e+18
6457,Tc,14111.111111111111,3.34e+18
6458,Te,14111.111111111111,3.34e+18
6459,Ti,14111.111111111111,3.34e+18
6460,Tl,14111.111111111111,3.34e+18
6461,Tm,14111.111111111111,3.34e+18
6462,V,14111.111111111111,3.34e+18
6463,W,14111.111111111111,3.34e+18
6464,Xe,14111.111111111111,3.34e+18
6465,Y,14111.111111111111,3.34e+18
6466,Yb,14111.111111111111,3.34e+18
6467,Zn,14111.111111111111,3.34e+18
6468,Ac,14111.111111111111,4.45e+18
6469,Ag,14111.111111111111,4.45e+18
6470,Al,14111.111111111111,4.45e+18
6471,Ar,14111.111111111111,4.45e+18
6472,As,14111.111111111111,4.45e+18
6473,Au,14111.111111111111,4.45e+18
6474,B,14111.111111111111,4.45e+18
6475,Ba,14111.111111111111,4.45e+18
6476,Be,14111.111111111111,4.45e+18
6477,Bi,14111.111111111111,4.45e+18
6478,Br,14111.111111111111,4.45e+18
6479,C,14111.111111111111,4.45e+18
6480,Ca,14111.111111111111,4.45e+18
6481,Cd,14111.111111111111,4.45e+18
6482,Ce,14111.111111111111,4.45e+18
6483,Cl,14111.111111111111,4.45e+18
6484,Co,14111.111111111111,4.45e+18
6485,Cr,14111.111111111111,4.45e+18
6486,Cs,14111.111111111111,4.45e+18
6487,Cu,14111.111111111111,4.45e+18
6488,Dy,14111.111111111111,4.45e+18
6489,Er,14111.111111111111,4.45e+18
6490,Eu,14111.111111111111,4.45e+18
6491,F,14111.111111111111,4.45e+18
6492,Fe,14111.111111111111,4.45e+18
6493,Fr,14111.111111111111,4.45e+18
6494,Ga,14111.111111111111,4.45e+18
6495,Gd,14111.111111111111,4.45e+18
6496,Ge,14111.111111111111,4.45e+18
6497,H,14111.111111111111,4.45e+18
6498,He,14111.111111111111,4.45e+18
6499,Hf,14111.111111111111,4.45e+18
6500,Hg,14111.111111111111,4.45e+18
6501,Ho,14111.111111111111,4.45e+18
6502,K,14111.111111111111,4.45e+18
6503,Kr,14111.111111111111,4.45e+18
6504,La,14111.111111111111,4.45e+18
6505,Li,14111.111111111111,4.45e+18
6506,Lu,14111.111111111111,4.45e+18
6507,Mg,14111.111111111111,4.45e+18
6508,Mn,14111.111111111111,4.45e+18
6509,Mo,14111.111111111111,4.45e+18
6510,N,14111.111111111111,4.45e+18
6511,Na,14111.111111111111,4.45e+18
6512,Nd,14111.111111111111,4.45e+18
6513,Ne,14111.111111111111,4.45e+18
6514,Ni,14111.111111111111,4.45e+18
6515,O,14111.111111111111,4.45e+18
6516,P,14111.111111111111,4.45e+18
6517,Pb,14111.111111111111,4.45e+18
6518,Pd,14111.111111111111,4.45e+18
6519,Pr,14111.111111111111,4.45e+18
6520,Pt,14111.111111111111,4.45e+18
6521,Ra,14111.111111111111,4.45e+18
6522,Rb,14111.111111111111,4.45e+18
6523,Rh,14111.111111111111,4.45e+18
6524,Ru,14111.111111111111,4.45e+18
6525,S,14111.111111111111,4.45e+18
6526,Sb,14111.111111111111,4.45e+18
6527,Sc,14111.111111111111,4.45e+18
6528,Si,14111.111111111111,4.45e+18
6529,Sm,14111.111111111111,4.45e+18
6530,Sn,14111.111111111111,4.45e+18
6531,Sr,14111.111111111111,4.45e+18
6532,Ta,14111.111111111111,4.45e+18
6533,Tb,14111.111111111111,4.45e+18
6534,Tc,14111.111111111111,4.45e+18
6535,Te,14111.111111111111,4.45e+18
6536,Ti,14111.111111111111,4.45e+18
6537,Tl,14111.111111111111,4.45e+18
6538,Tm,14111.111111111111,4.45e+18
6539,V,14111.111111111111,4.45e+18
6540,W,14111.111111111111,4.45e+18
6541,Xe,14111.111111111111,4.45e+18
6542,Y,14111.111111111111,4.45e+18
6543,Yb,14111.111111111111,4.45e+18
6544,Zn,14111.111111111111,4.45e+18
6545,Ac,14111.111111111111,5.56e+18
6546,Ag,14111.111111111111,5.56e+18
6547,Al,14111.111111111111,5.56e+18
6548,Ar,14111.111111111111,5.56e+18
6549,As,14111.111111111111,5.56e+18
6550,Au,14111.111111111111,5.56e+18
6551,B,14111.111111111111,5.56e+18
6552,Ba,14111.111111111111,5.56e+18
6553,Be,14111.111111111111,5.56e+18
6554,Bi,14111.111111111111,5.56e+18
6555,Br,14111.111111111111,5.56e+18
6556,C,14111.111111111111,5.56e+18
6557,Ca,14111.111111111111,5.56e+18
6558,Cd,14111.111111111111,5.56e+18
6559,Ce,14111.111111111111,5.56e+18
6560,Cl,14111.111111111111,5.56e+18
6561,Co,14111.111111111111,5.56e+18
6562,Cr,14111.111111111111,5.56e+18
6563,Cs,14111.111111111111,5.56e+18
6564,Cu,14111.111111111111,5.56e+18
6565,Dy,14111.111111111111,5.56e+18
6566,Er,14111.111111111111,5.56e+18
6567,Eu,14111.111111111111,5.56e+18
6568,F,14111.111111111111,5.56e+18
6569,Fe,14111.111111111111,5.56e+18
6570,Fr,14111.111111111111,5.56e+18
6571,Ga,14111.111111111111,5.56e+18
6572,Gd,14111.111111111111,5.56e+18
6573,Ge,14111.111111111111,5.56e+18
6574,H,14111.111111111111,5.56e+18
6575,He,14111.111111111111,5.56e+18
6576,Hf,14111.111111111111,5.56e+18
6577,Hg,14111.111111111111,5.56e+18
6578,Ho,14111.111111111111,5.56e+18
6579,K,14111.111111111111,5.56e+18
6580,Kr,14111.111111111111,5.56e+18
6581,La,14111.111111111111,5.56e+18
6582,Li,14111.111111111111,5.56e+18
6583,Lu,14111.111111111111,5.56e+18
6584,Mg,14111.111111111111,5.56e+18
6585,Mn,14111.111111111111,5.56e+18
6586,Mo,14111.111111111111,5.56e+18
6587,N,14111.111111111111,5.56e+18
6588,Na,14111.111111111111,5.56e+18
6589,Nd,14111.111111111111,5.56e+18
6590,Ne,14111.111111111111,5.56e+18
6591,Ni,14111.111111111111,5.56e+18
6592,O,14111.111111111111,5.56e+18
6593,P,14111.111111111111,5.56e+18
6594,Pb,14111.111111111111,5.56e+18
6595,Pd,14111.111111111111,5.56e+18
6596,Pr,14111.111111111111,5.56e+18
6597,Pt,14111.111111111111,5.56e+18
6598,Ra,14111.111111111111,5.56e+18
6599,Rb,14111.111111111111,5.56e+18
6600,Rh,14111.111111111111,5.56e+18
6601,Ru,14111.111111111111,5.56e+18
6602,S,14111.111111111111,5.56e+18
6603,Sb,14111.111111111111,5.56e+18
6604,Sc,14111.111111111111,5.56e+18
6605,Si,14111.111111111111,5.56e+18
6606,Sm,14111.111111111111,5.56e+18
6607,Sn,14111.111111111111,5.56e+18
6608,Sr,14111.111111111111,5.56e+18
6609,Ta,14111.111111111111,5.56e+18
6610,Tb,14111.111111111111,5.56e+18
6611,Tc,14111.111111111111,5.56e+18
6612,Te,14111.111111111111,5.56e+18
6613,Ti,14111.111111111111,5.56e+18
6614,Tl,14111.111111111111,5.56e+18
6615,Tm,14111.111111111111,5.56e+18
6616,V,14111.111111111111,5.56e+18
6617,W,14111.111111111111,5.56e+18
6618,Xe,14111.111111111111,5.56e+18
6619,Y,14111.111111111111,5.56e+18
6620,Yb,14111.111111111111,5.56e+18
6621,Zn,14111.111111111111,5.56e+18
6622,Ac,14111.111111111111,6.67e+18
6623,Ag,14111.111111111111,6.67e+18
6624,Al,14111.111111111111,6.67e+18
6625,Ar,14111.111111111111,6.67e+18
6626,As,14111.111111111111,6.67e+18
6627,Au,14111.111111111111,6.67e+18
6628,B,14111.111111111111,6.67e+18
6629,Ba,14111.111111111111,6.67e+18
6630,Be,14111.111111111111,6.67e+18
6631,Bi,14111.111111111111,6.67e+18
6632,Br,14111.111111111111,6.67e+18
6633,C,14111.111111111111,6.67e+18
6634,Ca,14111.111111111111,6.67e+18
6635,Cd,14111.111111111111,6.67e+18
6636,Ce,14111.111111111111,6.67e+18
6637,Cl,14111.111111111111,6.67e+18
6638,Co,14111.111111111111,6.67e+18
6639,Cr,14111.111111111111,6.67e+18
6640,Cs,14111.111111111111,6.67e+18
6641,Cu,14111.111111111111,6.67e+18
6642,Dy,14111.111111111111,6.67e+18
6643,Er,14111.111111111111,6.67e+18
6644,Eu,14111.111111111111,6.67e+18
6645,F,14111.111111111111,6.67e+18
6646,Fe,14111.111111111111,6.67e+18
6647,Fr,14111.111111111111,6.67e+18
6648,Ga,14111.111111111111,6.67e+18
6649,Gd,14111.111111111111,6.67e+18
6650,Ge,14111.111111111111,6.67e+18
6651,H,14111.111111111111,6.67e+18
6652,He,14111.111111111111,6.67e+18
6653,Hf,14111.111111111111,6.67e+18
6654,Hg,14111.111111111111,6.67e+18
6655,Ho,14111.111111111111,6.67e+18
6656,K,14111.111111111111,6.67e+18
6657,Kr,14111.111111111111,6.67e+18
6658,La,14111.111111111111,6.67e+18
6659,Li,14111.111111111111,6.67e+18
6660,Lu,14111.111111111111,6.67e+18
6661,Mg,14111.111111111111,6.67e+18
6662,Mn,14111.111111111111,6.67e+18
6663,Mo,14111.111111111111,6.67e+18
6664,N,14111.111111111111,6.67e+18
6665,Na,14111.111111111111,6.67e+18
6666,Nd,14111.111111111111,6.67e+18
6667,Ne,14111.111111111111,6.67e+18
6668,Ni,14111.111111111111,6.67e+18
6669,O,14111.111111111111,6.67e+18
6670,P,14111.111111111111,6.67e+18
6671,Pb,14111.111111111111,6.67e+18
6672,Pd,14111.111111111111,6.67e+18
6673,Pr,14111.111111111111,6.67e+18
6674,Pt,14111.111111111111,6.67e+18
6675,Ra,14111.111111111111,6.67e+18
6676,Rb,14111.111111111111,6.67e+18
6677,Rh,14111.111111111111,6.67e+18
6678,Ru,14111.111111111111,6.67e+18
6679,S,14111.111111111111,6.67e+18
6680,Sb,14111.111111111111,6.67e+18
6681,Sc,14111.111111111111,6.67e+18
6682,Si,14111.111111111111,6.67e+18
6683,Sm,14111.111111111111,6.67e+18
6684,Sn,14111.111111111111,6.67e+18
6685,Sr,14111.111111111111,6.67e+18
6686,Ta,14111.111111111111,6.67e+18
6687,Tb,14111.111111111111,6.67e+18
6688,Tc,14111.111111111111,6.67e+18
6689,Te,14111.111111111111,6.67e+18
6690,Ti,14111.111111111111,6.67e+18
6691,Tl,14111.111111111111,6.67e+18
6692,Tm,14111.111111111111,6.67e+18
6693,V,14111.111111111111,6.67e+18
6694,W,14111.111111111111,6.67e+18
6695,Xe,14111.111111111111,6.67e+18
6696,Y,14111.111111111111,6.67e+18
6697,Yb,14111.111111111111,6.67e+18
6698,Zn,14111.111111111111,6.67e+18
6699,Ac,14111.111111111111,7.78e+18
6700,Ag,14111.111111111111,7.78e+18
6701,Al,14111.111111111111,7.78e+18
6702,Ar,14111.111111111111,7.78e+18
6703,As,14111.111111111111,7.78e+18
6704,Au,14111.111111111111,7.78e+18
6705,B,14111.111111111111,7.78e+18
6706,Ba,14111.111111111111,7.78e+18
6707,Be,14111.111111111111,7.78e+18
6708,Bi,14111.111111111111,7.78e+18
6709,Br,14111.111111111111,7.78e+18
6710,C,14111.111111111111,7.78e+18
6711,Ca,14111.111111111111,7.78e+18
6712,Cd,14111.111111111111,7.78e+18
6713,Ce,14111.111111111111,7.78e+18
6714,Cl,14111.111111111111,7.78e+18
6715,Co,14111.111111111111,7.78e+18
6716,Cr,14111.111111111111,7.78e+18
6717,Cs,14111.111111111111,7.78e+18
6718,Cu,14111.111111111111,7.78e+18
6719,Dy,14111.111111111111,7.78e+18
6720,Er,14111.111111111111,7.78e+18
6721,Eu,14111.111111111111,7.78e+18
6722,F,14111.111111111111,7.78e+18
6723,Fe,14111.111111111111,7.78e+18
6724,Fr,14111.111111111111,7.78e+18
6725,Ga,14111.111111111111,7.78e+18
6726,Gd,14111.111111111111,7.78e+18
6727,Ge,14111.111111111111,7.78e+18
6728,H,14111.111111111111,7.78e+18
6729,He,14111.111111111111,7.78e+18
6730,Hf,14111.111111111111,7.78e+18
6731,Hg,14111.111111111111,7.78e+18
6732,Ho,14111.111111111111,7.78e+18
6733,K,14111.111111111111,7.78e+18
6734,Kr,14111.111111111111,7.78e+18
6735,La,14111.111111111111,7.78e+18
6736,Li,14111.111111111111,7.78e+18
6737,Lu,14111.111111111111,7.78e+18
6738,Mg,14111.111111111111,7.78e+18
6739,Mn,14111.111111111111,7.78e+18
6740,Mo,14111.111111111111,7.78e+18
6741,N,14111.111111111111,7.78e+18
6742,Na,14111.111111111111,7.78e+18
6743,Nd,14111.111111111111,7.78e+18
6744,Ne,14111.111111111111,7.78e+18
6745,Ni,14111.111111111111,7.78e+18
6746,O,14111.111111111111,7.78e+18
6747,P,14111.111111111111,7.78e+18
6748,Pb,14111.111111111111,7.78e+18
6749,Pd,14111.111111111111,7.78e+18
6750,Pr,14111.111111111111,7.78e+18
6751,Pt,14111.111111111111,7.78e+18
6752,Ra,14111.111111111111,7.78e+18
6753,Rb,14111.111111111111,7.78e+18
6754,Rh,14111.111111111111,7.78e+18
6755,Ru,14111.111111111111,7.78e+18
6756,S,14111.111111111111,7.78e+18
6757,Sb,14111.111111111111,7.78e+18
6758,Sc,14111.111111111111,7.78e+18
6759,Si,14111.111111111111,7.78e+18
6760,Sm,14111.111111111111,7.78e+18
6761,Sn,14111.111111111111,7.78e+18
6762,Sr,14111.111111111111,7.78e+18
6763,Ta,14111.111111111111,7.78e+18
6764,Tb,14111.111111111111,7.78e+18
6765,Tc,14111.111111111111,7.78e+18
6766,Te,14111.111111111111,7.78e+18
6767,Ti,14111.111111111111,7.78e+18
6768,Tl,14111.111111111111,7.78e+18
6769,Tm,14111.111111111111,7.78e+18
6770,V,14111.111111111111,7.78e+18
6771,W,14111.111111111111,7.78e+18
6772,Xe,14111.111111111111,7.78e+18
6773,Y,14111.111111111111,7.78e+18
6774,Yb,14111.111111111111,7.78e+18
6775,Zn,14111.111111111111,7.78e+18
6776,Ac,14111.111111111111,8.89e+18
6777,Ag,14111.111111111111,8.89e+18
6778,Al,14111.111111111111,8.89e+18
6779,Ar,14111.111111111111,8.89e+18
6780,As,14111.111111111111,8.89e+18
6781,Au,14111.111111111111,8.89e+18
6782,B,14111.111111111111,8.89e+18
6783,Ba,14111.111111111111,8.89e+18
6784,Be,14111.111111111111,8.89e+18
6785,Bi,14111.111111111111,8.89e+18
6786,Br,14111.111111111111,8.89e+18
6787,C,14111.111111111111,8.89e+18
6788,Ca,14111.111111111111,8.89e+18
6789,Cd,14111.111111111111,8.89e+18
6790,Ce,14111.111111111111,8.89e+18
6791,Cl,14111.111111111111,8.89e+18
6792,Co,14111.111111111111,8.89e+18
6793,Cr,14111.111111111111,8.89e+18
6794,Cs,14111.111111111111,8.89e+18
6795,Cu,14111.111111111111,8.89e+18
6796,Dy,14111.111111111111,8.89e+18
6797,Er,14111.111111111111,8.89e+18
6798,Eu,14111.111111111111,8.89e+18
6799,F,14111.111111111111,8.89e+18
6800,Fe,14111.111111111111,8.89e+18
6801,Fr,14111.111111111111,8.89e+18
6802,Ga,14111.111111111111,8.89e+18
6803,Gd,14111.111111111111,8.89e+18
6804,Ge,14111.111111111111,8.89e+18
6805,H,14111.111111111111,8.89e+18
6806,He,14111.111111111111,8.89e+18
6807,Hf,14111.111111111111,8.89e+18
6808,Hg,14111.111111111111,8.89e+18
6809,Ho,14111.111111111111,8.89e+18
6810,K,14111.111111111111,8.89e+18
6811,Kr,14111.111111111111,8.89e+18
6812,La,14111.111111111111,8.89e+18
6813,Li,14111.111111111111,8.89e+18
6814,Lu,14111.111111111111,8.89e+18
6815,Mg,14111.111111111111,8.89e+18
6816,Mn,14111.111111111111,8.89e+18
6817,Mo,14111.111111111111,8.89e+18
6818,N,14111.111111111111,8.89e+18
6819,Na,14111.111111111111,8.89e+18
6820,Nd,14111.111111111111,8.89e+18
6821,Ne,14111.111111111111,8.89e+18
6822,Ni,14111.111111111111,8.89e+18
6823,O,14111.111111111111,8.89e+18
6824,P,14111.111111111111,8.89e+18
6825,Pb,14111.111111111111,8.89e+18
6826,Pd,14111.111111111111,8.89e+18
6827,Pr,14111.111111111111,8.89e+18
6828,Pt,14111.111111111111,8.89e+18
6829,Ra,14111.111111111111,8.89e+18
6830,Rb,14111.111111111111,8.89e+18
6831,Rh,14111.111111111111,8.89e+18
6832,Ru,14111.111111111111,8.89e+18
6833,S,14111.111111111111,8.89e+18
6834,Sb,14111.111111111111,8.89e+18
6835,Sc,14111.111111111111,8.89e+18
6836,Si,14111.111111111111,8.89e+18
6837,Sm,14111.111111111111,8.89e+18
6838,Sn,14111.111111111111,8.89e+18
6839,Sr,14111.111111111111,8.89e+18
6840,Ta,14111.111111111111,8.89e+18
6841,Tb,14111.111111111111,8.89e+18
6842,Tc,14111.111111111111,8.89e+18
6843,Te,14111.111111111111,8.89e+18
6844,Ti,14111.111111111111,8.89e+18
6845,Tl,14111.111111111111,8.89e+18
6846,Tm,14111.111111111111,8.89e+18
6847,V,14111.111111111111,8.89e+18
6848,W,14111.111111111111,8.89e+18
6849,Xe,14111.111111111111,8.89e+18
6850,Y,14111.111111111111,8.89e+18
6851,Yb,14111.111111111111,8.89e+18
6852,Zn,14111.111111111111,8.89e+18
6853,Ac,14111.111111111111,1e+19
6854,Ag,14111.111111111111,1e+19
6855,Al,14111.111111111111,1e+19
6856,Ar,14111.111111111111,1e+19
6857,As,14111.111111111111,1e+19
6858,Au,14111.111111111111,1e+19
6859,B,14111.111111111111,1e+19
6860,Ba,14111.111111111111,1e+19
6861,Be,14111.111111111111,1e+19
6862,Bi,14111.111111111111,1e+19
6863,Br,14111.111111111111,1e+19
6864,C,14111.111111111111,1e+19
6865,Ca,14111.111111111111,1e+19
6866,Cd,14111.111111111111,1e+19
6867,Ce,14111.111111111111,1e+19
6868,Cl,14111.111111111111,1e+19
6869,Co,14111.111111111111,1e+19
6870,Cr,14111.111111111111,1e+19
6871,Cs,14111.111111111111,1e+19
6872,Cu,14111.111111111111,1e+19
6873,Dy,14111.111111111111,1e+19
6874,Er,14111.111111111111,1e+19
6875,Eu,14111.111111111111,1e+19
6876,F,14111.111111111111,1e+19
6877,Fe,14111.111111111111,1e+19
6878,Fr,14111.111111111111,1e+19
6879,Ga,14111.111111111111,1e+19
6880,Gd,14111.111111111111,1e+19
6881,Ge,14111.111111111111,1e+19
6882,H,14111.111111111111,1e+19
6883,He,14111.111111111111,1e+19
6884,Hf,14111.111111111111,1e+19
6885,Hg,14111.111111111111,1e+19
6886,Ho,14111.111111111111,1e+19
6887,K,14111.111111111111,1e+19
6888,Kr,14111.111111111111,1e+19
6889,La,14111.111111111111,1e+19
6890,Li,14111.111111111111,1e+19
6891,Lu,14111.111111111111,1e+19
6892,Mg,14111.111111111111,1e+19
6893,Mn,14111.111111111111,1e+19
6894,Mo,14111.111111111111,1e+19
6895,N,14111.111111111111,1e+19
6896,Na,14111.111111111111,1e+19
6897,Nd,14111.111111111111,1e+19
6898,Ne,14111.111111111111,1e+19
6899,Ni,14111.111111111111,1e+19
6900,O,14111.111111111111,1e+19
6901,P,14111.111111111111,1e+19
6902,Pb,14111.111111111111,1e+19
6903,Pd,14111.111111111111,1e+19
6904,Pr,14111.111111111111,1e+19
6905,Pt,14111.111111111111,1e+19
6906,Ra,14111.111111111111,1e+19
6907,Rb,14111.111111111111,1e+19
6908,Rh,14111.111111111111,1e+19
6909,Ru,14111.111111111111,1e+19
6910,S,14111.111111111111,1e+19
6911,Sb,14111.111111111111,1e+19
6912,Sc,14111.111111111111,1e+19
6913,Si,14111.111111111111,1e+19
6914,Sm,14111.111111111111,1e+19
6915,Sn,14111.111111111111,1e+19
6916,Sr,14111.111111111111,1e+19
6917,Ta,14111.111111111111,1e+19
6918,Tb,14111.111111111111,1e+19
6919,Tc,14111.111111111111,1e+19
6920,Te,14111.111111111111,1e+19
6921,Ti,14111.111111111111,1e+19
6922,Tl,14111.111111111111,1e+19
6923,Tm,14111.111111111111,1e+19
6924,V,14111.111111111111,1e+19
6925,W,14111.111111111111,1e+19
6926,Xe,14111.111111111111,1e+19
6927,Y,14111.111111111111,1e+19
6928,Yb,14111.111111111111,1e+19
6929,Zn,14111.111111111111,1e+19
6930,Ac,15000.0,1e+16
6931,Ag,15000.0,1e+16
6932,Al,15000.0,1e+16
6933,Ar,15000.0,1e+16
6934,As,15000.0,1e+16
6935,Au,15000.0,1e+16
6936,B,15000.0,1e+16
6937,Ba,15000.0,1e+16
6938,Be,15000.0,1e+16
6939,Bi,15000.0,1e+16
6940,Br,15000.0,1e+16
6941,C,15000.0,1e+16
6942,Ca,15000.0,1e+16
6943,Cd,15000.0,1e+16
6944,Ce,15000.0,1e+16
6945,Cl,15000.0,1e+16
6946,Co,15000.0,1e+16
6947,Cr,15000.0,1e+16
6948,Cs,15000.0,1e+16
6949,Cu,15000.0,1e+16
6950,Dy,15000.0,1e+16
6951,Er,15000.0,1e+16
6952,Eu,15000.0,1e+16
6953,F,15000.0,1e+16
6954,Fe,15000.0,1e+16
6955,Fr,15000.0,1e+16
6956,Ga,15000.0,1e+16
6957,Gd,15000.0,1e+16
6958,Ge,15000.0,1e+16
6959,H,15000.0,1e+16
6960,He,15000.0,1e+16
6961,Hf,15000.0,1e+16
6962,Hg,15000.0,1e+16
6963,Ho,15000.0,1e+16
6964,K,15000.0,1e+16
6965,Kr,15000.0,1e+16
6966,La,15000.0,1e+16
6967,Li,15000.0,1e+16
6968,Lu,15000.0,1e+16
6969,Mg,15000.0,1e+16
6970,Mn,15000.0,1e+16
6971,Mo,15000.0,1e+16
6972,N,15000.0,1e+16
6973,Na,15000.0,1e+16
6974,Nd,15000.0,1e+16
6975,Ne,15000.0,1e+16
6976,Ni,15000.0,1e+16
6977,O,15000.0,1e+16
6978,P,15000.0,1e+16
6979,Pb,15000.0,1e+16
6980,Pd,15000.0,1e+16
6981,Pr,15000.0,1e+16
6982,Pt,15000.0,1e+16
6983,Ra,15000.0,1e+16
6984,Rb,15000.0,1e+16
6985,Rh,15000.0,1e+16
6986,Ru,15000.0,1e+16
6987,S,15000.0,1e+16
6988,Sb,15000.0,1e+16
6989,Sc,15000.0,1e+16
6990,Si,15000.0,1e+16
6991,Sm,15000.0,1e+16
6992,Sn,15000.0,1e+16
6993,Sr,15000.0,1e+16
6994,Ta,15000.0,1e+16
6995,Tb,15000.0,1e+16
6996,Tc,15000.0,1e+16
6997,Te,15000.0,1e+16
6998,Ti,15000.0,1e+16
6999,Tl,15000.0,1e+16
7000,Tm,15000.0,1e+16
7001,V,15000.0,1e+16
7002,W,15000.0,1e+16
7003,Xe,15000.0,1e+16
7004,Y,15000.0,1e+16
7005,Yb,15000.0,1e+16
7006,Zn,15000.0,1e+16
7007,Ac,15000.0,1.12e+18
7008,Ag,15000.0,1.12e+18
7009,Al,15000.0,1.12e+18
7010,Ar,15000.0,1.12e+18
7011,As,15000.0,1.12e+18
7012,Au,15000.0,1.12e+18
7013,B,15000.0,1.12e+18
7014,Ba,15000.0,1.12e+18
7015,Be,15000.0,1.12e+18
7016,Bi,15000.0,1.12e+18
7017,Br,15000.0,1.12e+18
7018,C,15000.0,1.12e+18
7019,Ca,15000.0,1.12e+18
7020,Cd,15000.0,1.12e+18
7021,Ce,15000.0,1.12e+18
7022,Cl,15000.0,1.12e+18
7023,Co,15000.0,1.12e+18
7024,Cr,15000.0,1.12e+18
7025,Cs,15000.0,1.12e+18
7026,Cu,15000.0,1.12e+18
7027,Dy,15000.0,1.12e+18
7028,Er,15000.0,1.12e+18
7029,Eu,15000.0,1.12e+18
7030,F,15000.0,1.12e+18
7031,Fe,15000.0,1.12e+18
7032,Fr,15000.0,1.12e+18
7033,Ga,15000.0,1.12e+18
7034,Gd,15000.0,1.12e+18
7035,Ge,15000.0,1.12e+18
7036,H,15000.0,1.12e+18
7037,He,15000.0,1.12e+18
7038,Hf,15000.0,1.12e+18
7039,Hg,15000.0,1.12e+18
7040,Ho,15000.0,1.12e+18
7041,K,15000.0,1.12e+18
7042,Kr,15000.0,1.12e+18
7043,La,15000.0,1.12e+18
7044,Li,15000.0,1.12e+18
7045,Lu,15000.0,1.12e+18
7046,Mg,15000.0,1.12e+18
7047,Mn,15000.0,1.12e+18
7048,Mo,15000.0,1.12e+18
7049,N,15000.0,1.12e+18
7050,Na,15000.0,1.12e+18
7051,Nd,15000.0,1.12e+18
7052,Ne,15000.0,1.12e+18
7053,Ni,15000.0,1.12e+18
7054,O,15000.0,1.12e+18
7055,P,15000.0,1.12e+18
7056,Pb,15000.0,1.12e+18
7057,Pd,15000.0,1.12e+18
7058,Pr,15000.0,1.12e+18
7059,Pt,15000.0,1.12e+18
7060,Ra,15000.0,1.12e+18
7061,Rb,15000.0,1.12e+18
7062,Rh,15000.0,1.12e+18
7063,Ru,15000.0,1.12e+18
7064,S,15000.0,1.12e+18
7065,Sb,15000.0,1.12e+18
7066,Sc,15000.0,1.12e+18
7067,Si,15000.0,1.12e+18
7068,Sm,15000.0,1.12e+18
7069,Sn,15000.0,1.12e+18
7070,Sr,15000.0,1.12e+18
7071,Ta,15000.0,1.12e+18
7072,Tb,15000.0,1.12e+18
7073,Tc,15000.0,1.12e+18
7074,Te,15000.0,1.12e+18
7075,Ti,15000.0,1.12e+18
7076,Tl,15000.0,1.12e+18
7077,Tm,15000.0,1.12e+18
7078,V,15000.0,1.12e+18
7079,W,15000.0,1.12e+18
7080,Xe,15000.0,1.12e+18
7081,Y,15000.0,1.12e+18
7082,Yb,15000.0,1.12e+18
7083,Zn,15000.0,1.12e+18
7084,Ac,15000.0,2.23e+18
7085,Ag,15000.0,2.23e+18
7086,Al,15000.0,2.23e+18
7087,Ar,15000.0,2.23e+18
7088,As,15000.0,2.23e+18
7089,Au,15000.0,2.23e+18
7090,B,15000.0,2.23e+18
7091,Ba,15000.0,2.23e+18
7092,Be,15000.0,2.23e+18
7093,Bi,15000.0,2.23e+18
7094,Br,15000.0,2.23e+18
7095,C,15000.0,2.23e+18
7096,Ca,15000.0,2.23e+18
7097,Cd,15000.0,2.23e+18
7098,Ce,15000.0,2.23e+18
7099,Cl,15000.0,2.23e+18
7100,Co,15000.0,2.23e+18
7101,Cr,15000.0,2.23e+18
7102,Cs,15000.0,2.23e+18
7103,Cu,15000.0,2.23e+18
7104,Dy,15000.0,2.23e+18
7105,Er,15000.0,2.23e+18
7106,Eu,15000.0,2.23e+18
7107,F,15000.0,2.23e+18
7108,Fe,15000.0,2.23e+18
7109,Fr,15000.0,2.23e+18
7110,Ga,15000.0,2.23e+18
7111,Gd,15000.0,2.23e+18
7112,Ge,15000.0,2.23e+18
7113,H,15000.0,2.23e+18
7114,He,15000.0,2.23e+18
7115,Hf,15000.0,2.23e+18
7116,Hg,15000.0,2.23e+18
7117,Ho,15000.0,2.23e+18
7118,K,15000.0,2.23e+18
7119,Kr,15000.0,2.23e+18
7120,La,15000.0,2.23e+18
7121,Li,15000.0,2.23e+18
7122,Lu,15000.0,2.23e+18
7123,Mg,15000.0,2.23e+18
7124,Mn,15000.0,2.23e+18
7125,Mo,15000.0,2.23e+18
7126,N,15000.0,2.23e+18
7127,Na,15000.0,2.23e+18
7128,Nd,15000.0,2.23e+18
7129,Ne,15000.0,2.23e+18
7130,Ni,15000.0,2.23e+18
7131,O,15000.0,2.23e+18
7132,P,15000.0,2.23e+18
7133,Pb,15000.0,2.23e+18
7134,Pd,15000.0,2.23e+18
7135,Pr,15000.0,2.23e+18
7136,Pt,15000.0,2.23e+18
7137,Ra,15000.0,2.23e+18
7138,Rb,15000.0,2.23e+18
7139,Rh,15000.0,2.23e+18
7140,Ru,15000.0,2.23e+18
7141,S,15000.0,2.23e+18
7142,Sb,15000.0,2.23e+18
7143,Sc,15000.0,2.23e+18
7144,Si,15000.0,2.23e+18
7145,Sm,15000.0,2.23e+18
7146,Sn,15000.0,2.23e+18
7147,Sr,15000.0,2.23e+18
7148,Ta,15000.0,2.23e+18
7149,Tb,15000.0,2.23e+18
7150,Tc,15000.0,2.23e+18
7151,Te,15000.0,2.23e+18
7152,Ti,15000.0,2.23e+18
7153,Tl,15000.0,2.23e+18
7154,Tm,15000.0,2.23e+18
7155,V,15000.0,2.23e+18
7156,W,15000.0,2.23e+18
7157,Xe,15000.0,2.23e+18
7158,Y,15000.0,2.23e+18
7159,Yb,15000.0,2.23e+18
7160,Zn,15000.0,2.23e+18
7161,Ac,15000.0,3.34e+18
7162,Ag,15000.0,3.34e+18
7163,Al,15000.0,3.34e+18
7164,Ar,15000.0,3.34e+18
7165,As,15000.0,3.34e+18
7166,Au,15000.0,3.34e+18
7167,B,15000.0,3.34e+18
7168,Ba,15000.0,3.34e+18
7169,Be,15000.0,3.34e+18
7170,Bi,15000.0,3.34e+18
7171,Br,15000.0,3.34e+18
7172,C,15000.0,3.34e+18
7173,Ca,15000.0,3.34e+18
7174,Cd,15000.0,3.34e+18
7175,Ce,15000.0,3.34e+18
7176,Cl,15000.0,3.34e+18
7177,Co,15000.0,3.34e+18
7178,Cr,15000.0,3.34e+18
7179,Cs,15000.0,3.34e+18
7180,Cu,15000.0,3.34e+18
7181,Dy,15000.0,3.34e+18
7182,Er,15000.0,3.34e+18
7183,Eu,15000.0,3.34e+18
7184,F,15000.0,3.34e+18
7185,Fe,15000.0,3.34e+18
7186,Fr,15000.0,3.34e+18
7187,Ga,15000.0,3.34e+18
7188,Gd,15000.0,3.34e+18
7189,Ge,15000.0,3.34e+18
7190,H,15000.0,3.34e+18
7191,He,15000.0,3.34e+18
7192,Hf,15000.0,3.34e+18
7193,Hg,15000.0,3.34e+18
7194,Ho,15000.0,3.34e+18
7195,K,15000.0,3.34e+18
7196,Kr,15000.0,3.34e+18
7197,La,15000.0,3.34e+18
7198,Li,15000.0,3.34e+18
7199,Lu,15000.0,3.34e+18
7200,Mg,15000.0,3.34e+18
7201,Mn,15000.0,3.34e+18
7202,Mo,15000.0,3.34e+18
7203,N,15000.0,3.34e+18
7204,Na,15000.0,3.34e+18
7205,Nd,15000.0,3.34e+18
7206,Ne,15000.0,3.34e+18
7207,Ni,15000.0,3.34e+18
7208,O,15000.0,3.34e+18
7209,P,15000.0,3.34e+18
7210,Pb,15000.0,3.34e+18
7211,Pd,15000.0,3.34e+18
7212,Pr,15000.0,3.34e+18
7213,Pt,15000.0,3.34e+18
7214,Ra,15000.0,3.34e+18
7215,Rb,15000.0,3.34e+18
7216,Rh,15000.0,3.34e+18
7217,Ru,15000.0,3.34e+18
7218,S,15000.0,3.34e+18
7219,Sb,15000.0,3.34e+18
7220,Sc,15000.0,3.34e+18
7221,Si,15000.0,3.34e+18
7222,Sm,15000.0,3.34e+18
7223,Sn,15000.0,3.34e+18
7224,Sr,15000.0,3.34e+18
7225,Ta,15000.0,3.34e+18
7226,Tb,15000.0,3.34e+18
7227,Tc,15000.0,3.34e+18
7228,Te,15000.0,3.34e+18
7229,Ti,15000.0,3.34e+18
7230,Tl,15000.0,3.34e+18
7231,Tm,15000.0,3.34e+18
7232,V,15000.0,3.34e+18
7233,W,15000.0,3.34e+18
7234,Xe,15000.0,3.34e+18
7235,Y,15000.0,3.34e+18
7236,Yb,15000.0,3.34e+18
7237,Zn,15000.0,3.34e+18
7238,Ac,15000.0,4.45e+18
7239,Ag,15000.0,4.45e+18
7240,Al,15000.0,4.45e+18
7241,Ar,15000.0,4.45e+18
7242,As,15000.0,4.45e+18
7243,Au,15000.0,4.45e+18
7244,B,15000.0,4.45e+18
7245,Ba,15000.0,4.45e+18
7246,Be,15000.0,4.45e+18
7247,Bi,15000.0,4.45e+18
7248,Br,15000.0,4.45e+18
7249,C,15000.0,4.45e+18
7250,Ca,15000.0,4.45e+18
7251,Cd,15000.0,4.45e+18
7252,Ce,15000.0,4.45e+18
7253,Cl,15000.0,4.45e+18
7254,Co,15000.0,4.45e+18
7255,Cr,15000.0,4.45e+18
7256,Cs,15000.0,4.45e+18
7257,Cu,15000.0,4.45e+18
7258,Dy,15000.0,4.45e+18
7259,Er,15000.0,4.45e+18
7260,Eu,15000.0,4.45e+18
7261,F,15000.0,4.45e+18
7262,Fe,15000.0,4.45e+18
7263,Fr,15000.0,4.45e+18
7264,Ga,15000.0,4.45e+18
7265,Gd,15000.0,4.45e+18
7266,Ge,15000.0,4.45e+18
7267,H,15000.0,4.45e+18
7268,He,15000.0,4.45e+18
7269,Hf,15000.0,4.45e+18
7270,Hg,15000.0,4.45e+18
7271,Ho,15000.0,4.45e+18
7272,K,15000.0,4.45e+18
7273,Kr,15000.0,4.45e+18
7274,La,15000.0,4.45e+18
7275,Li,15000.0,4.45e+18
7276,Lu,15000.0,4.45e+18
7277,Mg,15000.0,4.45e+18
7278,Mn,15000.0,4.45e+18
7279,Mo,15000.0,4.45e+18
7280,N,15000.0,4.45e+18
7281,Na,15000.0,4.45e+18
7282,Nd,15000.0,4.45e+18
7283,Ne,15000.0,4.45e+18
7284,Ni,15000.0,4.45e+18
7285,O,15000.0,4.45e+18
7286,P,15000.0,4.45e+18
7287,Pb,15000.0,4.45e+18
7288,Pd,15000.0,4.45e+18
7289,Pr,15000.0,4.45e+18
7290,Pt,15000.0,4.45e+18
7291,Ra,15000.0,4.45e+18
7292,Rb,15000.0,4.45e+18
7293,Rh,15000.0,4.45e+18
7294,Ru,15000.0,4.45e+18
7295,S,15000.0,4.45e+18
7296,Sb,15000.0,4.45e+18
7297,Sc,15000.0,4.45e+18
7298,Si,15000.0,4.45e+18
7299,Sm,15000.0,4.45e+18
7300,Sn,15000.0,4.45e+18
7301,Sr,15000.0,4.45e+18
7302,Ta,15000.0,4.45e+18
7303,Tb,15000.0,4.45e+18
7304,Tc,15000.0,4.45e+18
7305,Te,15000.0,4.45e+18
7306,Ti,15000.0,4.45e+18
7307,Tl,15000.0,4.45e+18
7308,Tm,15000.0,4.45e+18
7309,V,15000.0,4.45e+18
7310,W,15000.0,4.45e+18
7311,Xe,15000.0,4.45e+18
7312,Y,15000.0,4.45e+18
7313,Yb,15000.0,4.45e+18
7314,Zn,15000.0,4.45e+18
7315,Ac,15000.0,5.56e+18
7316,Ag,15000.0,5.56e+18
7317,Al,15000.0,5.56e+18
7318,Ar,15000.0,5.56e+18
7319,As,15000.0,5.56e+18
7320,Au,15000.0,5.56e+18
7321,B,15000.0,5.56e+18
7322,Ba,15000.0,5.56e+18
7323,Be,15000.0,5.56e+18
7324,Bi,15000.0,5.56e+18
7325,Br,15000.0,5.56e+18
7326,C,15000.0,5.56e+18
7327,Ca,15000.0,5.56e+18
7328,Cd,15000.0,5.56e+18
7329,Ce,15000.0,5.56e+18
7330,Cl,15000.0,5.56e+18
7331,Co,15000.0,5.56e+18
7332,Cr,15000.0,5.56e+18
7333,Cs,15000.0,5.56e+18
7334,Cu,15000.0,5.56e+18
7335,Dy,15000.0,5.56e+18
7336,Er,15000.0,5.56e+18
7337,Eu,15000.0,5.56e+18
7338,F,15000.0,5.56e+18
7339,Fe,15000.0,5.56e+18
7340,Fr,15000.0,5.56e+18
7341,Ga,15000.0,5.56e+18
7342,Gd,15000.0,5.56e+18
7343,Ge,15000.0,5.56e+18
7344,H,15000.0,5.56e+18
7345,He,15000.0,5.56e+18
7346,Hf,15000.0,5.56e+18
7347,Hg,15000.0,5.56e+18
7348,Ho,15000.0,5.56e+18
7349,K,15000.0,5.56e+18
7350,Kr,15000.0,5.56e+18
7351,La,15000.0,5.56e+18
7352,Li,15000.0,5.56e+18
7353,Lu,15000.0,5.56e+18
7354,Mg,15000.0,5.56e+18
7355,Mn,15000.0,5.56e+18
7356,Mo,15000.0,5.56e+18
7357,N,15000.0,5.56e+18
7358,Na,15000.0,5.56e+18
7359,Nd,15000.0,5.56e+18
7360,Ne,15000.0,5.56e+18
7361,Ni,15000.0,5.56e+18
7362,O,15000.0,5.56e+18
7363,P,15000.0,5.56e+18
7364,Pb,15000.0,5.56e+18
7365,Pd,15000.0,5.56e+18
7366,Pr,15000.0,5.56e+18
7367,Pt,15000.0,5.56e+18
7368,Ra,15000.0,5.56e+18
7369,Rb,15000.0,5.56e+18
7370,Rh,15000.0,5.56e+18
7371,Ru,15000.0,5.56e+18
7372,S,15000.0,5.56e+18
7373,Sb,15000.0,5.56e+18
7374,Sc,15000.0,5.56e+18
7375,Si,15000.0,5.56e+18
7376,Sm,15000.0,5.56e+18
7377,Sn,15000.0,5.56e+18
7378,Sr,15000.0,5.56e+18
7379,Ta,15000.0,5.56e+18
7380,Tb,15000.0,5.56e+18
7381,Tc,15000.0,5.56e+18
7382,Te,15000.0,5.56e+18
7383,Ti,15000.0,5.56e+18
7384,Tl,15000.0,5.56e+18
7385,Tm,15000.0,5.56e+18
7386,V,15000.0,5.56e+18
7387,W,15000.0,5.56e+18
7388,Xe,15000.0,5.56e+18
7389,Y,15000.0,5.56e+18
7390,Yb,15000.0,5.56e+18
7391,Zn,15000.0,5.56e+18
7392,Ac,15000.0,6.67e+18
7393,Ag,15000.0,6.67e+18
7394,Al,15000.0,6.67e+18
7395,Ar,15000.0,6.67e+18
7396,As,15000.0,6.67e+18
7397,Au,15000.0,6.67e+18
7398,B,15000.0,6.67e+18
7399,Ba,15000.0,6.67e+18
7400,Be,15000.0,6.67e+18
7401,Bi,15000.0,6.67e+18
7402,Br,15000.0,6.67e+18
7403,C,15000.0,6.67e+18
7404,Ca,15000.0,6.67e+18
7405,Cd,15000.0,6.67e+18
7406,Ce,15000.0,6.67e+18
7407,Cl,15000.0,6.67e+18
7408,Co,15000.0,6.67e+18
7409,Cr,15000.0,6.67e+18
7410,Cs,15000.0,6.67e+18
7411,Cu,15000.0,6.67e+18
7412,Dy,15000.0,6.67e+18
7413,Er,15000.0,6.67e+18
7414,Eu,15000.0,6.67e+18
7415,F,15000.0,6.67e+18
7416,Fe,15000.0,6.67e+18
7417,Fr,15000.0,6.67e+18
7418,Ga,15000.0,6.67e+18
7419,Gd,15000.0,6.67e+18
7420,Ge,15000.0,6.67e+18
7421,H,15000.0,6.67e+18
7422,He,15000.0,6.67e+18
7423,Hf,15000.0,6.67e+18
7424,Hg,15000.0,6.67e+18
7425,Ho,15000.0,6.67e+18
7426,K,15000.0,6.67e+18
7427,Kr,15000.0,6.67e+18
7428,La,15000.0,6.67e+18
7429,Li,15000.0,6.67e+18
7430,Lu,15000.0,6.67e+18
7431,Mg,15000.0,6.67e+18
7432,Mn,15000.0,6.67e+18
7433,Mo,15000.0,6.67e+18
7434,N,15000.0,6.67e+18
7435,Na,15000.0,6.67e+18
7436,Nd,15000.0,6.67e+18
7437,Ne,15000.0,6.67e+18
7438,Ni,15000.0,6.67e+18
7439,O,15000.0,6.67e+18
7440,P,15000.0,6.67e+18
7441,Pb,15000.0,6.67e+18
7442,Pd,15000.0,6.67e+18
7443,Pr,15000.0,6.67e+18
7444,Pt,15000.0,6.67e+18
7445,Ra,15000.0,6.67e+18
7446,Rb,15000.0,6.67e+18
7447,Rh,15000.0,6.67e+18
7448,Ru,15000.0,6.67e+18
7449,S,15000.0,6.67e+18
7450,Sb,15000.0,6.67e+18
7451,Sc,15000.0,6.67e+18
7452,Si,15000.0,6.67e+18
7453,Sm,15000.0,6.67e+18
7454,Sn,15000.0,6.67e+18
7455,Sr,15000.0,6.67e+18
7456,Ta,15000.0,6.67e+18
7457,Tb,15000.0,6.67e+18
7458,Tc,15000.0,6.67e+18
7459,Te,15000.0,6.67e+18
7460,Ti,15000.0,6.67e+18
7461,Tl,15000.0,6.67e+18
7462,Tm,15000.0,6.67e+18
7463,V,15000.0,6.67e+18
7464,W,15000.0,6.67e+18
7465,Xe,15000.0,6.67e+18
7466,Y,15000.0,6.67e+18
7467,Yb,15000.0,6.67e+18
7468,Zn,15000.0,6.67e+18
7469,Ac,15000.0,7.78e+18
7470,Ag,15000.0,7.78e+18
7471,Al,15000.0,7.78e+18
7472,Ar,15000.0,7.78e+18
7473,As,15000.0,7.78e+18
7474,Au,15000.0,7.78e+18
7475,B,15000.0,7.78e+18
7476,Ba,15000.0,7.78e+18
7477,Be,15000.0,7.78e+18
7478,Bi,15000.0,7.78e+18
7479,Br,15000.0,7.78e+18
7480,C,15000.0,7.78e+18
7481,Ca,15000.0,7.78e+18
7482,Cd,15000.0,7.78e+18
7483,Ce,15000.0,7.78e+18
7484,Cl,15000.0,7.78e+18
7485,Co,15000.0,7.78e+18
7486,Cr,15000.0,7.78e+18
7487,Cs,15000.0,7.78e+18
7488,Cu,15000.0,7.78e+18
7489,Dy,15000.0,7.78e+18
7490,Er,15000.0,7.78e+18
7491,Eu,15000.0,7.78e+18
7492,F,15000.0,7.78e+18
7493,Fe,15000.0,7.78e+18
7494,Fr,15000.0,7.78e+18
7495,Ga,15000.0,7.78e+18
7496,Gd,15000.0,7.78e+18
7497,Ge,15000.0,7.78e+18
7498,H,15000.0,7.78e+18
7499,He,15000.0,7.78e+18
7500,Hf,15000.0,7.78e+18
7501,Hg,15000.0,7.78e+18
7502,Ho,15000.0,7.78e+18
7503,K,15000.0,7.78e+18
7504,Kr,15000.0,7.78e+18
7505,La,15000.0,7.78e+18
7506,Li,15000.0,7.78e+18
7507,Lu,15000.0,7.78e+18
7508,Mg,15000.0,7.78e+18
7509,Mn,15000.0,7.78e+18
7510,Mo,15000.0,7.78e+18
7511,N,15000.0,7.78e+18
7512,Na,15000.0,7.78e+18
7513,Nd,15000.0,7.78e+18
7514,Ne,15000.0,7.78e+18
7515,Ni,15000.0,7.78e+18
7516,O,15000.0,7.78e+18
7517,P,15000.0,7.78e+18
7518,Pb,15000.0,7.78e+18
7519,Pd,15000.0,7.78e+18
7520,Pr,15000.0,7.78e+18
7521,Pt,15000.0,7.78e+18
7522,Ra,15000.0,7.78e+18
7523,Rb,15000.0,7.78e+18
7524,Rh,15000.0,7.78e+18
7525,Ru,15000.0,7.78e+18
7526,S,15000.0,7.78e+18
7527,Sb,15000.0,7.78e+18
7528,Sc,15000.0,7.78e+18
7529,Si,15000.0,7.78e+18
7530,Sm,15000.0,7.78e+18
7531,Sn,15000.0,7.78e+18
7532,Sr,15000.0,7.78e+18
7533,Ta,15000.0,7.78e+18
7534,Tb,15000.0,7.78e+18
7535,Tc,15000.0,7.78e+18
7536,Te,15000.0,7.78e+18
7537,Ti,15000.0,7.78e+18
7538,Tl,15000.0,7.78e+18
7539,Tm,15000.0,7.78e+18
7540,V,15000.0,7.78e+18
7541,W,15000.0,7.78e+18
7542,Xe,15000.0,7.78e+18
7543,Y,15000.0,7.78e+18
7544,Yb,15000.0,7.78e+18
7545,Zn,15000.0,7.78e+18
7546,Ac,15000.0,8.89e+18
7547,Ag,15000.0,8.89e+18
7548,Al,15000.0,8.89e+18
7549,Ar,15000.0,8.89e+18
7550,As,15000.0,8.89e+18
7551,Au,15000.0,8.89e+18
7552,B,15000.0,8.89e+18
7553,Ba,15000.0,8.89e+18
7554,Be,15000.0,8.89e+18
7555,Bi,15000.0,8.89e+18
7556,Br,15000.0,8.89e+18
7557,C,15000.0,8.89e+18
7558,Ca,15000.0,8.89e+18
7559,Cd,15000.0,8.89e+18
7560,Ce,15000.0,8.89e+18
7561,Cl,15000.0,8.89e+18
7562,Co,15000.0,8.89e+18
7563,Cr,15000.0,8.89e+18
7564,Cs,15000.0,8.89e+18
7565,Cu,15000.0,8.89e+18
7566,Dy,15000.0,8.89e+18
7567,Er,15000.0,8.89e+18
7568,Eu,15000.0,8.89e+18
7569,F,15000.0,8.89e+18
7570,Fe,15000.0,8.89e+18
7571,Fr,15000.0,8.89e+18
7572,Ga,15000.0,8.89e+18
7573,Gd,15000.0,8.89e+18
7574,Ge,15000.0,8.89e+18
7575,H,15000.0,8.89e+18
7576,He,15000.0,8.89e+18
7577,Hf,15000.0,8.89e+18
7578,Hg,15000.0,8.89e+18
7579,Ho,15000.0,8.89e+18
7580,K,15000.0,8.89e+18
7581,Kr,15000.0,8.89e+18
7582,La,15000.0,8.89e+18
7583,Li,15000.0,8.89e+18
7584,Lu,15000.0,8.89e+18
7585,Mg,15000.0,8.89e+18
7586,Mn,15000.0,8.89e+18
7587,Mo,15000.0,8.89e+18
7588,N,15000.0,8.89e+18
7589,Na,15000.0,8.89e+18
7590,Nd,15000.0,8.89e+18
7591,Ne,15000.0,8.89e+18
7592,Ni,15000.0,8.89e+18
7593,O,15000.0,8.89e+18
7594,P,15000.0,8.89e+18
7595,Pb,15000.0,8.89e+18
7596,Pd,15000.0,8.89e+18
7597,Pr,15000.0,8.89e+18
7598,Pt,15000.0,8.89e+18
7599,Ra,15000.0,8.89e+18
7600,Rb,15000.0,8.89e+18
7601,Rh,15000.0,8.89e+18
7602,Ru,15000.0,8.89e+18
7603,S,15000.0,8.89e+18
7604,Sb,15000.0,8.89e+18
7605,Sc,15000.0,8.89e+18
7606,Si,15000.0,8.89e+18
7607,Sm,15000.0,8.89e+18
7608,Sn,15000.0,8.89e+18
7609,Sr,15000.0,8.89e+18
7610,Ta,15000.0,8.89e+18
7611,Tb,15000.0,8.89e+18
7612,Tc,15000.0,8.89e+18
7613,Te,15000.0,8.89e+18
7614,Ti,15000.0,8.89e+18
7615,Tl,15000.0,8.89e+18
7616,Tm,15000.0,8.89e+18
7617,V,15000.0,8.89e+18
7618,W,15000.0,8.89e+18
7619,Xe,15000.0,8.89e+18
7620,Y,15000.0,8.89e+18
7621,Yb,15000.0,8.89e+18
7622,Zn,15000.0,8.89e+18
7623,Ac,15000.0,1e+19
7624,Ag,15000.0,1e+19
7625,Al,15000.0,1e+19
7626,Ar,15000.0,1e+19
7627,As,15000.0,1e+19
7628,Au,15000.0,1e+19
7629,B,15000.0,1e+19
7630,Ba,15000.0,1e+19
7631,Be,15000.0,1e+19
7632,Bi,15000.0,1e+19
7633,Br,15000.0,1e+19
7634,C,15000.0,1e+19
7635,Ca,15000.0,1e+19
7636,Cd,15000.0,1e+19
7637,Ce,15000.0,1e+19
7638,Cl,15000.0,1e+19
7639,Co,15000.0,1e+19
7640,Cr,15000.0,1e+19
7641,Cs,15000.0,1e+19
7642,Cu,15000.0,1e+19
7643,Dy,15000.0,1e+19
7644,Er,15000.0,1e+19
7645,Eu,15000.0,1e+19
7646,F,15000.0,1e+19
7647,Fe,15000.0,1e+19
7648,Fr,15000.0,1e+19
7649,Ga,15000.0,1e+19
7650,Gd,15000.0,1e+19
7651,Ge,15000.0,1e+19
7652,H,15000.0,1e+19
7653,He,15000.0,1e+19
7654,Hf,15000.0,1e+19
7655,Hg,15000.0,1e+19
7656,Ho,15000.0,1e+19
7657,K,15000.0,1e+19
7658,Kr,15000.0,1e+19
7659,La,15000.0,1e+19
7660,Li,15000.0,1e+19
7661,Lu,15000.0,1e+19
7662,Mg,15000.0,1e+19
7663,Mn,15000.0,1e+19
7664,Mo,15000.0,1e+19
7665,N,15000.0,1e+19
7666,Na,15000.0,1e+19
7667,Nd,15000.0,1e+19
7668,Ne,15000.0,1e+19
7669,Ni,15000.0,1e+19
7670,O,15000.0,1e+19
7671,P,15000.0,1e+19
7672,Pb,15000.0,1e+19
7673,Pd,15000.0,1e+19
7674,Pr,15000.0,1e+19
7675,Pt,15000.0,1e+19
7676,Ra,15000.0,1e+19
7677,Rb,15000.0,1e+19
7678,Rh,15000.0,1e+19
7679,Ru,15000.0,1e+19
7680,S,15000.0,1e+19
7681,Sb,15000.0,1e+19
7682,Sc,15000.0,1e+19
7683,Si,15000.0,1e+19
7684,Sm,15000.0,1e+19
7685,Sn,15000.0,1e+19
7686,Sr,15000.0,1e+19
7687,Ta,15000.0,1e+19
7688,Tb,15000.0,1e+19
7689,Tc,15000.0,1e+19
7690,Te,15000.0,1e+19
7691,Ti,15000.0,1e+19
7692,Tl,15000.0,1e+19
7693,Tm,15000.0,1e+19
7694,V,15000.0,1e+19
7695,W,15000.0,1e+19
7696,Xe,15000.0,1e+19
7697,Y,15000.0,1e+19
7698,Yb,15000.0,1e+19
7699,Zn,15000.0,1e+19
